App,as_app_id,as_title,as_store,as_genres,as_primary_genre,as_content_rating,as_size,as_required_os_version,as_released,as_updated,as_version,as_price,as_free,as_score,as_reviews,as_current_version_score,as_current_version_reviews
"Meet, chat & date. Free dating app - Chocolate app",1571274697,Kismia Dating - Meet Singles,apple,"Lifestyle, Social Networking",Lifestyle,17+,195439616,16.0,2021-08-12T07:00:00Z,2025-09-20T04:16:42Z,1.9.21,0.0,True,4.49748,87905,4.49748,87905
Transenger – Ts Dating and Chat for Free,1282966364,Taimi LGBTQ+ Dating & Chat App,apple,"Social Networking, Lifestyle",Social Networking,17+,150033408,13.4,2017-09-18T08:46:48Z,2025-09-25T07:29:45Z,5.1.368,0.0,True,4.42236,173164,4.42236,173164
O-Star,1264782561,Co–Star Personalized Astrology,apple,"Lifestyle, Social Networking",Lifestyle,4+,435125248,17.0,2017-10-05T21:33:24Z,2025-09-23T18:00:35Z,5.08,0.0,True,4.79684,203578,4.79684,203578
Free Cam Girls - Live Webcam,1164464478,iVCam Webcam,apple,"Utilities, Photo & Video",Utilities,4+,19569664,11.0,2016-11-15T20:27:53Z,2025-04-23T14:24:02Z,7.3.0,0.0,True,4.25753,14371,4.25753,14371
Cardi B Live Stream Video Chat - Prank,912561374,Marco Polo - Video Messenger,apple,"Social Networking, Photo & Video",Social Networking,4+,221199360,16.0,2014-10-07T17:26:47Z,2025-09-22T18:31:27Z,0.1543.0,0.0,True,4.76344,2128693,4.76344,2128693
Live Girls Talk - Free Video Chat,627958823,JusTalk - Video Chat & Calls,apple,"Social Networking, Utilities",Social Networking,12+,270980096,12.0,2013-04-05T21:29:48Z,2025-09-23T13:29:02Z,8.9.18,0.0,True,4.41916,64916,4.41916,64916
Live Talk - Free Text and Video Chat,627958823,JusTalk - Video Chat & Calls,apple,"Social Networking, Utilities",Social Networking,12+,270980096,12.0,2013-04-05T21:29:48Z,2025-09-23T13:29:02Z,8.9.18,0.0,True,4.41916,64916,4.41916,64916
Chat Kids - Chat Room For Kids,1285713171,Messenger Kids,apple,"Social Networking, Photo & Video",Social Networking,4+,164257792,15.1,2017-12-04T13:01:08Z,2025-09-10T20:07:46Z,297.0,0.0,True,4.25704,107108,4.25704,107108
Girls Live Chat - Free Text & Video Chat,627958823,JusTalk - Video Chat & Calls,apple,"Social Networking, Utilities",Social Networking,12+,270980096,12.0,2013-04-05T21:29:48Z,2025-09-23T13:29:02Z,8.9.18,0.0,True,4.41916,64916,4.41916,64916
Random Video Chat,6742767989,Lazzi: Video & Private Chat,apple,Social Networking,Social Networking,17+,18920448,13,2025-06-03T07:00:00Z,2025-06-03T07:00:00Z,1.0.4,0.0,True,4.86383,235,4.86383,235
MouseMingle,1244530067,Mouse Simulator : Family,apple,"Games, Simulation",Games,9+,138927104,9.0,2017-06-14T17:59:53Z,2019-12-22T18:23:23Z,1.09,0.0,True,4.42133,1538,4.42133,1538
American Girls Mobile Numbers,318698524,Google Voice,apple,Productivity,Productivity,4+,176322560,18.0,2010-11-16T19:14:42Z,2025-09-19T18:26:55Z,25.37,0.0,True,4.30327,60790,4.30327,60790
Random Video Chat App With Strangers,1506577189,Gaze: Live Video Chat App,apple,"Social Networking, Entertainment",Social Networking,17+,68923392,13.0,2020-05-02T07:00:00Z,2025-04-05T00:11:09Z,1.11.1,0.0,True,4.42429,19696,4.42429,19696
FREE VIDEO CHAT - LIVE VIDEO AND TEXT CHAT,627958823,JusTalk - Video Chat & Calls,apple,"Social Networking, Utilities",Social Networking,12+,270980096,12.0,2013-04-05T21:29:48Z,2025-09-23T13:29:02Z,8.9.18,0.0,True,4.41916,64916,4.41916,64916
Awake Dating,389638243,Plenty of Fish : Dating App,apple,"Social Networking, Lifestyle",Social Networking,17+,91314176,17.0,2010-09-17T02:54:10Z,2025-09-19T16:38:53Z,27.00,0.0,True,4.28081,1788466,4.28081,1788466
Live Chat - Free Video Chat Rooms,627958823,JusTalk - Video Chat & Calls,apple,"Social Networking, Utilities",Social Networking,12+,270980096,12.0,2013-04-05T21:29:48Z,2025-09-23T13:29:02Z,8.9.18,0.0,True,4.41916,64916,4.41916,64916
Meet With Strangers: Video Chat & Dating,358899126,Tagged Dating: Chat & Go Live!,apple,"Social Networking, Lifestyle",Social Networking,17+,315591680,15.0,2010-03-17T23:54:55Z,2025-09-24T08:17:58Z,210.0,0.0,True,4.48784,460181,4.48784,460181
FREE LIVE TALK,1077137248,"BIGO LIVE-Live Stream, Go Live",apple,"Social Networking, Entertainment",Social Networking,17+,246636544,13.0,2016-03-12T00:35:29Z,2025-09-24T01:52:17Z,6.37.1,0.0,True,4.46319,202107,4.46319,202107
Random Chat App with Strangers,6480405757,Spark: Anonymous Chat,apple,Lifestyle,Lifestyle,17+,270938112,16.0,2024-04-28T07:00:00Z,2025-09-22T23:50:50Z,2.2.4,0.0,True,4.81475,4718,4.81475,4718
Ost. Zombies Cast - New Music and Lyrics,1452474937,State of Survival: Zombie War,apple,"Games, Role Playing, Strategy",Games,12+,804845568,13.0,2019-08-30T05:20:32Z,2025-09-24T09:35:17Z,1.24.600,0.0,True,4.64545,380800,4.64545,380800
Dating White Girls,1494548587,BlackGentry: Black Dating App,apple,"Social Networking, Lifestyle",Social Networking,17+,55560192,13.0,2020-05-21T07:00:00Z,2025-09-24T18:00:38Z,3.30.68,0.0,True,4.71508,22866,4.71508,22866
Live Chat - Free Video Talk,627958823,JusTalk - Video Chat & Calls,apple,"Social Networking, Utilities",Social Networking,12+,270980096,12.0,2013-04-05T21:29:48Z,2025-09-23T13:29:02Z,8.9.18,0.0,True,4.41916,64916,4.41916,64916
Geeks Dating,1498407272,Boo — Dating. Friends. Chat.,apple,"Social Networking, Lifestyle",Social Networking,17+,179206144,15.5,2020-02-22T08:00:00Z,2025-09-18T13:49:24Z,1.13.96,0.0,True,4.19036,167826,4.19036,167826
Live chat - free video chat,627958823,JusTalk - Video Chat & Calls,apple,"Social Networking, Utilities",Social Networking,12+,270980096,12.0,2013-04-05T21:29:48Z,2025-09-23T13:29:02Z,8.9.18,0.0,True,4.41916,64916,4.41916,64916
House party - live chat,1503133294,Clubhouse,apple,News,News,12+,286956544,16.0,2020-09-14T07:00:00Z,2025-09-24T19:28:33Z,25.09.23,0.0,True,4.77508,781795,4.77508,781795
Fishing Brain & Boating Maps Marine,994992062,i-Boating: Marine Charts & Gps,apple,"Navigation, Travel",Navigation,4+,50864128,12.0,2015-05-30T15:00:33Z,2025-09-15T14:32:59Z,161.0.0,0.0,True,4.51175,13573,4.51175,13573
CAM5678 Video Chat,912561374,Marco Polo - Video Messenger,apple,"Social Networking, Photo & Video",Social Networking,4+,221199360,16.0,2014-10-07T17:26:47Z,2025-09-22T18:31:27Z,0.1543.0,0.0,True,4.76344,2128693,4.76344,2128693
Video chat live advices,1598551382,TopLive - Live Video Chat App,apple,Social Networking,Social Networking,17+,178606080,15.0,2022-10-05T07:00:00Z,2025-09-18T07:03:21Z,1.3.8,0.0,True,4.55283,13827,4.55283,13827
chat live chat,1506577189,Gaze: Live Video Chat App,apple,"Social Networking, Entertainment",Social Networking,17+,68923392,13.0,2020-05-02T07:00:00Z,2025-04-05T00:11:09Z,1.11.1,0.0,True,4.42429,19696,4.42429,19696
Pet Lovers Dating,1523043155,Fetchadate,apple,"Social Networking, Lifestyle",Social Networking,17+,93873152,13.4,2020-12-10T08:00:00Z,2025-05-28T10:27:27Z,2.2.1,0.0,True,3.36842,19,3.36842,19
Friend Find: free chat + flirt dating app,1571274697,Kismia Dating - Meet Singles,apple,"Lifestyle, Social Networking",Lifestyle,17+,195439616,16.0,2021-08-12T07:00:00Z,2025-09-20T04:16:42Z,1.9.21,0.0,True,4.49748,87905,4.49748,87905
Latin Dating,1289684085,Chispa: Dating App for Latinos,apple,"Social Networking, Lifestyle",Social Networking,17+,250543104,16.0,2017-11-16T18:22:40Z,2025-09-17T14:04:19Z,11.11.1,0.0,True,4.53322,352302,4.53322,352302
Spine- The dating app,601174087,DOWN: The Casual Dating App,apple,"Lifestyle, Social Networking",Lifestyle,17+,193944576,16.0,2013-05-01T06:03:46Z,2025-09-24T02:02:41Z,67.3,0.0,True,4.29631,103789,4.29631,103789
Online Chat Girls Meet,972558973,"Azar: Video Chat, Meet Friends",apple,Social Networking,Social Networking,17+,225472512,15.0,2015-06-11T07:57:33Z,2025-09-16T03:06:50Z,6.15.1,0.0,True,4.34426,101763,4.34426,101763
Wifi Mingle,1023499075,eero wifi system,apple,"Lifestyle, Utilities",Lifestyle,4+,125650944,15.0,2016-02-23T02:16:07Z,2025-09-25T23:59:14Z,6.61.1,0.0,True,4.83239,157997,4.83239,157997
Girls Live Talk - Free Text and Video Chat,627958823,JusTalk - Video Chat & Calls,apple,"Social Networking, Utilities",Social Networking,12+,270980096,12.0,2013-04-05T21:29:48Z,2025-09-23T13:29:02Z,8.9.18,0.0,True,4.41916,64916,4.41916,64916
Soy Luna - Top Music And Lyrics,709482991,Genius: Song Lyrics Finder,apple,"Music, Entertainment",Music,17+,133265408,15.0,2014-01-28T15:49:15Z,2025-09-07T16:53:02Z,7.9.0,0.0,True,4.73766,62816,4.73766,62816
When Will You Get Married,1471705020,When Will I Get Married?,apple,"Lifestyle, Entertainment",Lifestyle,9+,42170368,13.0,2019-07-23T07:00:00Z,2025-09-24T19:39:20Z,5.2.0,0.0,True,4.56152,764,4.56152,764
HOW TO ASK A GIRL OUT,1534105525,"Flirtini - Match, Chat, Flirt",apple,"Social Networking, Lifestyle",Social Networking,17+,149771264,15.0,2020-12-22T08:00:00Z,2025-09-09T06:16:52Z,5.2.5,0.0,True,4.10846,37714,4.10846,37714
Online Girls Chat Group,392796698,GroupMe,apple,"Social Networking, Lifestyle",Social Networking,12+,401434624,15.0,2010-09-25T23:16:39Z,2025-09-09T19:03:06Z,7.137,0.0,True,4.72187,1559084,4.72187,1559084
The DJ - Match with People,493226494,Edjing Mix - DJ Music Mixer,apple,"Music, Entertainment",Music,4+,499585024,15.0,2012-01-12T23:55:47Z,2025-09-16T08:46:11Z,8.12.08,0.0,True,4.58668,173961,4.58668,173961
Toronto Dating,595287172,Hinge Dating App: Match & Meet,apple,"Lifestyle, Social Networking",Lifestyle,17+,177198080,16.0,2013-02-06T06:50:22Z,2025-09-22T14:30:34Z,9.92.0,0.0,True,4.4231,990626,4.4231,990626
i miss you quotes and photos,597331642,Love Quotes” Daily Sayings,apple,Lifestyle,Lifestyle,12+,51409920,15.0,2013-02-04T21:30:27Z,2025-06-06T14:22:47Z,3.8.0,0.0,True,4.74102,8321,4.74102,8321
JoJo Siwa Top Hits Music,1437596370,Tap Tap Music-Pop Songs,apple,"Games, Music, Casual",Games,12+,157827072,10.0,2018-11-28T19:41:11Z,2022-02-26T05:43:21Z,1.6.3,0.0,True,4.84274,78036,4.84274,78036
UK Girls Mobile Numbers,1564051387,OnPhone - Second Phone Number,apple,"Business, Travel",Business,4+,317073408,15.0,2021-08-04T07:00:00Z,2025-08-26T23:50:00Z,13.21.0,0.0,True,4.6534,42816,4.6534,42816
chat saudi arabia,1066260672,سيارة - اشترها من جوالك,apple,"Shopping, Lifestyle",Shopping,4+,104579072,15.3,2015-12-16T02:00:30Z,2025-09-17T14:52:34Z,2.3.2,0.0,True,4.56329,14490,4.56329,14490
Chat Click - Dating Search,358899126,Tagged Dating: Chat & Go Live!,apple,"Social Networking, Lifestyle",Social Networking,17+,315591680,15.0,2010-03-17T23:54:55Z,2025-09-24T08:17:58Z,210.0,0.0,True,4.48784,460181,4.48784,460181
Iraq love chat,466970942,"Paltalk: Chat, Meet New People",apple,"Social Networking, Entertainment",Social Networking,17+,209891328,13.0,2011-09-30T22:24:50Z,2025-08-08T13:12:24Z,9.18,0.0,True,4.26823,15006,4.26823,15006
Healthy Relationships Guide,1507907556,Agapé: Feel Close When Apart,apple,"Health & Fitness, Lifestyle",Health & Fitness,17+,113043456,15.0,2020-10-06T07:00:00Z,2025-07-01T15:17:28Z,3.67.0,0.0,True,4.80647,25769,4.80647,25769
following,6746647406,"Followers Reports, Tracker",apple,"Social Networking, Utilities",Social Networking,4+,20642816,17.0,2025-06-28T07:00:00Z,2025-06-28T13:41:50Z,1.0,0.0,True,4.0,52,4.0,52
Gods by Night,880735556,Gods of Olympus,apple,"Games, Entertainment, Strategy, Action",Games,9+,269793280,11.0,2015-12-04T14:59:54Z,2025-08-26T13:27:26Z,6.2,0.0,True,4.70149,43888,4.70149,43888
PlusOne,6744400566,Plus 1: Social App,apple,"Social Networking, Lifestyle",Social Networking,17+,78953472,14,2025-05-22T07:00:00Z,2025-09-18T13:20:02Z,1.5.5,0.0,True,4.875,32,4.875,32
Love Calendar - Couple Sharing Calendar & CoupleDay,458035189,"Between, Couples Love Tracker",apple,"Social Networking, Lifestyle",Social Networking,4+,312840192,14.1,2011-11-21T16:52:22Z,2025-08-22T17:33:55Z,5.10.34,0.0,True,4.80206,20780,4.80206,20780
Speeding Joyride & Car Meet App,939507215,Speedometer Simple,apple,"Navigation, Utilities",Navigation,4+,44494848,15.0,2014-11-18T11:31:19Z,2025-09-20T04:25:46Z,2025.7.2,0.0,True,4.73137,96328,4.73137,96328
LOBSTR - go on a lunch date,296581815,OpenTable,apple,"Food & Drink, Travel",Food & Drink,17+,130298880,16.1,2008-11-15T07:25:55Z,2025-09-22T16:58:12Z,18.23.0,0.0,True,4.91667,4958466,4.91667,4958466
Titanic App - Feminist Dating Application,1571274697,Kismia Dating - Meet Singles,apple,"Lifestyle, Social Networking",Lifestyle,17+,195439616,16.0,2021-08-12T07:00:00Z,2025-09-20T04:16:42Z,1.9.21,0.0,True,4.49748,87905,4.49748,87905
French Chat Room,466970942,"Paltalk: Chat, Meet New People",apple,"Social Networking, Entertainment",Social Networking,17+,209891328,13.0,2011-09-30T22:24:50Z,2025-08-08T13:12:24Z,9.18,0.0,True,4.26823,15006,4.26823,15006
Soul Mate,6473748536,Astra - Life Advice,apple,Lifestyle,Lifestyle,9+,130015232,15.1,2024-01-09T08:00:00Z,2025-09-25T14:08:40Z,3.11.5,0.0,True,4.72574,32828,4.72574,32828
Diamond Engagement Rings,398340763,Engagement Rings,apple,"Lifestyle, Shopping",Lifestyle,4+,46758912,11.0,2010-10-22T14:35:22Z,2023-09-11T19:49:22Z,3.28.0,0.0,True,4.79412,34,4.79412,34
Dating Tips For Men,305939712,Match Dating App : Chat & Meet,apple,"Social Networking, Lifestyle",Social Networking,17+,161206272,16.0,2009-03-27T01:30:46Z,2025-08-14T13:29:36Z,25.08.01,0.0,True,3.88563,196828,3.88563,196828
Halalguur,1626990007,"Find Halal food, Scanner Haram",apple,"Lifestyle, Food & Drink",Lifestyle,4+,18696192,15.6,2022-06-05T07:00:00Z,2025-09-20T04:40:29Z,4.8,0.0,True,4.71182,6017,4.71182,6017
Find Lover,6636527000,Chat & Flirt: LoveNote,apple,Lifestyle,Lifestyle,17+,86902784,13.0,2024-08-16T07:00:00Z,2025-08-28T09:39:14Z,1.3.5,0.0,True,4.54755,6131,4.54755,6131
"2Date Dating App, Love and matching",595287172,Hinge Dating App: Match & Meet,apple,"Lifestyle, Social Networking",Lifestyle,17+,177198080,16.0,2013-02-06T06:50:22Z,2025-09-22T14:30:34Z,9.92.0,0.0,True,4.4231,990626,4.4231,990626
Teenage Chat & Dating,1452906710,Wizz App - chat now,apple,"Social Networking, Lifestyle",Social Networking,12+,295432192,15.5,2019-02-24T11:07:56Z,2025-09-22T17:17:52Z,9.69.0,0.0,True,4.25136,291104,4.25136,291104
Girls Online Talk - Free Text and Video Chat,627958823,JusTalk - Video Chat & Calls,apple,"Social Networking, Utilities",Social Networking,12+,270980096,12.0,2013-04-05T21:29:48Z,2025-09-23T13:29:02Z,8.9.18,0.0,True,4.41916,64916,4.41916,64916
Online Girls Chat,627958823,JusTalk - Video Chat & Calls,apple,"Social Networking, Utilities",Social Networking,12+,270980096,12.0,2013-04-05T21:29:48Z,2025-09-23T13:29:02Z,8.9.18,0.0,True,4.41916,64916,4.41916,64916
LIVE VIDEO TALK,6747416037,Mellow: Live Talk & Connect,apple,Social Networking,Social Networking,17+,19286016,15.6,2025-06-22T07:00:00Z,2025-07-21T01:08:46Z,1.0.3,0.0,True,5.0,2,5.0,2
SkyLove – Dating and chat,1226440933,SkyLove – Dating and chat,apple,"Social Networking, Lifestyle",Social Networking,17+,526584832,14.0,2018-06-21T11:56:19Z,2024-07-15T20:53:49Z,3.0.1,0.0,True,4.53985,389,4.53985,389
Free Live Talk-Video Call,912561374,Marco Polo - Video Messenger,apple,"Social Networking, Photo & Video",Social Networking,4+,221199360,16.0,2014-10-07T17:26:47Z,2025-09-22T18:31:27Z,0.1543.0,0.0,True,4.76344,2128693,4.76344,2128693
FindLoving,1307329229,FindLoving,apple,"Social Networking, Entertainment",Social Networking,17+,102161408,9.0,2017-11-05T23:03:58Z,2021-06-24T18:52:46Z,1.0.13,0.0,True,1.77419,31,1.77419,31
Sugar Daddies Dating App,873518909,Luxy - Selective Dating App,apple,"Social Networking, Lifestyle",Social Networking,17+,305246208,14.0,2014-05-20T19:43:53Z,2025-09-22T01:48:43Z,7.29.11,0.0,True,4.72536,100556,4.72536,100556
"Chat Mexico: meet people, flirt and friendship",1289684085,Chispa: Dating App for Latinos,apple,"Social Networking, Lifestyle",Social Networking,17+,250543104,16.0,2017-11-16T18:22:40Z,2025-09-17T14:04:19Z,11.11.1,0.0,True,4.53322,352302,4.53322,352302
Duolingo: Learn Languages Free,570060128,Duolingo - Language Lessons,apple,"Education, Social Networking",Education,4+,514594816,16.0,2012-11-13T08:00:00Z,2025-09-22T17:00:06Z,7.92.0,0.0,True,4.72993,4531380,4.72993,4531380
TED,376183339,TED Talks: Watch and Learn,apple,"Education, Entertainment",Education,12+,187770880,15.6,2010-10-14T07:00:00Z,2025-09-24T15:12:54Z,7577,0.0,True,4.60904,10239,4.60904,10239
English Communication - Learn English for Chinese (Learn English for Chinese),557130558,HelloTalk - Language Learning,apple,"Education, Social Networking",Education,4+,592817152,15.0,2012-12-15T23:10:56Z,2025-09-23T07:46:50Z,6.1.51,0.0,True,4.59532,40851,4.59532,40851
Khan Academy,469863705,Khan Academy,apple,Education,Education,4+,47288320,15.0,2012-03-11T16:53:06Z,2025-04-16T15:55:34Z,8.3.2,0.0,True,4.56777,97349,4.56777,97349
Learn English with Wlingua,1434101832,Open English: Learn English,apple,Education,Education,17+,271382528,15.1,2018-10-26T07:58:07Z,2025-09-22T23:45:48Z,3.73.2,0.0,True,4.66218,9428,4.66218,9428
Ai La Trieu Phu - ALTP Free,1357819721,"VieON - Dramas,Show,TV",apple,"Entertainment, Lifestyle",Entertainment,12+,389456896,12.0,2018-04-29T01:37:49Z,2025-09-23T02:23:20Z,30.26.0,0.0,True,4.36284,5344,4.36284,5344
Princess Coloring Book,1172682750,My Princess: Coloring Book 2+,apple,"Games, Family, Role Playing, Education",Games,4+,99544064,11.0,2016-11-12T02:55:18Z,2023-09-07T01:32:49Z,1.4.8,0.0,True,4.21831,1759,4.21831,1759
Learn Spanish - Español,332510494,SpanishDictionary.com Learning,apple,"Education, Reference",Education,4+,494738432,15.0,2009-09-28T22:47:11Z,2025-08-26T14:23:17Z,6.32,0.0,True,4.83276,189263,4.83276,189263
English Grammar Test,1485149017,English Grammar Test Game,apple,"Games, Trivia, Word, Education",Games,4+,51849216,12.0,2022-01-18T08:00:00Z,2025-02-24T06:40:38Z,2.3.0,0.0,True,4.65332,1024,4.65332,1024
Speed Reading,778846279,Outread: Speed Reading,apple,"Books, Productivity",Book,9+,29592576,17.2,2014-01-15T08:40:04Z,2025-09-25T19:52:35Z,2.5.1,0.0,True,4.68173,1150,4.68173,1150
English for beginners,1069709715,English Speaking for Beginners,apple,"Education, Reference",Education,4+,105677824,11.0,2016-01-13T00:02:40Z,2022-02-17T09:21:28Z,12.13.85,0.0,True,4.69535,6404,4.69535,6404
Flame - درب عقلك يوميا,1040157892,شعلة - درّب عقلك يومياً,apple,"Education, Productivity",Education,4+,223005696,13.0,2015-12-07T20:32:12Z,2025-09-19T09:50:32Z,10.8,0.0,True,4.2744,23461,4.2744,23461
Mermaids,1600598972,BoBo World: The Little Mermaid,apple,"Education, Entertainment",Education,4+,283723776,12.0,2021-12-22T08:00:00Z,2025-08-07T17:23:48Z,1.6.9,0.0,True,4.55196,16858,4.55196,16858
"Learn Japanese, Korean, Chinese Offline & Free",1457532562,Teuida: Learn Languages,apple,Education,Education,12+,182102016,15.0,2019-04-10T21:27:01Z,2025-09-23T23:30:07Z,1.23.3,0.0,True,4.88841,38131,4.88841,38131
Kids Mode,6444557796,Kids Mode & Child Lock :Suzy,apple,Utilities,Utilities,4+,127901696,16.0,2023-09-26T07:00:00Z,2025-09-19T22:16:38Z,1.1.2,0.0,True,4.78458,506,4.78458,506
PBS KIDS Video,435138734,PBS KIDS Video,apple,"Education, Entertainment",Education,4+,54865920,15.0,2011-05-12T07:00:00Z,2025-09-18T13:49:24Z,7.0.4,0.0,True,4.2863,322894,4.2863,322894
Dinosaurs Coloring Pages,985548437,Dino coloring pages book,apple,"Games, Education, Casual, Family",Games,4+,116813824,11.2,2015-05-04T10:37:54Z,2022-02-01T15:34:24Z,17.0.2,0.0,True,4.44509,1548,4.44509,1548
Cars Coloring Pages,983598251,Cars coloring book game,apple,"Games, Casual, Family, Entertainment",Games,4+,161057792,13.0,2015-05-05T16:56:04Z,2025-05-28T06:51:12Z,18.11.0,0.0,True,4.47745,3946,4.47745,3946
Babbel – Learn Languages,829587759,Babbel - Language Learning,apple,"Education, Travel",Education,12+,170327040,15.0,2014-06-11T20:26:44Z,2025-09-15T07:41:35Z,21.83.0,0.0,True,4.7255,699823,4.7255,699823
Math Tricks,1209287132,Math Tricks (100+),apple,"Education, Games, Puzzle",Education,4+,37186560,10.0,2017-02-28T00:35:26Z,2017-04-14T00:10:18Z,1.7,0.0,True,4.15385,39,4.15385,39
Monster Truck Driver & Racing,1520904855,Monster Truck Offroad Race Jam,apple,"Games, Sports, Racing, Strategy",Games,4+,466271232,13.0,2020-07-21T07:00:00Z,2025-05-30T14:00:10Z,3.6,0.0,True,4.44496,2171,4.44496,2171
Learn English Words Free,1084540807,Vocabulary - Learn words daily,apple,"Education, Reference",Education,4+,227178496,16.0,2016-02-19T18:42:29Z,2025-09-23T16:36:42Z,6.2.0,0.0,True,4.79941,166542,4.79941,166542
Japanese / English one-shop search dictionary - Free Japanese - English - Japanese dictionary application,308750436,Dictionary.com: English Words,apple,"Reference, Education",Reference,4+,32317440,16.0,2009-04-07T07:00:00Z,2025-08-04T14:24:43Z,12.0.5,0.0,True,4.78476,327730,4.78476,327730
English speaking texts,1558659494,10 Minute English,apple,"Education, Lifestyle",Education,4+,197401600,15.0,2021-04-13T07:00:00Z,2025-09-23T11:48:56Z,1.7.20,0.0,True,4.70605,11366,4.70605,11366
Thai Handwriting,1049189360,Learn thai handwriting,apple,"Education, Games, Family",Education,4+,11525120,8.0,2015-10-24T11:31:07Z,2018-10-16T23:52:20Z,1.5,0.0,True,4.2,5,4.2,5
THAI DICT 2018,492630056,Thai Dictionary - Dict Box,apple,"Reference, Education",Reference,17+,133886976,11.0,2012-01-10T19:54:38Z,2024-08-11T14:31:40Z,12.14.42,0.0,True,4.77384,3387,4.77384,3387
Kanji test · Han search Kanji training (free version),1078107994,Learn Japanese! - Kanji,apple,"Education, Reference",Education,4+,119745536,12.0,2016-02-20T02:52:15Z,2023-05-09T13:05:10Z,1.5.20,0.0,True,4.74156,6218,4.74156,6218
Game for KIDS: KIDS match'em,1138264921,Match Masters,apple,"Games, Casual, Puzzle",Games,4+,527437824,13.0,2017-07-23T09:13:45Z,2025-09-18T18:41:14Z,v5.217,0.0,True,4.66206,183031,4.66206,183031
Flippy Campus - Buy & sell on campus at a discount,599608562,UNiDAYS: Student Discount App,apple,"Shopping, Lifestyle",Shopping,17+,58602496,15.1,2015-01-28T12:42:35Z,2025-09-25T15:29:45Z,10.1.0,0.0,True,4.8484,157245,4.8484,157245
Free intellectual training game application |,577232024,Lumosity: Brain Training,apple,"Education, Health & Fitness",Education,4+,203944960,13.0,2013-06-20T04:51:56Z,2025-09-21T04:05:48Z,10.19.41,0.0,True,4.66122,115167,4.66122,115167
ABC Preschool Free,1079974015,ABCya Games: Kids Learning App,apple,"Education, Games",Education,4+,47739904,15.1,2016-04-29T22:16:13Z,2025-08-18T15:45:07Z,2.29.2,0.0,True,4.43214,61540,4.43214,61540
PINKFONG Baby Shark,1134853735,Pinkfong Baby Shark,apple,"Education, Music",Education,4+,217117696,12.0,2016-09-03T10:27:15Z,2025-09-08T08:48:43Z,35,0.0,True,3.44219,2863,3.44219,2863
English words application mikan,1438344260,Vocabulary Builder by Atlas,apple,"Education, Word, Games",Education,4+,128903168,16.0,2019-02-16T09:21:45Z,2025-08-27T20:51:53Z,6.23,0.0,True,4.78293,10370,4.78293,10370
Learn English for beginners,6751234864,English - Speak & Vocabulary,apple,Utilities,Utilities,4+,4676608,15.0,2025-08-21T07:00:00Z,2025-08-25T13:15:47Z,1.1,0.0,True,3.33333,9,3.33333,9
Listen and learn English in seven days,1558659494,10 Minute English,apple,"Education, Lifestyle",Education,4+,197401600,15.0,2021-04-13T07:00:00Z,2025-09-23T11:48:56Z,1.7.20,0.0,True,4.70605,11366,4.70605,11366
Lumosity: #1 Brain Games & Cognitive Training App,577232024,Lumosity: Brain Training,apple,"Education, Health & Fitness",Education,4+,203944960,13.0,2013-06-20T04:51:56Z,2025-09-21T04:05:48Z,10.19.41,0.0,True,4.66122,115167,4.66122,115167
Learn English from Persian: Persian to English,522027459,Persian Dictionary - Dict Box,apple,"Reference, Education",Reference,9+,169428992,11.0,2012-05-01T18:25:32Z,2024-07-16T10:25:20Z,12.14.40,0.0,True,4.78988,83882,4.78988,83882
English with Lingualeo,480952151,Learn English with Lingualeo,apple,"Education, Lifestyle",Education,4+,377423872,13.0,2011-12-19T08:00:00Z,2025-08-25T06:27:49Z,5.3.6,0.0,True,4.62845,689,4.62845,689
"Learn languages, grammar & vocabulary with Memrise",635966718,Memrise Easy Language Learning,apple,"Education, Travel",Education,12+,182775808,15.0,2013-05-20T18:39:02Z,2025-09-12T08:19:16Z,2025.9.8,0.0,True,4.77959,208586,4.77959,208586
Quizlet: Learn Languages & Vocab with Flashcards,546473125,Quizlet: More than Flashcards,apple,Education,Education,4+,203858944,16.0,2012-08-09T04:32:24Z,2025-09-23T00:14:26Z,10.6,0.0,True,4.7771,982841,4.7771,982841
Udemy - Online Courses,562413829,Udemy Online Video Courses,apple,"Education, Productivity",Education,4+,145742848,17.2,2012-10-16T01:40:08Z,2025-09-04T17:17:49Z,8.93.0,0.0,True,4.73257,76476,4.73257,76476
Coursera: Online courses,736535961,Coursera: Grow your career,apple,Education,Education,4+,60305408,17.0,2013-12-10T08:00:00Z,2025-09-15T18:23:06Z,7.20.0,0.0,True,4.84708,157986,4.84708,157986
"edX - Online Courses by Harvard, MIT & more",945480667,edX online learning,apple,Education,Education,12+,43033600,15.0,2015-01-14T06:25:26Z,2025-09-02T14:35:55Z,6.2.2,0.0,True,4.75961,10013,4.75961,10013
Elevate - Brain Training Games,875063456,Elevate - Brain Training Games,apple,"Education, Puzzle, Word, Games",Education,4+,510427136,16.0,2014-05-22T04:30:50Z,2025-09-22T17:00:54Z,5.208.0,0.0,True,4.77289,497691,4.77289,497691
NeuroNation - Focus and Brain Training,821549680,NeuroNation - Brain Training,apple,"Education, Health & Fitness",Education,4+,299571200,15.0,2014-03-29T02:00:40Z,2025-08-04T06:29:54Z,3.8.70,0.0,True,4.67598,3685,4.67598,3685
Peak – Brain Games & Training,806223188,Peak - Brain Training,apple,"Education, Health & Fitness",Education,4+,317117440,15.0,2014-09-01T17:50:08Z,2025-09-22T10:02:07Z,5.36.5,0.0,True,4.65822,145040,4.65822,145040
Memorado - Brain Games,577232024,Lumosity: Brain Training,apple,"Education, Health & Fitness",Education,4+,203944960,13.0,2013-06-20T04:51:56Z,2025-09-21T04:05:48Z,10.19.41,0.0,True,4.66122,115167,4.66122,115167
Lynda - Online Training Videos,562413829,Udemy Online Video Courses,apple,"Education, Productivity",Education,4+,145742848,17.2,2012-10-16T01:40:08Z,2025-09-04T17:17:49Z,8.93.0,0.0,True,4.73257,76476,4.73257,76476
Brilliant,913335252,Brilliant: Learn by doing,apple,"Education, Reference",Education,4+,72271872,17.0,2015-06-19T02:34:39Z,2025-09-25T16:54:00Z,9.8.1,0.0,True,4.7411,24295,4.7411,24295
CppDroid - C/C++ IDE,1397424959,CodeSnack IDE,apple,"Developer Tools, Education",Developer Tools,4+,62534656,15.6,2018-07-30T18:03:07Z,2025-09-23T16:29:02Z,5.9.11,0.0,True,4.44596,1536,4.44596,1536
Quiz&Learn Python,1133960732,Mimo: Learn Coding in Python,apple,"Education, Developer Tools",Education,4+,206466048,16.0,2016-08-22T06:17:39Z,2025-09-22T06:45:22Z,9.25.0,0.0,True,4.85554,100340,4.85554,100340
C++ Tutorials,6478927727,C++ Tutorial,apple,"Education, Developer Tools",Education,4+,30201856,12.0,2024-03-15T07:00:00Z,2024-04-08T15:35:23Z,1.1,0.0,True,4.75,4,4.75,4
C++ Programming,1160868782,C/C++ Programming Compiler,apple,"Education, Utilities",Education,4+,24542208,11.2,2016-10-10T16:41:19Z,2024-12-04T10:30:44Z,3.6.3,0.0,True,3.24779,113,3.24779,113
C Programming,1533942237,Learn C Programming: Programiz,apple,Education,Education,4+,125669376,10.0,2020-11-23T08:00:00Z,2023-04-24T09:29:13Z,2.5.140052,0.0,True,4.72222,72,4.72222,72
Udacity - Lifelong Learning,1084807225,LinkedIn Learning,apple,"Education, Productivity",Education,4+,90721280,16.0,2016-09-22T15:18:14Z,2025-09-08T14:20:36Z,2025.9,0.0,True,4.80645,77887,4.80645,77887
Learn C++,1577718596,Learn C++: Programiz,apple,Education,Education,4+,125650944,10.0,2021-09-16T07:00:00Z,2023-04-23T04:44:27Z,2.4.11052,0.0,True,4.73332,60,4.73332,60
Learn programming,1133960732,Mimo: Learn Coding in Python,apple,"Education, Developer Tools",Education,4+,206466048,16.0,2016-08-22T06:17:39Z,2025-09-22T06:45:22Z,9.25.0,0.0,True,4.85554,100340,4.85554,100340
Learn JavaScript,1490684122,Learn JavaScript Programming,apple,"Education, Reference",Education,4+,92513280,11.0,2019-12-08T08:00:00Z,2022-12-09T21:56:48Z,1.8.0,0.0,True,4.63037,349,4.63037,349
Learn Java,1210079064,Sololearn: Learn to Code,apple,"Education, Social Networking",Education,4+,133171200,15.0,2017-10-23T21:29:46Z,2025-09-08T08:58:54Z,4.117.0,0.0,True,4.80894,78652,4.80894,78652
Learn HTML,1133960732,Mimo: Learn Coding in Python,apple,"Education, Developer Tools",Education,4+,206466048,16.0,2016-08-22T06:17:39Z,2025-09-22T06:45:22Z,9.25.0,0.0,True,4.85554,100340,4.85554,100340
"Programming Hub, Learn to code",1210079064,Sololearn: Learn to Code,apple,"Education, Social Networking",Education,4+,133171200,15.0,2017-10-23T21:29:46Z,2025-09-08T08:58:54Z,4.117.0,0.0,True,4.80894,78652,4.80894,78652
Learn SQL,6736679461,Learn SQL For Beginners 2024,apple,Education,Education,4+,64305152,15.0,2024-10-09T07:00:00Z,2024-10-09T09:14:00Z,1.0,0.0,True,0.0,0,0.0,0
Ready4 SAT (Prep4 SAT),1126174656,SAT Prep & Practice by Magoosh,apple,Education,Education,4+,31201280,13.4,2016-07-06T18:33:31Z,2024-05-21T23:35:35Z,6.2.1,0.0,True,4.65667,1034,4.65667,1034
Socratic - Math Answers & Homework Help,6449704549,Nerd AI - Math Problem Solver,apple,"Education, Productivity",Education,4+,152095744,13.0,2023-07-20T07:00:00Z,2025-09-25T08:47:00Z,4.0.2,0.0,True,4.66773,32308,4.66773,32308
Ready4 GMAT (Prep4 GMAT),1030031321,Official GMAT | Manhattan Prep,apple,Education,Education,4+,138531840,15.0,2015-10-16T02:46:49Z,2025-07-16T19:36:17Z,29.2,0.0,True,4.78204,2372,4.78204,2372
Pocket GMAT Math,834715454,GMAT Math Flashcards,apple,"Education, Games",Education,4+,29891584,15.1,2014-03-22T01:07:18Z,2025-05-13T19:51:28Z,3.6.3,0.0,True,4.82028,1558,4.82028,1558
GMAT Question Bank,1030031321,Official GMAT | Manhattan Prep,apple,Education,Education,4+,138531840,15.0,2015-10-16T02:46:49Z,2025-07-16T19:36:17Z,29.2,0.0,True,4.78204,2372,4.78204,2372
GRE Tutor,522118003,GRE Prep & Practice by Magoosh,apple,"Education, Reference",Education,4+,31148032,13.4,2012-05-29T23:45:05Z,2024-05-30T06:02:45Z,6.2.1,0.0,True,4.8281,10949,4.8281,10949
GRE Flashcards,672962658,GRE Vocabulary Flashcards,apple,"Education, Games, Word",Education,12+,29862912,15.1,2013-07-31T01:13:54Z,2025-06-05T15:06:32Z,3.6.3,0.0,True,4.8384,11318,4.8384,11318
"play2prep: ACT, SAT prep",1098355787,ACT Prep & Practice by Magoosh,apple,Education,Education,4+,31725568,13.4,2016-04-27T18:38:15Z,2025-04-26T04:18:44Z,6.2.2,0.0,True,4.73661,2707,4.73661,2707
SAT Test,1126174656,SAT Prep & Practice by Magoosh,apple,Education,Education,4+,31201280,13.4,2016-07-06T18:33:31Z,2024-05-21T23:35:35Z,6.2.1,0.0,True,4.65667,1034,4.65667,1034
GMAT Math Flashcards,834715454,GMAT Math Flashcards,apple,"Education, Games",Education,4+,29891584,15.1,2014-03-22T01:07:18Z,2025-05-13T19:51:28Z,3.6.3,0.0,True,4.82028,1558,4.82028,1558
Pocket SAT Math,469234810,Math.,apple,"Education, Books",Education,4+,15121408,13.0,2011-12-10T02:45:55Z,2024-01-23T20:56:46Z,12.1,0.0,True,4.7119,1378,4.7119,1378
TOEFL Prep & Practice from Magoosh,976404334,TOEFL Prep & Practice,apple,"Education, Reference",Education,4+,16413696,9.0,2015-03-19T22:29:37Z,2020-01-16T21:30:47Z,3.3.2,0.0,True,4.74885,3058,4.74885,3058
GRE Prep & Practice by Magoosh,522118003,GRE Prep & Practice by Magoosh,apple,"Education, Reference",Education,4+,31148032,13.4,2012-05-29T23:45:05Z,2024-05-30T06:02:45Z,6.2.1,0.0,True,4.8281,10949,4.8281,10949
GRE® Flashcards by Kaplan,1097524542,Manhattan Prep | GRE Practice,apple,"Education, Reference",Education,4+,140820480,15.0,2016-06-04T16:52:56Z,2025-09-15T13:27:46Z,30.2,0.0,True,4.74089,1702,4.74089,1702
SAT Vocabulary,6651828246,SAT® Prep 2025: Practice Test,apple,Education,Education,4+,128473088,12.0,2024-11-26T08:00:00Z,2024-11-27T01:45:10Z,1.0.0,0.0,True,4.5,32,4.5,32
Magoosh GMAT Prep & Practice,536750324,GMAT Prep & Practice - Magoosh,apple,"Education, Reference",Education,4+,31219712,13.4,2012-07-17T08:59:09Z,2024-06-03T04:40:22Z,6.2.1,0.0,True,4.86163,2262,4.86163,2262
SAT Flashcards: Prep & Vocabulary,694945807,SAT Flashcards: Prep & Vocab,apple,"Education, Word, Games",Education,4+,29787136,15.1,2013-09-09T19:39:37Z,2025-05-06T17:27:01Z,3.6.3,0.0,True,4.7169,982,4.7169,982
Rosetta Stone: Learn to Speak & Read New Languages,435588892,Rosetta Stone: Learn Languages,apple,"Education, Travel",Education,4+,218474496,16.0,2011-06-02T03:04:16Z,2025-08-06T10:04:59Z,8.43.0,0.0,True,4.76463,229999,4.76463,229999
Google Classroom,924620788,Google Classroom,apple,"Education, Productivity",Education,4+,176862208,16.0,2015-01-13T08:00:00Z,2025-09-22T16:22:35Z,3.42.300041315,0.0,True,1.95265,28828,1.95265,28828
LinkedIn Learning: Online Courses to Learn Skills,1084807225,LinkedIn Learning,apple,"Education, Productivity",Education,4+,90721280,16.0,2016-09-22T15:18:14Z,2025-09-08T14:20:36Z,2025.9,0.0,True,4.80645,77887,4.80645,77887
Learn English with Phrases,1436747289,English language: Learn & Play,apple,"Education, Lifestyle",Education,4+,82572288,15.0,2018-11-07T08:00:00Z,2025-08-19T23:42:26Z,2.42.0,0.0,True,4.62643,7640,4.62643,7640
Free english course,1225114836,Basic English - ESL Course,apple,"Education, Reference",Education,4+,205680640,13.0,2017-04-16T02:09:24Z,2025-09-03T07:38:07Z,1.47,0.0,True,4.737,5194,4.737,5194
Learn 50 languages,487070134,50 languages,apple,"Education, Books",Education,12+,48110592,12.0,2012-01-06T02:13:10Z,2024-02-20T13:17:29Z,6.4,0.0,True,4.78246,570,4.78246,570
Babbel – Learn Spanish,829587759,Babbel - Language Learning,apple,"Education, Travel",Education,12+,170327040,15.0,2014-06-11T20:26:44Z,2025-09-15T07:41:35Z,21.83.0,0.0,True,4.7255,699823,4.7255,699823
Mango Languages: Lovable Language Courses,443516516,Mango Languages: Learning,apple,"Education, Lifestyle",Education,12+,82763776,15.5,2011-06-23T07:00:00Z,2025-09-16T19:41:30Z,8.60.0,0.0,True,4.83664,43929,4.83664,43929
Learn English with Aco,1558659494,10 Minute English,apple,"Education, Lifestyle",Education,4+,197401600,15.0,2021-04-13T07:00:00Z,2025-09-23T11:48:56Z,1.7.20,0.0,True,4.70605,11366,4.70605,11366
Learn to Speak English,955106394,Learn to Speak English,apple,Education,Education,4+,11625472,13.0,2015-01-21T02:48:55Z,2024-11-07T09:38:00Z,2.8.4,0.0,True,4.31818,22,4.31818,22
"busuu: Learn Languages - Spanish, English & More",379968583,Busuu: Language Learning,apple,"Education, Travel",Education,12+,251379712,17.0,2010-09-21T18:36:19Z,2025-09-21T14:07:35Z,29.19.0,0.0,True,4.70891,93402,4.70891,93402
My Class Schedule: Timetable,425121147,Class Timetable - Schedule App,apple,"Education, Productivity",Education,4+,29430784,14.0,2011-03-30T20:24:03Z,2024-09-23T10:53:56Z,13.4.1,0.0,True,4.70629,2952,4.70629,2952
Study Checker,1441909643,YPT - Study Group,apple,"Education, Productivity",Education,4+,289316864,13.0,2018-11-17T06:41:46Z,2025-09-23T17:22:58Z,800.2.60,0.0,True,4.67827,1063,4.67827,1063
My Study Life - School Planner,910639339,My Study Life - School Planner,apple,"Education, Productivity",Education,4+,103084032,15.0,2014-08-27T19:01:07Z,2025-09-12T14:56:15Z,7.5.0,0.0,True,4.5201,6070,4.5201,6070
HomeWork,6449486871,Question.AI-Math Calculator,apple,"Education, Utilities",Education,4+,146759680,14.0,2023-05-30T07:00:00Z,2025-09-08T07:47:04Z,3.3.22,0.0,True,4.71063,132720,4.71063,132720
Next Gen Science Standards,1265019371,Science for Kids by Tappity,apple,"Education, Entertainment",Education,4+,1344224256,15.6,2017-10-27T13:37:13Z,2025-05-13T20:02:06Z,53.0.1,0.0,True,4.51767,7640,4.51767,7640
myHomework Student Planner,303490844,myHomework Student Planner,apple,"Education, Productivity",Education,4+,22139904,9.0,2009-01-28T23:47:36Z,2025-02-05T15:22:04Z,6.8.15,0.0,True,4.53237,4309,4.53237,4309
Teacher's Gradebook - Additio,973741088,PowerSchool Mobile,apple,"Education, Utilities",Education,4+,143766528,13.0,2015-06-30T16:17:05Z,2025-09-22T04:26:21Z,25.9.0,0.0,True,4.56151,856502,4.56151,856502
Common Core,967658524,Common Core Pocket,apple,"Education, Reference",Education,4+,11960320,12.1,2015-03-31T01:16:21Z,2019-11-10T23:48:31Z,2.0.0,1.99,False,3.66667,6,3.66667,6
Homework Planner,1142359153,Egenda - Homework Manager,apple,"Education, Productivity",Education,4+,37392384,8.0,2016-09-06T14:35:47Z,2018-10-01T16:14:24Z,1.3.1,0.0,True,4.71068,3007,4.71068,3007
TeachersPayTeachers,581312419,TPT (Teachers Pay Teachers),apple,"Education, Reference",Education,4+,115403776,15.1,2012-12-18T18:54:59Z,2025-09-10T07:53:18Z,2.21.0,0.0,True,2.52389,502,2.52389,502
Edmodo,908748733,"Additio App, Teacher gradebook",apple,"Education, Utilities",Education,4+,104008704,10.0,2014-08-27T07:12:50Z,2025-09-13T12:16:49Z,12.0.2,0.0,True,3.74468,47,3.74468,47
Socrative Teacher,477620120,Socrative Teacher,apple,Education,Education,4+,7842816,11.0,2011-11-17T01:30:29Z,2024-05-23T22:30:57Z,4.8.0,0.0,True,3.10714,28,3.10714,28
Training schedule - AllUniver,1589513546,Opus Training,apple,Business,Business,4+,57506816,15.1,2021-10-15T07:00:00Z,2025-06-13T13:35:58Z,1.17.15,0.0,True,4.91849,10698,4.91849,10698
Remind: School Communication,522826277,Remind: School Communication,apple,"Education, Social Networking",Education,4+,92988416,15.0,2012-05-03T01:36:04Z,2025-09-23T17:13:46Z,15.3,0.0,True,4.79692,1695966,4.79692,1695966
ClassDojo,552602056,ClassDojo,apple,"Education, Productivity",Education,4+,220763136,17.0,2012-09-10T07:00:00Z,2025-09-23T17:45:41Z,17.23.0,0.0,True,4.85478,3698146,4.85478,3698146
Lerni. Learn languages.,435588892,Rosetta Stone: Learn Languages,apple,"Education, Travel",Education,4+,218474496,16.0,2011-06-02T03:04:16Z,2025-08-06T10:04:59Z,8.43.0,0.0,True,4.76463,229999,4.76463,229999
"HelloTalk — Chat, Speak & Learn Foreign Languages",557130558,HelloTalk - Language Learning,apple,"Education, Social Networking",Education,4+,592817152,15.0,2012-12-15T23:10:56Z,2025-09-23T07:46:50Z,6.1.51,0.0,True,4.59532,40851,4.59532,40851
Innovative: Learn 34 Languages,668386019,Innovative Language Learning,apple,"Education, Travel",Education,4+,54991872,14.0,2013-12-06T17:51:44Z,2025-08-01T15:59:12Z,3.2.8,0.0,True,4.70962,33597,4.70962,33597
Chegg Study - Homework Help,385758163,Chegg Study - Homework Help,apple,Education,Education,4+,135061504,16.0,2010-08-10T01:16:46Z,2025-09-04T07:34:03Z,6.32.0,0.0,True,4.69409,204866,4.69409,204866
Canvas Student,480883488,Canvas by Instructure,apple,"Education, Productivity",Education,4+,128925696,17.0,2011-12-08T17:41:59Z,2025-09-26T08:44:58Z,8.2.0,0.0,True,4.65635,2769389,4.65635,2769389
Timetable,425121147,Class Timetable - Schedule App,apple,"Education, Productivity",Education,4+,29430784,14.0,2011-03-30T20:24:03Z,2024-09-23T10:53:56Z,13.4.1,0.0,True,4.70629,2952,4.70629,2952
EasyBib: Citation Generator,6738665141,Scrib - APA Citation Generator,apple,"Productivity, Utilities",Productivity,4+,8617984,17,2024-11-25T08:00:00Z,2025-09-08T14:20:19Z,1.0.3,0.0,True,4.84145,82,4.84145,82
SoloLearn: Learn to Code for Free,1210079064,Sololearn: Learn to Code,apple,"Education, Social Networking",Education,4+,133171200,15.0,2017-10-23T21:29:46Z,2025-09-08T08:58:54Z,4.117.0,0.0,True,4.80894,78652,4.80894,78652
Kids Learn Languages by Mondly,987873536,Mondly: Learn 41 Languages,apple,"Education, Travel",Education,4+,251732992,14.0,2015-06-04T06:55:27Z,2025-09-25T10:39:56Z,10.59.1,0.0,True,4.74113,29108,4.74113,29108
Blinkist - Nonfiction Books,568839295,Blinkist: Book Summaries Daily,apple,"Education, Books",Education,12+,247941120,16.4,2013-11-13T19:58:45Z,2025-09-15T09:37:00Z,10.17.0,0.0,True,4.77909,141784,4.77909,141784
Sago Mini Hat Maker,1672095741,Hat Club,apple,"Shopping, Lifestyle",Shopping,4+,111454208,15.0,2023-06-13T07:00:00Z,2025-08-13T20:19:39Z,6.2,0.0,True,4.93419,6884,4.93419,6884
Fuzzy Numbers: Pre-K Number Foundation,1199323483,Math Bridges - Adding Numbers,apple,"Education, Lifestyle",Education,4+,135642112,11.2,2017-04-05T01:04:34Z,2024-08-14T17:07:38Z,72.0.1,0.0,True,4.43182,2508,4.43182,2508
Toca Life: City,1208138685,Toca Boca World,apple,"Education, Entertainment",Education,4+,804529152,13.0,2018-11-21T18:39:24Z,2025-09-21T21:09:03Z,1.116,0.0,True,4.25706,712101,4.25706,712101
Toca Life: Hospital,1208138685,Toca Boca World,apple,"Education, Entertainment",Education,4+,804529152,13.0,2018-11-21T18:39:24Z,2025-09-21T21:09:03Z,1.116,0.0,True,4.25706,712101,4.25706,712101
Netflix,363590051,Netflix,apple,"Entertainment, Lifestyle",Entertainment,12+,201659392,17.0,2010-04-01T20:41:34Z,2025-09-22T16:44:37Z,17.50.0,0.0,True,4.73263,4565504,4.73263,4565504
Complete Spanish Movies,1507429168,Canela.TV - Series and Movies,apple,"Entertainment, Lifestyle",Entertainment,17+,66212864,14.0,2020-05-02T07:00:00Z,2025-08-06T07:18:19Z,16.0.99,0.0,True,4.75784,40028,4.75784,40028
Pluto TV - It’s Free TV,751712884,Pluto TV: Stream Movies/Shows,apple,"Entertainment, News",Entertainment,17+,125274112,16.0,2014-02-24T08:00:00Z,2025-09-02T18:25:37Z,5.70.1,0.0,True,4.77872,1447594,4.77872,1447594
Tubi TV - Free Movies & TV,886445756,Tubi: Movies & Live TV,apple,"Entertainment, Lifestyle",Entertainment,12+,216259584,15.0,2014-07-24T00:00:41Z,2025-09-21T18:48:12Z,9.38.0,0.0,True,4.77388,874044,4.77388,874044
YouTube Kids,936971630,YouTube Kids,apple,"Entertainment, Education",Entertainment,4+,197515264,16.0,2015-02-23T15:43:34Z,2025-09-23T00:07:17Z,10.38,0.0,True,4.65613,2675975,4.65613,2675975
Mobile TV,999462129,Cast Web Videos to TV - iWebTV,apple,"Photo & Video, Entertainment",Photo & Video,17+,55905280,16.6,2015-07-11T08:46:40Z,2025-08-13T15:55:26Z,2.0.100,0.0,True,4.74793,132778,4.74793,132778
TV+,1174078549,Apple TV,apple,Entertainment,Entertainment,12+,1378304,10.2,2016-12-08T18:54:25Z,2025-09-15T19:06:35Z,2.2,0.0,True,4.7868,1629001,4.7868,1629001
Digital TV,6743433436,IPTV Smart Player⁺,apple,"Entertainment, Utilities",Entertainment,4+,13088768,16.6,2025-08-27T07:00:00Z,2025-08-29T06:08:00Z,1.1,0.0,True,4.7037,54,4.7037,54
Motorola Spotlight Player™,1447312762,Music Downloader / MP3 Player,apple,"Music, Entertainment",Music,12+,112900096,12.0,2018-12-29T00:46:32Z,2025-09-21T06:26:30Z,20250918,0.0,True,4.30916,27174,4.30916,27174
Vigo Lite,1356754845,Vigo App - Concello de Vigo,apple,"News, Travel",News,4+,101682176,12.0,2018-12-16T00:28:51Z,2025-07-18T06:18:28Z,1.17.8,0.0,True,4.33333,3,4.33333,3
Google Play Games,284815942,Google,apple,"Utilities, Reference",Utilities,17+,362350592,15.0,2019-02-12T08:00:00Z,2025-09-23T05:04:06Z,387.0,0.0,True,4.64795,3485345,4.64795,3485345
Hotstar,934459219,JioHotstar,apple,"Entertainment, Sports",Entertainment,12+,154465280,15.0,2017-09-03T11:40:27Z,2025-09-22T06:20:53Z,25.09.15,0.0,True,4.62482,99759,4.62482,99759
"Peers.TV: broadcast TV channels First, Match TV, TNT ...",420455839,Spectrum TV,apple,Entertainment,Entertainment,12+,75923456,15.0,2011-03-15T07:53:16Z,2025-09-22T20:52:59Z,9.49,0.0,True,4.70389,529207,4.70389,529207
The green alien dance,6738581739,Green Alien Dance & Gun Game,apple,"Entertainment, Games, Action, Simulation",Entertainment,4+,84186112,12.0,2024-11-25T08:00:00Z,2024-11-25T09:01:23Z,1.0,0.0,True,4.14286,7,4.14286,7
Spectrum TV,420455839,Spectrum TV,apple,Entertainment,Entertainment,12+,75923456,15.0,2011-03-15T07:53:16Z,2025-09-22T20:52:59Z,9.49,0.0,True,4.70389,529207,4.70389,529207
H TV,1078945675,HLTV.org,apple,"Sports, News",Sports,12+,47928320,14.0,2016-03-19T19:35:38Z,2025-05-13T08:56:45Z,2.13.2,0.0,True,4.71088,1048,4.71088,1048
StarTimes - Live International Champions Cup,1129523589,DAZN: Stream Live Sports,apple,"Sports, Entertainment",Sports,17+,267724800,14.2,2018-09-11T08:27:56Z,2025-09-19T13:01:24Z,2.45.9,0.0,True,4.67289,578061,4.67289,578061
Cinematic Cinematic,1454275199,The Criterion Channel,apple,Entertainment,Entertainment,12+,63180800,15.0,2019-04-08T06:45:36Z,2025-09-06T18:24:24Z,9.200.1,0.0,True,4.78659,12094,4.78659,12094
MEGOGO - Cinema and TV,565967395,"MEGOGO: TV, Movies, Audiobooks",apple,"Entertainment, Lifestyle",Entertainment,12+,84961280,17.0,2012-10-04T22:56:34Z,2025-09-24T05:58:56Z,6.3.2,0.0,True,4.38306,992,4.38306,992
Talking Angela,909351158,My Talking Angela,apple,"Games, Simulation, Entertainment, Family",Games,4+,505407488,13.0,2014-12-03T18:05:28Z,2025-09-25T11:00:17Z,25.4.2,0.0,True,4.36252,354440,4.36252,354440
DStv Now,467168196,DStv Stream,apple,"Entertainment, Lifestyle",Entertainment,9+,102548480,15.0,2011-09-30T20:56:16Z,2025-07-23T12:00:44Z,11.6.0,0.0,True,4.64741,5227,4.64741,5227
ivi - movies and TV shows in HD,487285735,Fandango at Home,apple,"Entertainment, Photo & Video",Entertainment,12+,64044032,17.0,2012-01-06T22:02:12Z,2025-08-26T15:57:51Z,10.3,0.0,True,4.73146,289497,4.73146,289497
Radio Javan,286225933,Radio Javan,apple,"Music, Entertainment",Music,12+,94653440,16.0,2019-02-03T08:00:00Z,2025-09-21T17:05:13Z,30.2.1,0.0,True,4.78321,780134,4.78321,780134
Viki: Asian TV Dramas & Movies,445553058,"Viki: Asian Drama, Movies & TV",apple,"Entertainment, Lifestyle",Entertainment,12+,76377088,18.0,2011-07-15T23:30:11Z,2025-09-04T10:26:13Z,25.8.0,0.0,True,4.77046,455575,4.77046,455575
Talking Ginger 2,623158699,Talking Ginger 2,apple,Entertainment,Entertainment,4+,231778304,12.0,2013-04-26T09:56:36Z,2025-08-08T06:03:12Z,3.5.2,0.0,True,4.28742,78440,4.28742,78440
Girly Lock Screen Wallpaper with Quotes,1483487601,Girly Wallpapers Master HD,apple,"Photo & Video, Entertainment",Photo & Video,4+,19934208,17.0,2019-10-24T07:00:00Z,2024-11-13T16:51:42Z,1.1,0.0,True,4.5922,9294,4.5922,9294
No.Draw - Colors by Number 2018,1317690198,Colors by Number® – No.Draw®,apple,"Games, Board, Puzzle, Entertainment",Games,4+,158676992,13.0,2017-12-21T03:22:16Z,2025-01-08T20:15:49Z,1.6.16,0.0,True,4.68194,64747,4.68194,64747
🔥 Football Wallpapers 4K | Full HD Backgrounds 😍,6446757235,Football Wallpaper ·,apple,"Entertainment, Graphics & Design",Entertainment,12+,241963008,17.6,2023-04-14T07:00:00Z,2025-09-19T01:42:19Z,2.0.3,0.0,True,4.49515,1854,4.49515,1854
"Movies by Flixster, with Rotten Tomatoes",284235722,Flixster - Showtimes + Tickets,apple,"Entertainment, Utilities",Entertainment,4+,35314688,17.0,2019-02-01T08:00:00Z,2025-07-14T16:55:32Z,10.3,0.0,True,3.68646,20058,3.68646,20058
Low Poly – Puzzle art game,1440756080,Polysphere: Art Puzzle 3D,apple,"Games, Puzzle, Casual",Games,12+,297903104,13.0,2018-12-23T14:13:47Z,2025-08-31T08:52:24Z,1.20.200,0.0,True,4.55382,607372,4.55382,607372
BBC Media Player,364147881,BBC: World News & Stories,apple,"News, Business",News,12+,89027584,15.1,2010-04-01T21:34:38Z,2025-09-15T11:30:33Z,2025.6.0,0.0,True,4.5325,71474,4.5325,71474
Amazon Prime Video,545519333,Amazon Prime Video,apple,"Entertainment, Lifestyle",Entertainment,12+,238522368,16.0,2012-07-31T07:00:00Z,2025-09-19T11:01:13Z,10.97,0.0,True,4.77004,2999354,4.77004,2999354
Adult Glitter Color by Number Book - Sandbox Pages,1317978215,Color by Number：Coloring Games,apple,"Entertainment, Books",Entertainment,4+,251371520,13.0,2017-12-13T08:50:24Z,2025-09-22T13:42:52Z,10.4.0,0.0,True,4.75505,1370844,4.75505,1370844
IMDb Movies & TV,342792525,IMDb: Movies & TV Shows,apple,"Entertainment, Lifestyle",Entertainment,12+,132617216,17.0,2009-12-08T02:04:18Z,2025-09-12T03:18:55Z,15.13.1,0.0,True,4.79249,540818,4.79249,540818
Twitch: Livestream Multiplayer Games & Esports,460177396,Twitch: Live Streaming,apple,"Photo & Video, Social Networking",Photo & Video,12+,390834176,16.4,2011-10-26T07:00:00Z,2025-09-22T11:32:04Z,26.2,0.0,True,4.72029,2558350,4.72029,2558350
Ziggo GO,498487126,Ziggo Sport Totaal,apple,"Sports, News",Sports,4+,82739200,16.0,2016-07-22T11:07:20Z,2025-09-15T11:35:15Z,4.2.0,0.0,True,4.23671,207,4.23671,207
YouTube Gaming,544007664,YouTube,apple,"Photo & Video, Entertainment",Photo & Video,12+,338395136,16.0,2012-09-11T07:23:19Z,2025-09-23T16:46:14Z,20.38.4,0.0,True,4.68053,43800013,4.68053,43800013
PlayStation App,410896080,PlayStation App,apple,"Entertainment, Games",Entertainment,12+,111907840,14.0,2013-11-13T05:01:49Z,2025-09-25T00:20:58Z,25.9.0,0.0,True,4.3644,84555,4.3644,84555
Talking Ben the Dog,416345319,Talking Ben the Dog,apple,Entertainment,Entertainment,4+,278503424,12.0,2011-04-29T18:49:35Z,2025-08-08T06:03:41Z,4.5.2,0.0,True,4.44112,114335,4.44112,114335
"Red Bull TV: Live Sports, Music & Entertainment",364269164,Red Bull TV: Watch Live Events,apple,"Entertainment, Sports",Entertainment,12+,124726272,17.0,2010-04-30T01:33:17Z,2025-09-25T22:43:18Z,7.3.2,0.0,True,4.88208,12670,4.88208,12670
Trailer Addict Movie Trailers,1475108459,Movies Box,apple,"Entertainment, Photo & Video",Entertainment,12+,69874688,13.0,2019-12-01T08:00:00Z,2025-08-13T23:35:03Z,1.2.5,0.0,True,4.51298,137564,4.51298,137564
Cinemark Theatres,435965836,Cinemark Theatres,apple,"Entertainment, Lifestyle",Entertainment,12+,215382016,12.2,2011-05-11T18:16:48Z,2025-09-17T15:25:44Z,4.25.0,0.0,True,4.88429,785496,4.88429,785496
Regal Cinemas,502912815,Regal: Movie Tickets Made Easy,apple,"Entertainment, Lifestyle",Entertainment,4+,166156288,17.0,2012-03-07T02:47:53Z,2025-08-19T14:34:09Z,11.5.0,0.0,True,4.59122,62090,4.59122,62090
Fandango Movies - Times + Tickets,307906541,Fandango - Get Movie Tickets,apple,"Entertainment, Lifestyle",Entertainment,4+,112423936,17.0,2009-03-27T02:07:57Z,2025-09-15T18:04:12Z,16.12,0.0,True,4.85435,2262081,4.85435,2262081
Marcus Theatres,1443890897,Marcus Theatres & Movie Tavern,apple,Entertainment,Entertainment,17+,83436544,15.6,2018-11-28T02:46:24Z,2025-08-21T06:05:40Z,5.30,0.0,True,4.68774,34439,4.68774,34439
Harkins Theatres,416681338,Harkins Theatres,apple,Entertainment,Entertainment,9+,54038528,14.0,2011-02-01T01:59:36Z,2025-09-23T22:19:41Z,3.2.69,0.0,True,3.33021,427,3.33021,427
AMC Theatres,509199715,AMC Theatres: Movies & More,apple,"Entertainment, Lifestyle",Entertainment,4+,117090304,15.0,2012-03-20T07:00:00Z,2025-09-09T02:01:24Z,7.0.114,0.0,True,4.836,1146100,4.836,1146100
Food Network,642410271,Food Network GO - Live TV,apple,"Entertainment, Food & Drink",Entertainment,12+,95925248,14.0,2013-06-20T07:00:00Z,2025-08-11T07:39:33Z,9.3.0,0.0,True,4.76219,33090,4.76219,33090
Cooking Channel,642410271,Food Network GO - Live TV,apple,"Entertainment, Food & Drink",Entertainment,12+,95925248,14.0,2013-06-20T07:00:00Z,2025-08-11T07:39:33Z,9.3.0,0.0,True,4.76219,33090,4.76219,33090
Animal Planet GO,1101434093,Animal Planet GO,apple,"Entertainment, Lifestyle",Entertainment,12+,95831040,14.0,2016-08-18T17:01:21Z,2025-08-11T07:31:51Z,9.3.0,0.0,True,4.76938,12102,4.76938,12102
"VRV: Anime, game videos & more",329913454,Crunchyroll,apple,"Entertainment, Lifestyle",Entertainment,17+,198842368,16.0,2009-12-21T00:15:50Z,2025-09-24T06:36:45Z,4.87.3,0.0,True,4.761,1242707,4.761,1242707
DramaFever: Stream Asian Drama Shows & Movies,445553058,"Viki: Asian Drama, Movies & TV",apple,"Entertainment, Lifestyle",Entertainment,12+,76377088,18.0,2011-07-15T23:30:11Z,2025-09-04T10:26:13Z,25.8.0,0.0,True,4.77046,455575,4.77046,455575
Crunchyroll - Everything Anime,329913454,Crunchyroll,apple,"Entertainment, Lifestyle",Entertainment,17+,198842368,16.0,2009-12-21T00:15:50Z,2025-09-24T06:36:45Z,4.87.3,0.0,True,4.761,1242707,4.761,1242707
Investigation Discovery GO,1498327873,discovery+ | Stream TV Shows,apple,"Entertainment, Lifestyle",Entertainment,12+,208369664,15.0,2021-01-03T08:00:00Z,2025-09-03T15:14:43Z,20.3.0,0.0,True,4.87383,875207,4.87383,875207
Crackle - Free TV & Movies,751712884,Pluto TV: Stream Movies/Shows,apple,"Entertainment, News",Entertainment,17+,125274112,16.0,2014-02-24T08:00:00Z,2025-09-02T18:25:37Z,5.70.1,0.0,True,4.77872,1447594,4.77872,1447594
CBS - Full Episodes & Live TV,1540866664,CBS,apple,Entertainment,Entertainment,12+,126054400,15.0,2021-03-03T08:00:00Z,2025-09-25T16:29:03Z,15.4.0,0.0,True,4.79718,65103,4.79718,65103
STARZ,550221096,STARZ,apple,Entertainment,Entertainment,17+,49159168,17.0,2012-10-01T07:00:00Z,2025-09-22T14:51:42Z,8.11.1,0.0,True,4.81196,331455,4.81196,331455
Acorn TV: World-class TV from Britain and Beyond,896014310,Acorn TV: Brilliant Hit Series,apple,Entertainment,Entertainment,12+,84087808,14.0,2014-07-30T04:02:55Z,2025-09-02T14:38:32Z,4.0.43 (486),0.0,True,4.67017,22287,4.67017,22287
HISTORY: Watch TV Show Full Episodes & Specials,442839435,The NBC App – Stream TV Shows,apple,Entertainment,Entertainment,12+,120325120,16.0,2011-06-22T03:18:21Z,2025-09-08T13:57:20Z,10.12.1,0.0,True,4.57305,273528,4.57305,273528
Nick,6446202561,Kick - Live Streaming,apple,"Photo & Video, Entertainment",Photo & Video,17+,52460544,15.1,2023-03-26T07:00:00Z,2025-09-24T23:30:24Z,3.2.1,0.0,True,4.60248,97790,4.60248,97790
VH1,413522634,VH1,apple,Entertainment,Entertainment,12+,77627392,15.0,2011-04-29T02:21:54Z,2025-09-11T09:24:12Z,194.0,0.0,True,2.93405,3442,2.93405,3442
FOX NOW - On Demand & Live TV,1419779267,Fox Nation,apple,"News, Entertainment",News,12+,106473472,15.0,2018-11-27T08:34:40Z,2025-06-19T15:05:09Z,3.80,0.0,True,4.65393,49187,4.65393,49187
A&E - Watch Full Episodes of TV Shows,571711580,A&E: TV Shows That Matter,apple,"Entertainment, Photo & Video",Entertainment,12+,196267008,16.4,2012-12-13T17:32:17Z,2025-09-22T16:57:05Z,9.7.1,0.0,True,3.83413,7349,3.83413,7349
The CW,491730359,The CW,apple,"Entertainment, Utilities",Entertainment,12+,39322624,15.0,2012-03-14T19:44:03Z,2025-09-23T17:54:19Z,4.16.0,0.0,True,3.26019,21557,3.26019,21557
BET NOW - Watch Shows,841118013,BET NOW - Watch Shows,apple,"Entertainment, Photo & Video",Entertainment,17+,76257280,15.0,2014-03-29T06:51:27Z,2025-09-11T08:21:29Z,194.0,0.0,True,3.25488,1691,3.25488,1691
"Hulu: Stream TV, Movies & more",376510438,Hulu: Stream TV shows & movies,apple,"Entertainment, Lifestyle",Entertainment,12+,207985664,16.4,2010-06-29T18:39:25Z,2025-09-22T19:48:25Z,9.17.0,0.0,True,4.578,1427539,4.578,1427539
HBO NOW: Stream TV & Movies,1666653815,HBO Max: Stream Movies & TV,apple,"Entertainment, Lifestyle",Entertainment,12+,213990400,15.0,2023-05-22T07:00:00Z,2025-09-25T17:45:06Z,6.5.1,0.0,True,4.86774,4362638,4.86774,4362638
Univision NOW - Live TV and On Demand,1049321283,Univision Now,apple,"Entertainment, Lifestyle",Entertainment,12+,79184896,15.6,2015-11-17T23:56:17Z,2025-09-04T14:44:56Z,13.4.12 (40),0.0,True,2.79138,3643,2.79138,3643
SHOWTIME,530168168,Paramount+,apple,Entertainment,Entertainment,12+,151572480,16.0,2013-03-14T07:41:45Z,2025-09-15T13:31:00Z,15.4.0,0.0,True,4.61259,772560,4.61259,772560
Lifetime - Watch Full Episodes & Original Movies,579966222,Lifetime: TV Shows & Movies,apple,"Entertainment, Photo & Video",Entertainment,12+,169110528,16.4,2012-12-13T17:32:59Z,2025-09-22T16:57:36Z,9.7.1,0.0,True,3.71159,14982,3.71159,14982
SeriesGuide – Show & Movie Manager,431065232,TV Time: Track Shows & Movies,apple,"Entertainment, Utilities",Entertainment,17+,124051456,15.5,2011-07-20T22:02:53Z,2025-09-08T09:28:53Z,10.10.0,0.0,True,4.71711,57106,4.71711,57106
Comedy Central,530168168,Paramount+,apple,Entertainment,Entertainment,12+,151572480,16.0,2013-03-14T07:41:45Z,2025-09-15T13:31:00Z,15.4.0,0.0,True,4.61259,772560,4.61259,772560
CW Seed,491730359,The CW,apple,"Entertainment, Utilities",Entertainment,12+,39322624,15.0,2012-03-14T19:44:03Z,2025-09-23T17:54:19Z,4.16.0,0.0,True,3.26019,21557,3.26019,21557
The NBC App - Watch Live TV and Full Episodes,442839435,The NBC App – Stream TV Shows,apple,Entertainment,Entertainment,12+,120325120,16.0,2011-06-22T03:18:21Z,2025-09-08T13:57:20Z,10.12.1,0.0,True,4.57305,273528,4.57305,273528
WWE,775402833,WWE SuperCard - Wrestling Game,apple,"Games, Entertainment, Sports, Card",Games,9+,412904448,12.0,2014-08-14T07:00:00Z,2025-09-24T15:00:46Z,11.13.11314429,0.0,True,4.76581,75644,4.76581,75644
Universal Kids,435138734,PBS KIDS Video,apple,"Education, Entertainment",Education,4+,54865920,15.0,2011-05-12T07:00:00Z,2025-09-18T13:49:24Z,7.0.4,0.0,True,4.2863,322894,4.2863,322894
MTV,1186275648,MyTV+,apple,"Entertainment, Music",Entertainment,4+,35808256,12.0,2016-12-29T00:47:51Z,2025-09-11T12:28:05Z,2.6,0.0,True,4.40538,26037,4.40538,26037
LEGO® TV,1486159728,LEGO® Builder,apple,"Entertainment, Utilities",Entertainment,4+,220785664,15.1,2019-12-05T08:00:00Z,2025-09-15T13:41:48Z,4.2.6,0.0,True,4.78927,190852,4.78927,190852
HBO GO: Stream with TV Package,731629156,Xfinity Stream,apple,"Entertainment, Lifestyle",Entertainment,12+,130592768,15.0,2013-12-04T16:03:43Z,2025-08-25T13:11:01Z,7.23.0,0.0,True,4.63401,188122,4.63401,188122
Showtime Anytime,530168168,Paramount+,apple,Entertainment,Entertainment,12+,151572480,16.0,2013-03-14T07:41:45Z,2025-09-15T13:31:00Z,15.4.0,0.0,True,4.61259,772560,4.61259,772560
PlayKids - Educational cartoons and games for kids,613398383,PlayKids+ Kids Learning Games,apple,"Education, Entertainment",Education,4+,208284672,14.0,2013-04-10T19:40:10Z,2025-09-04T02:13:46Z,6.0.46,0.0,True,4.25868,16742,4.25868,16742
FOX,294056623,FOX Sports: Watch Live Games,apple,"Sports, Entertainment",Sports,4+,210076672,17.0,2008-11-24T21:51:51Z,2025-09-17T14:31:27Z,5.136.0,0.0,True,4.22488,61326,4.22488,61326
Telemundo Now,680595680,Telemundo: Series y TV en vivo,apple,"Entertainment, Photo & Video",Entertainment,12+,118367232,16.0,2013-08-08T07:00:00Z,2025-09-08T13:55:22Z,10.12.1,0.0,True,4.65553,291741,4.65553,291741
Vudu Movies & TV,487285735,Fandango at Home,apple,"Entertainment, Photo & Video",Entertainment,12+,64044032,17.0,2012-01-06T22:02:12Z,2025-08-26T15:57:51Z,10.3,0.0,True,4.73146,289497,4.73146,289497
Yidio: TV Show & Movie Guide,664306931,Yidio - Streaming Guide,apple,"Entertainment, Lifestyle",Entertainment,12+,38031360,15.2,2013-07-10T04:51:33Z,2025-05-23T17:26:26Z,3.6.91,0.0,True,4.27402,3434,4.27402,3434
Redbox,1527206418,My RedBox,apple,Business,Business,4+,49587200,15.1,2020-08-28T07:00:00Z,2025-09-21T03:25:15Z,37.6.39,0.0,True,4.78091,817,4.78091,817
Tribeca Shortlist - Handpicked Movies,1054271011,Letterboxd,apple,"Social Networking, Entertainment",Social Networking,17+,102627328,16.6,2016-03-15T11:45:44Z,2025-08-27T23:22:38Z,4.6.2,0.0,True,4.82693,87547,4.82693,87547
Nick Jr. - Shows & Games,435138734,PBS KIDS Video,apple,"Education, Entertainment",Education,4+,54865920,15.0,2011-05-12T07:00:00Z,2025-09-18T13:49:24Z,7.0.4,0.0,True,4.2863,322894,4.2863,322894
Sticker Market: Emoji keyboard,523045896,Emoji Free – Emoticons Art and Cool Fonts Keyboard,apple,"Social Networking, Entertainment",Social Networking,4+,84093952,8.0,2012-05-04T17:47:11Z,2017-05-31T03:15:39Z,4.3,0.0,True,4.11527,1310,4.11527,1310
Kidjo TV Kids Have Fun & Learn,1095795448,Kidjo TV: Kids Videos to Learn,apple,"Entertainment, Education",Entertainment,4+,119524352,13.0,2016-04-25T22:07:58Z,2025-08-14T08:46:05Z,6.11,0.0,True,4.5061,164,4.5061,164
Laugh Out Loud by Kevin Hart,1072031458,Laugh out loud !!!,apple,"Entertainment, Music",Entertainment,4+,22123520,12.0,2016-01-30T15:55:36Z,2024-09-22T12:28:12Z,2.5,0.0,True,4.25086,291,4.25086,291
ColorFul - Adult Coloring Book,1183717726,Lake: Coloring Book for Adults,apple,"Lifestyle, Entertainment",Lifestyle,4+,216448000,16.0,2017-03-15T13:05:49Z,2025-09-21T10:05:32Z,4.14.1,0.0,True,4.62148,72855,4.62148,72855
Hamilton — The Official App,1255231054,Hamilton - The Official App,apple,"Entertainment, News",Entertainment,17+,123805696,14.0,2017-08-11T07:16:36Z,2025-09-16T11:29:16Z,5.12.0,0.0,True,4.14735,1018,4.14735,1018
My Talking Pet,1427290424,My Talking Pet,apple,"Entertainment, Photo & Video",Entertainment,4+,321325056,14.0,2018-11-17T23:03:47Z,2025-02-20T22:41:38Z,9.5.6,0.0,True,4.84237,172868,4.84237,172868
Funny Pics,448999087,theCHIVE,apple,"Entertainment, Photo & Video",Entertainment,4+,49673216,15.0,2011-10-24T07:00:00Z,2025-09-10T12:53:27Z,2.8.2,0.0,True,4.56111,168069,4.56111,168069
Funny Quotes Free,627194294,Quotes” Daily Inspiration,apple,"Health & Fitness, Lifestyle",Health & Fitness,12+,81366016,15.0,2013-04-02T20:30:31Z,2025-06-19T11:48:54Z,3.8.1,0.0,True,4.76877,14017,4.76877,14017
LOL Pics (Funny Pictures),617263396,Funny Laughs LOL! Pics & Jokes,apple,Entertainment,Entertainment,12+,51777536,15.0,2013-03-16T03:05:05Z,2025-04-29T15:19:43Z,3.8.0,0.0,True,4.63069,1844,4.63069,1844
Meme Creator,491076730,Mematic - The Meme Maker,apple,"Graphics & Design, Photo & Video",Graphics & Design,12+,61680640,14.0,2012-02-17T08:00:00Z,2025-06-13T22:06:11Z,3.7.2,0.0,True,4.74087,161503,4.74087,161503
"Imgur: Find funny GIFs, memes & watch viral videos",639881495,Imgur: Funny Memes & GIF Maker,apple,"Photo & Video, Entertainment",Photo & Video,12+,160827392,16.0,2013-07-09T01:44:15Z,2025-09-09T17:28:44Z,2025.09.02,0.0,True,4.46293,55189,4.46293,55189
Meme Generator,491076730,Mematic - The Meme Maker,apple,"Graphics & Design, Photo & Video",Graphics & Design,12+,61680640,14.0,2012-02-17T08:00:00Z,2025-06-13T22:06:11Z,3.7.2,0.0,True,4.74087,161503,4.74087,161503
SketchBook - draw and paint,883738213,Sketchbook®,apple,"Graphics & Design, Productivity",Graphics & Design,4+,144303104,13,2014-10-09T05:46:40Z,2025-07-28T03:48:54Z,6.2.1,0.0,True,4.77432,219072,4.77432,219072
Colorfy: Coloring Book for Adults - Free,1183717726,Lake: Coloring Book for Adults,apple,"Lifestyle, Entertainment",Lifestyle,4+,216448000,16.0,2017-03-15T13:05:49Z,2025-09-21T10:05:32Z,4.14.1,0.0,True,4.62148,72855,4.62148,72855
All Events in City,488116646,AllEvents - Discover Events,apple,"Entertainment, Travel",Entertainment,12+,122353664,13.0,2011-12-14T00:09:21Z,2025-09-20T05:26:46Z,12.2.37,0.0,True,4.79755,4253,4.79755,4253
Ticketmaster Event Tickets,500003565,"Ticketmaster－Buy, Sell Tickets",apple,"Entertainment, Music",Entertainment,4+,95463424,16.6,2012-02-23T02:09:55Z,2025-09-08T15:14:19Z,268.0,0.0,True,4.78854,3673187,4.78854,3673187
Reminder,1108187841,Reminders,apple,Productivity,Productivity,4+,2642944,10.0,2016-05-23T20:59:07Z,2025-09-15T18:59:12Z,1.9.1,0.0,True,4.84083,756064,4.84083,756064
Birdays - Birthday reminder,1453656360,Birthday Reminder & Countdown,apple,"Utilities, Lifestyle",Utilities,4+,37435392,13.0,2019-03-24T06:01:14Z,2025-01-16T18:52:08Z,2.11,0.0,True,4.71447,9547,4.71447,9547
"StubHub - Tickets to Sports, Concerts & Events",366562751,StubHub: Event Tickets,apple,"Entertainment, Sports",Entertainment,4+,92814336,15.1,2010-06-02T01:57:23Z,2025-09-22T16:34:46Z,102.6.0,0.0,True,4.77919,1321284,4.77919,1321284
Fever,497702817,Fever: Events & Tickets,apple,"Entertainment, Lifestyle",Entertainment,12+,130922496,16.0,2012-05-25T15:04:57Z,2025-09-22T07:25:43Z,7.199.0,0.0,True,4.78111,58597,4.78111,58597
DroidAdmin for Android - Advice,1580658663,randstad: jobs for workers,apple,Business,Business,4+,100379648,13.4,2021-11-12T08:00:00Z,2025-09-07T23:58:32Z,7.1.0,0.0,True,4.77053,7827,4.77053,7827
"SeatGeek – Tickets to Sports, Concerts, Broadway",582790430,SeatGeek - Buy Event Tickets,apple,"Entertainment, Sports",Entertainment,4+,127515648,16.0,2012-12-11T08:00:00Z,2025-09-18T17:44:50Z,21.1.0,0.0,True,4.86322,931564,4.86322,931564
my4D,6471647279,DU My4D,apple,Education,Education,17+,8514560,14.2,2023-11-29T08:00:00Z,2024-12-15T22:52:27Z,5.4,0.0,True,1.2,5,1.2,5
VAN NIAN 2018 - Vietnamese Calendar,789302410,Lịch Vạn Niên 2025 - Lịch Việt,apple,"Productivity, Utilities",Productivity,4+,94875648,11.0,2015-01-20T22:47:04Z,2024-11-05T20:06:40Z,3.4.1,0.0,True,4.55293,13434,4.55293,13434
Vivid Seats – Event Tickets,963355757,Vivid Seats | Buy Tickets,apple,"Entertainment, Sports",Entertainment,12+,147731456,15.1,2015-02-11T08:19:24Z,2025-09-22T16:05:38Z,2025.113.0,0.0,True,4.73526,370608,4.73526,370608
Name days,289170101,Name-days,apple,"Social Networking, Reference",Social Networking,4+,7967744,16.6,2019-02-12T08:00:00Z,2024-09-19T20:47:56Z,6.2.4,0.99,False,1.8,10,1.8,10
LBB - Find New & Unique Things To Do Around You,487922291,Eventbrite,apple,"Entertainment, Lifestyle",Entertainment,12+,169712640,15.0,2011-12-18T19:03:15Z,2025-09-10T15:54:29Z,10.27.0,0.0,True,4.8952,1536219,4.8952,1536219
Happy Birthday Songs Offline,921765888,Audiomack - Play Music Offline,apple,"Music, Entertainment",Music,12+,357881856,14.0,2014-11-19T20:23:53Z,2025-09-15T13:49:12Z,7.16.0,0.0,True,4.8075,1850065,4.8075,1850065
Series Valley of the Wolves full of part,1189578604,The Wolf: Animal Hunting Game,apple,"Games, Simulation, Role Playing",Games,12+,261610496,13.0,2017-02-01T11:23:12Z,2025-07-29T12:59:09Z,4.1.0,0.0,True,4.70723,92602,4.70723,92602
Mummatikabalkuragi,815022661,Bhajan - Devotional Songs App,apple,"Music, Lifestyle",Music,4+,57636864,18.0,2014-02-20T08:00:00Z,2025-01-15T15:15:56Z,4.6.1,0.0,True,4.62884,2053,4.62884,2053
"Gametime - Tickets to Sports, Concerts, Theater",630687854,Gametime - Last Minute Tickets,apple,"Entertainment, Sports",Entertainment,4+,98592768,14.0,2013-05-03T22:21:18Z,2025-09-22T13:39:01Z,2025.25.1,0.0,True,4.6527,234909,4.6527,234909
"PTI Flex Maker, Photo Frame Editor & Songs 2018",6443671340,Poster Maker - Crea,apple,"Graphics & Design, Photo & Video",Graphics & Design,4+,244127744,15.6,2022-10-06T07:00:00Z,2025-09-22T22:15:31Z,1.120,0.0,True,4.82198,8589,4.82198,8589
Wipe out,1419942366,Water Obstacle Course Runner,apple,"Games, Family, Entertainment, Adventure",Games,9+,125757440,6.0,2018-08-17T16:50:33Z,2018-08-17T16:50:33Z,1.0,0.0,True,2.73034,89,2.73034,89
Birthdays & Other Events,1453656360,Birthday Reminder & Countdown,apple,"Utilities, Lifestyle",Utilities,4+,37435392,13.0,2019-03-24T06:01:14Z,2025-01-16T18:52:08Z,2.11,0.0,True,4.71447,9547,4.71447,9547
Sarajevo Film Festival - Official,6449990612,Sarajevo Film Festival,apple,Entertainment,Entertainment,9+,32053248,13.4,2023-07-19T07:00:00Z,2025-08-01T12:51:33Z,4.5,0.0,True,4.0,2,4.0,2
Summer Madness,1363806166,Summer Madness,apple,"Lifestyle, Education",Lifestyle,12+,9507840,11.0,2018-03-29T02:25:20Z,2024-04-21T15:22:41Z,1.90,0.0,True,0.0,0,0.0,0
Events High - Meet Your City!,487922291,Eventbrite,apple,"Entertainment, Lifestyle",Entertainment,12+,169712640,15.0,2011-12-18T19:03:15Z,2025-09-10T15:54:29Z,10.27.0,0.0,True,4.8952,1536219,4.8952,1536219
vide-greniers.org,1369858738,Vide-greniers.org,apple,"Lifestyle, Entertainment",Lifestyle,4+,3213312,15.0,2018-11-24T20:47:53Z,2025-01-29T13:55:04Z,25.01.28,0.0,True,5.0,1,5.0,1
SUMMER SONIC app,582654048,Sonic Dash: Fun Endless Runner,apple,"Games, Entertainment, Action, Casual",Games,4+,341187584,13.0,2013-03-07T08:00:00Z,2025-09-25T11:18:42Z,8.13.0,0.0,True,4.68258,414604,4.68258,414604
Quake & Volcanoes: 3D Globe of Volcanic Eruptions,395928613,"Earthquake+ Alerts, Map & Info",apple,"Weather, News",Weather,4+,207535104,14.0,2010-10-08T20:52:16Z,2025-09-15T15:07:03Z,4.2.11,0.0,True,4.69393,21724,4.69393,21724
Prosperity,491100797,Prosperity Mobile Banking,apple,Finance,Finance,4+,81619968,15.0,2012-01-04T00:54:25Z,2025-06-03T04:21:15Z,24.1.15,0.0,True,4.77954,77034,4.77954,77034
Picktrainer: India's largest photo contest app,1111221823,GuruShots: Photography Game,apple,"Photo & Video, Games",Photo & Video,12+,497862656,16.0,2018-02-06T09:26:27Z,2025-09-09T12:39:09Z,2.41.5,0.0,True,4.43251,5156,4.43251,5156
AAS-IN-ASIA 2018,1042822181,Meeting Guide,apple,Lifestyle,Lifestyle,12+,36511744,13.4,2015-11-02T23:04:38Z,2025-05-29T14:14:24Z,4.2.60,0.0,True,4.32486,865,4.32486,865
Moot Peru 2018,1055008110,Radio Perú: Radios FM Peruanas,apple,"Music, Entertainment",Music,4+,87817216,12.4,2015-11-11T22:12:57Z,2024-05-02T11:20:37Z,2.6.1,0.0,True,4.80016,9708,4.80016,9708
FM News,1551472567,FM News,apple,"Business, Utilities",Business,17+,17297408,12.4,2021-02-23T08:00:00Z,2024-01-29T22:52:41Z,1.5,0.0,True,3.0,1,3.0,1
Goldstar: Live Event Tickets,404040847,Live Nation – For Concert Fans,apple,"Music, Entertainment",Music,4+,113798144,15.6,2010-11-30T03:40:38Z,2025-09-15T17:27:49Z,10.2.0,0.0,True,4.75218,143102,4.75218,143102
Emmabodafestivalen,939284774,Radiate,apple,"Social Networking, Lifestyle",Social Networking,17+,206061568,15.6,2015-06-30T16:21:17Z,2025-09-16T23:38:43Z,27.8,0.0,True,4.86817,23971,4.86817,23971
KudaGo - things to do in NY,1466065511,Go City -Travel Plan & Tickets,apple,"Travel, Utilities",Travel,4+,57737216,16.0,2019-08-29T07:00:00Z,2025-09-23T08:24:06Z,8.14.2,0.0,True,4.73705,23481,4.73705,23481
Mindvalley U Tallinn 2018,1108786610,Mindvalley: Self Improvement,apple,"Education, Health & Fitness",Education,12+,883188736,16.0,2016-05-13T03:51:13Z,2025-09-22T01:17:29Z,9.2.8,0.0,True,4.7595,6179,4.7595,6179
Rockmaraton Info,438690886,Songkick Concerts,apple,"Music, Entertainment",Music,4+,39435264,15.1,2011-06-08T05:21:18Z,2025-09-11T13:58:51Z,10.27.0,0.0,True,4.84093,97704,4.84093,97704
Freitas Auctioneer Official,468532534,IAA Buyer Salvage Auctions,apple,Business,Business,4+,61794304,14.0,2011-12-06T18:39:48Z,2025-09-26T01:37:15Z,7.10.82,0.0,True,4.12936,12840,4.12936,12840
mobLee Events,497702817,Fever: Events & Tickets,apple,"Entertainment, Lifestyle",Entertainment,12+,130922496,16.0,2012-05-25T15:04:57Z,2025-09-22T07:25:43Z,7.199.0,0.0,True,4.78111,58597,4.78111,58597
"Xceed - Clubs, DJs, Festivals & Tickets",487922291,Eventbrite,apple,"Entertainment, Lifestyle",Entertainment,12+,169712640,15.0,2011-12-18T19:03:15Z,2025-09-10T15:54:29Z,10.27.0,0.0,True,4.8952,1536219,4.8952,1536219
AMM Events & CPD,1413208875,AMM Events & CPD,apple,"Entertainment, Medical",Entertainment,17+,30198784,12.0,2018-08-02T23:49:25Z,2023-08-24T14:31:14Z,1.0.13,0.0,True,0.0,0,0.0,0
Arab Halls - For Wedding & Events,457941553,The Knot Wedding Planner,apple,"Lifestyle, Social Networking",Lifestyle,4+,423157760,17.0,2011-09-01T19:26:47Z,2025-09-22T15:04:03Z,4.57.0,0.0,True,4.86154,201492,4.86154,201492
MeAuDote - An act of love that saves a life,429901773,Bible - The Word of Promise®,apple,"Books, Reference",Book,4+,193723392,14.0,2011-04-18T20:23:24Z,2025-09-20T01:52:04Z,12.00.400,0.0,True,4.87127,2758,4.87127,2758
TCF National Conference,1640873677,Red Bird Ministries,apple,Lifestyle,Lifestyle,4+,74441728,17.0,2022-08-25T07:00:00Z,2025-09-19T07:31:00Z,4.75.1,0.0,True,4.97222,72,4.97222,72
Endurance Lifestyle,1192326768,Life Time Digital,apple,Health & Fitness,Health & Fitness,12+,222446592,17.0,2017-03-02T18:50:15Z,2025-09-22T16:13:18Z,2025.9.19,0.0,True,4.77684,177279,4.77684,177279
K PLUS,361170631,K PLUS,apple,"Finance, Business",Finance,4+,338752512,15.0,2010-03-27T01:05:05Z,2025-09-21T16:21:51Z,5.20.0,0.0,True,2.81618,272,2.81618,272
ING Banking,1364967778,ING Banking,apple,"Finance, Business",Finance,4+,228581376,15.0,2019-12-09T08:00:00Z,2025-09-23T12:24:37Z,2025.19.0,0.0,True,4.79795,391,4.79795,391
Citibanamex Movil,498483038,App Banamex,apple,Finance,Finance,4+,431200256,14.0,2012-02-22T16:53:36Z,2025-08-30T20:24:26Z,119.0.0,0.0,True,4.70254,46741,4.70254,46741
The postal bank,1441526458,Postal Finance Mastercard,apple,"Finance, Productivity",Finance,4+,91157504,14.0,2018-12-18T14:46:44Z,2025-06-09T06:34:17Z,12.0.0,0.0,True,4.04348,23,4.04348,23
KTB Netbank,1205807363,MB Bank,apple,Finance,Finance,4+,334354432,12.0,2017-04-10T06:50:33Z,2025-09-19T18:30:39Z,28.5.46,0.0,True,4.75706,20047,4.75706,20047
Mobile Bancomer,508421942,Mi Banco Mobile,apple,Finance,Finance,4+,85023744,15.0,2012-03-30T21:25:42Z,2025-09-02T13:18:23Z,3.51,0.0,True,4.82772,483361,4.82772,483361
Nedbank Money,1260981758,Nedbank Money,apple,"Finance, Business",Finance,4+,457420800,14.0,2017-10-16T06:10:24Z,2025-08-25T01:09:12Z,9.2.1,0.0,True,4.40824,1820,4.40824,1820
SCB EASY,568388474,SCB EASY,apple,"Finance, Business",Finance,4+,304650240,14.0,2012-10-24T21:54:06Z,2025-09-19T17:12:09Z,3.95.0,0.0,True,3.14857,175,3.14857,175
CASHIER,6511238101,My Supermarket Simulator 3D®,apple,"Games, Family, Simulation",Games,17+,588494848,15.0,2024-07-05T07:00:00Z,2025-09-25T07:05:53Z,1.18.9,0.0,True,4.71509,101226,4.71509,101226
Rabo Banking,346790636,Rabobank,apple,Finance,Finance,4+,75110400,14.0,2012-08-23T10:32:51Z,2025-08-28T08:49:42Z,7.50.1,0.0,True,4.68876,2278,4.68876,2278
Capitec Remote Banking,417970539,Regions Mobile,apple,Finance,Finance,4+,73164800,16.0,2011-02-08T01:11:40Z,2025-09-25T14:11:29Z,8.1.2,0.0,True,4.85225,520531,4.85225,520531
Itau bank,474505665,"Banco Itaú: Conta, Cartão e +",apple,"Finance, Shopping",Finance,4+,461027328,15.0,2011-10-25T14:47:02Z,2025-09-24T21:04:20Z,7.116.4,0.0,True,4.63138,39462,4.63138,39462
Nubank,814456780,Nu,apple,"Finance, Productivity",Finance,4+,239549440,15.0,2014-04-24T20:53:33Z,2025-09-22T21:24:55Z,7.11.40,0.0,True,4.84016,16886,4.84016,16886
The Societe Generale App,335186209,"Vanguard: Save, Invest, Retire",apple,Finance,Finance,4+,749436928,16.0,2009-10-24T19:14:54Z,2025-09-17T12:46:07Z,13.13.0,0.0,True,4.65235,176235,4.65235,176235
IKO,597657968,IKO,apple,"Finance, Business",Finance,4+,162582528,16.0,2013-02-21T00:46:16Z,2025-09-15T12:00:57Z,3.174.37,0.0,True,4.86059,4225,4.86059,4225
Cash App,711923939,Cash App: Mobile Banking,apple,"Finance, Business",Finance,4+,320438272,16.0,2013-10-16T07:51:06Z,2025-09-24T13:48:43Z,5.18.1,0.0,True,4.79012,7847358,4.79012,7847358
Standard Bank / Stanbic Bank,528239110,Standard Bank / Stanbic Bank,apple,Finance,Finance,4+,533629952,15.0,2012-06-28T17:17:45Z,2025-09-18T10:00:31Z,3.73.0,0.0,True,4.65428,4119,4.65428,4119
Bualuang mBanking,660238716,Bangkok Bank Mobile Banking,apple,"Finance, Business",Finance,4+,313449472,14.0,2013-12-18T17:48:00Z,2025-08-21T07:00:28Z,3.43.0,0.0,True,2.65022,223,2.65022,223
Intesa Sanpaolo Mobile,597360475,Intesa Sanpaolo Mobile,apple,"Finance, Business",Finance,4+,506943488,13.0,2013-02-04T09:21:37Z,2025-09-11T08:40:51Z,3.22.2,0.0,True,4.69327,3482,4.69327,3482
UBA Mobile Banking,1000669926,UBA Mobile Banking,apple,"Finance, Productivity",Finance,4+,77771776,15.6,2015-07-31T10:35:20Z,2025-08-19T22:51:05Z,8.3.64,0.0,True,3.98547,11838,3.98547,11838
BBVA Spain,325813155,BBVA Spain | Online banking,apple,"Finance, Business",Finance,4+,493728768,15.0,2010-06-08T09:28:47Z,2025-07-23T07:05:38Z,14.2.19,0.0,True,4.82838,2354,4.82838,2354
MyMo by GSB,1448468790,GSB Queue,apple,"Business, Productivity",Business,4+,13923328,9.0,2019-01-07T01:30:01Z,2020-06-01T18:52:26Z,1.2.1,0.0,True,2.71429,7,2.71429,7
VTB-Online,1665892408,Браузер Луна,apple,Utilities,Utilities,17+,354953216,15.0,2023-02-15T08:00:00Z,2025-09-10T08:29:59Z,6.4.0,0.0,True,4.73304,914,4.73304,914
Ecobank Mobile Banking,1017658759,Ecobank Mobile App,apple,"Finance, Business",Finance,4+,229250048,13.0,2015-07-27T19:35:53Z,2025-06-22T23:44:03Z,4.4.3,0.0,True,3.0297,1212,3.0297,1212
Banorte Movil,374817863,Banorte Movil,apple,"Finance, Business",Finance,4+,209482752,13.0,2010-06-11T22:55:49Z,2025-08-20T14:48:05Z,7.13.0.52645,0.0,True,4.29181,2930,4.29181,2930
Wells Fargo Mobile,311548709,Wells Fargo Mobile®,apple,"Finance, Business",Finance,4+,353202176,15.0,2009-05-18T07:00:00Z,2025-09-24T02:05:12Z,25.09.01,0.0,True,4.8578,10046447,4.8578,10046447
Credit Karma,519817714,Intuit Credit Karma,apple,"Finance, Productivity",Finance,4+,210924544,15.0,2012-07-18T07:00:00Z,2025-09-23T17:42:34Z,25.39,0.0,True,4.84356,7352681,4.84356,7352681
BZWBK24 mobile,444540712,Mission Fed Mobile Banking,apple,Finance,Finance,4+,46396416,16.0,2011-06-22T18:22:57Z,2025-09-23T07:19:07Z,6.0.250800,0.0,True,4.84816,17591,4.84816,17591
PayPal,283646709,"PayPal - Pay, Send, Save",apple,"Finance, Utilities",Finance,4+,470977536,15.0,2019-02-03T08:00:00Z,2025-09-25T00:03:10Z,8.93.1,0.0,True,4.78355,6299420,4.78355,6299420
Capital One® Mobile,407558537,Capital One Mobile,apple,Finance,Finance,4+,434268160,16.0,2010-12-13T08:00:00Z,2025-09-15T22:35:18Z,6.31.0,0.0,True,4.85182,9759098,4.85182,9759098
Zenith Bank Mobile App,732850254,Zenith Bank eaZymoney,apple,"Finance, Business",Finance,4+,23657472,12.4,2013-11-03T11:03:33Z,2025-09-15T07:09:19Z,4.4.16,0.0,True,3.50926,108,3.50926,108
"GCash - Buy Load, Pay Bills, Send Money",520020791,GCash,apple,"Finance, Lifestyle",Finance,4+,459017216,14.0,2012-05-22T00:25:35Z,2025-09-15T09:49:37Z,5.91.0,0.0,True,3.24818,2192,3.24818,2192
Post Bank,6444706327,Postbank,apple,Finance,Finance,4+,176654336,15.0,2022-12-07T08:00:00Z,2025-06-25T07:58:37Z,3.27.1,0.0,True,4.68454,485,4.68454,485
İşCep,308261752,İşCep,apple,"Finance, Business",Finance,12+,676075520,15.0,2009-03-27T02:13:14Z,2025-08-18T13:18:59Z,10.5.0,0.0,True,4.71889,23312,4.71889,23312
People's Bank,1054683572,Peoples Bank PEBO,apple,"Finance, Business",Finance,4+,56794112,16.0,2022-08-21T07:00:00Z,2025-03-18T20:52:30Z,3.0.51001,0.0,True,4.57669,1819,4.57669,1819
Google Pay,284815942,Google,apple,"Utilities, Reference",Utilities,17+,362350592,15.0,2019-02-12T08:00:00Z,2025-09-23T05:04:06Z,387.0,0.0,True,4.64795,3485345,4.64795,3485345
Transfer,1127930385,Verizon Content-Transfer,apple,Productivity,Productivity,4+,38435840,8.0,2016-07-20T23:18:36Z,2022-04-14T15:57:06Z,4.2.0,0.0,True,4.69381,31265,4.69381,31265
T-Mobile in,1111876388,T-Life,apple,"Lifestyle, Entertainment",Lifestyle,12+,634506240,16.0,2016-06-06T19:50:53Z,2025-08-23T22:45:48Z,11.1.1,0.0,True,4.7886,784333,4.7886,784333
TrueMoney Wallet,663885752,TrueMoney - Pay & Earn Coins,apple,"Finance, Shopping",Finance,9+,225986560,14.0,2013-07-15T07:00:00Z,2025-09-01T09:07:41Z,5.70.0 (1823),0.0,True,3.43348,233,3.43348,233
Alfa-Bank (Alfa-Bank),1050684372,Alfa by Bank Alfalah,apple,Finance,Finance,4+,518383616,13.0,2016-02-25T16:36:03Z,2025-09-24T11:12:51Z,3.1.0,0.0,True,4.54826,3159,4.54826,3159
Bank of Brazil,330984271,"BB: Banco, Conta, Pix, Cartão",apple,"Finance, Productivity",Finance,4+,300088320,12.0,2010-01-06T04:08:33Z,2025-09-23T15:51:10Z,9.79.0,0.0,True,4.70221,62529,4.70221,62529
WiseBanyan - Invest For Free,1204112719,Public: Invest & Trade,apple,"Finance, Social Networking",Finance,4+,230175744,15.0,2017-03-13T18:15:08Z,2025-09-20T04:22:37Z,5.0.6,0.0,True,4.68231,78349,4.68231,78349
"Robinhood - Investing, No Fees",938003185,Robinhood: Trading & Investing,apple,"Finance, Utilities",Finance,17+,590509056,16.0,2014-12-11T11:33:44Z,2025-09-22T18:57:52Z,2025.38.0,0.0,True,4.26478,4609166,4.26478,4609166
Wells Fargo Daily Change,311548709,Wells Fargo Mobile®,apple,"Finance, Business",Finance,4+,353202176,15.0,2009-05-18T07:00:00Z,2025-09-24T02:05:12Z,25.09.01,0.0,True,4.8578,10046447,4.8578,10046447
"Even - organize your money, get paid early",1497887283,Dayforce Wallet: On-demand Pay,apple,Finance,Finance,4+,59543552,16.0,2020-04-30T07:00:00Z,2025-09-24T14:09:22Z,1.100.0,0.0,True,4.85637,44259,4.85637,44259
Digit Save Money Automatically,969977669,Qapital: The Money Saving App,apple,Finance,Finance,4+,829059072,16.0,2015-03-14T11:05:07Z,2025-09-24T21:27:11Z,5.30,0.0,True,4.79955,85369,4.79955,85369
Stash: Invest. Learn. Save.,1017148055,Stash: Investing made easy,apple,"Finance, Education",Finance,4+,152706048,16.0,2015-10-15T04:00:58Z,2025-09-22T15:21:45Z,4.83.0,0.0,True,4.66608,310214,4.66608,310214
Acorns - Invest Spare Change,883324671,Acorns: Invest For Your Future,apple,"Finance, Productivity",Finance,4+,300993536,16.6,2014-08-26T09:26:43Z,2025-09-23T18:45:32Z,4.163.0,0.0,True,4.74589,930197,4.74589,930197
"Money Lover: Expense Tracker, Budget Planner",1525179720,Budget app - spending tracker,apple,"Finance, Productivity",Finance,4+,202260480,13.0,2020-08-29T07:00:00Z,2025-09-12T03:26:59Z,1.15.6,0.0,True,4.71713,11444,4.71713,11444
Expense IQ Money Manager,1363261979,Money IQ: Expenses & Income,apple,"Finance, Productivity",Finance,4+,30854144,16.4,2019-12-31T08:00:00Z,2025-09-19T07:24:31Z,1.2.0,0.0,True,5.0,3,5.0,3
Money Manager Expense & Budget,560481810,Money Manager Expense & Budget,apple,"Finance, Lifestyle",Finance,4+,63204352,14.0,2012-11-05T21:31:02Z,2025-07-21T02:59:13Z,2.12.1,0.0,True,4.81605,15917,4.81605,15917
"Prism Pay Bills, Track Money, Personal Finance",1050870627,Papaya: Securely Pay Any Bill,apple,"Finance, Productivity",Finance,17+,42836992,16.0,2015-11-23T17:37:13Z,2025-09-23T14:15:54Z,14.39.0,0.0,True,4.77634,116596,4.77634,116596
Monefy - Money Manager,1510997753,"Money manager, expense tracker",apple,"Finance, Utilities",Finance,4+,105004032,13.0,2020-10-24T07:00:00Z,2025-09-20T04:30:15Z,1.8.2,0.0,True,4.93014,6141,4.93014,6141
Simple - Better Banking,510717503,KeyBank Mobile Banking,apple,Finance,Finance,4+,97581056,13.0,2012-03-28T23:28:18Z,2025-09-16T14:36:37Z,5.0.13,0.0,True,4.71218,194077,4.71218,194077
Chime - Mobile Banking,836215269,Chime – Mobile Banking,apple,"Finance, Lifestyle",Finance,4+,212747264,15.1,2014-03-16T05:21:25Z,2025-09-23T15:17:47Z,5.293.0,0.0,True,4.81799,1172847,4.81799,1172847
Bluebird by American Express,566645291,Bluebird App,apple,"Finance, Utilities",Finance,4+,39329792,15.0,2012-10-16T07:00:00Z,2025-09-10T12:03:41Z,7.31.0,0.0,True,4.63891,21269,4.63891,21269
Walmart MoneyCard,6738166004,Walmart MoneyCard®,apple,"Finance, Utilities",Finance,4+,304896000,14.0,2025-05-17T07:00:00Z,2025-08-26T01:32:21Z,2.2.0,0.0,True,3.95348,1956,3.95348,1956
Moven - Smart Finances,303113127,PNC Mobile Banking,apple,Finance,Finance,4+,264116224,15.0,2009-01-30T23:34:18Z,2025-09-18T14:05:44Z,4.59.1,0.0,True,4.85297,1790626,4.85297,1790626
Qapital - Save Small. Live Large,969977669,Qapital: The Money Saving App,apple,Finance,Finance,4+,829059072,16.0,2015-03-14T11:05:07Z,2025-09-24T21:27:11Z,5.30,0.0,True,4.79955,85369,4.79955,85369
Experian - Free Credit Report,1087101090,Experian®,apple,"Finance, Productivity",Finance,4+,207884288,17.0,2016-05-16T17:28:24Z,2025-09-23T17:08:48Z,4.2.1,0.0,True,4.84446,2512672,4.84446,2512672
Branch,1047978697,Branch: A Better Payday,apple,"Finance, Business",Finance,4+,80716800,16.0,2015-10-31T12:08:07Z,2025-09-16T21:27:51Z,2025.9.1,0.0,True,4.74859,63585,4.74859,63585
"WalletHub - Free Credit Score, Report & Monitoring",476718980,Credit Sesame: Grow Your Score,apple,"Finance, Business",Finance,4+,188029952,17.0,2011-11-29T10:52:45Z,2025-09-09T19:38:56Z,7.19,0.0,True,4.80952,437275,4.80952,437275
CreditWise from Capital One,1008234539,Capital One CreditWise,apple,"Finance, Productivity",Finance,4+,204526592,16.0,2015-11-02T15:29:59Z,2025-09-10T13:43:34Z,1.139.0,0.0,True,4.83764,292243,4.83764,292243
"NerdWallet: Personal Finance, Credit Score & Cash",1174471607,NerdWallet: Smart Money App,apple,Finance,Finance,4+,82219008,15.1,2016-12-07T22:54:42Z,2025-09-23T19:23:04Z,14.4.0,0.0,True,4.83246,118860,4.83246,118860
my face,1180884341,FaceApp: Perfect Face Editor,apple,"Photo & Video, Entertainment",Photo & Video,9+,171264000,16.0,2017-01-24T14:13:07Z,2025-09-20T10:10:41Z,12.12.2,0.0,True,4.73132,1692947,4.73132,1692947
Credit Sesame,476718980,Credit Sesame: Grow Your Score,apple,"Finance, Business",Finance,4+,188029952,17.0,2011-11-29T10:52:45Z,2025-09-09T19:38:56Z,7.19,0.0,True,4.80952,437275,4.80952,437275
"Mint: Budget, Bills, Finance",942571931,EveryDollar: Budget Management,apple,"Finance, Productivity",Finance,4+,222287872,15.0,2015-02-28T01:46:45Z,2025-09-24T13:44:00Z,2025.9.220,0.0,True,4.73308,77715,4.73308,77715
Fresh EBT - Food Stamp Balance,1112719759,"Propel: EBT, SNAP, WIC, & more",apple,"Finance, Shopping",Finance,4+,47456256,14.0,2016-05-12T19:59:13Z,2025-09-06T14:52:22Z,8.5.0,0.0,True,4.86201,454762,4.86201,454762
"Hurdlr: Track Mileage, Expenses, and Log Receipts",985378916,Mileage Tracker by Everlance,apple,"Finance, Business",Finance,4+,184333312,14.1,2015-08-21T05:13:49Z,2025-09-12T08:17:03Z,5.3.9,0.0,True,4.83026,41688,4.83026,41688
Mobills: Budget Planner,921838244,Mobills - Budget Planner,apple,"Finance, Education",Finance,4+,228314112,15.0,2014-11-15T00:00:26Z,2025-09-16T11:06:11Z,5.211.0,0.0,True,4.6772,4111,4.6772,4111
Everlance: Free Mileage Log,985378916,Mileage Tracker by Everlance,apple,"Finance, Business",Finance,4+,184333312,14.1,2015-08-21T05:13:49Z,2025-09-12T08:17:03Z,5.3.9,0.0,True,4.83026,41688,4.83026,41688
MileIQ - Free Mileage Tracker for Business,578830929,MileIQ: Mileage Tracker & Log,apple,"Finance, Business",Finance,4+,107405312,16.0,2013-01-15T08:00:00Z,2025-09-23T14:26:40Z,5.21.0,0.0,True,4.75234,82333,4.75234,82333
QuickBooks Self-Employed:Mileage Tracker and Taxes,584606479,QuickBooks Business Accounting,apple,"Business, Finance",Business,4+,597472256,16.0,2013-02-14T02:07:40Z,2025-09-23T15:40:28Z,25.09.5,0.0,True,4.73106,218774,4.73106,218774
FREE Stock Market Trading Tips,1237516490,TipRanks Stock Market Analysis,apple,"Finance, Utilities",Finance,4+,261834752,14.0,2018-02-01T16:46:15Z,2025-09-08T13:15:58Z,3.44.1,0.0,True,4.77378,17076,4.77378,17076
MetaTrader 5,413251709,MetaTrader 5,apple,"Finance, Business",Finance,4+,26321920,15.0,2011-01-15T08:42:29Z,2025-07-21T23:50:40Z,5.0.5130,0.0,True,4.78214,57123,4.78214,57123
MetaTrader 4,496212596,MetaTrader 4,apple,"Finance, Business",Finance,4+,17060864,12.0,2012-02-02T01:58:10Z,2025-05-27T22:27:33Z,4.0.1441,0.0,True,4.79362,78221,4.79362,78221
Stock Quote,517166254,Stocks Tracker:Real-time stock,apple,"Finance, Business",Finance,4+,21437440,14.0,2012-04-11T22:32:10Z,2024-09-26T20:01:53Z,8.3.9,0.0,True,4.54568,54982,4.54568,54982
Seeking Alpha,552799694,Seeking Alpha: News & Analysis,apple,"Finance, News",Finance,12+,24275968,15.6,2012-09-05T07:00:00Z,2025-09-15T07:41:46Z,9.2.0,0.0,True,4.76675,121072,4.76675,121072
Stock Trainer: Virtual Trading (Stock Markets),299366785,thinkorswim: Trade. Invest.,apple,"Finance, Business",Finance,4+,154757120,16.0,2009-03-25T21:28:01Z,2025-09-24T20:44:53Z,223,0.0,True,4.73749,325627,4.73749,325627
Stocks: Realtime Quotes Charts,885333643,Stocks: Realtime Quotes Charts,apple,"Finance, Business",Finance,17+,37170176,12.0,2014-06-29T04:57:25Z,2024-08-26T21:49:47Z,8.8,0.0,True,4.65609,2899,4.65609,2899
"Stocks, Forex, Bitcoin, Ethereum: Portfolio & News",328412701,Yahoo Finance: Stocks & News,apple,"Finance, News",Finance,4+,174663680,18.0,2009-09-08T03:58:36Z,2025-09-22T14:29:13Z,25.18.3,0.0,True,4.75086,600310,4.75086,600310
CNBC: Breaking Business News & Live Market Data,398018310,CNBC: Stock Market & Business,apple,"News, Finance",News,4+,122738688,16.0,2010-12-06T20:17:56Z,2025-09-16T21:28:34Z,7.1.1,0.0,True,4.71511,628387,4.71511,628387
US Stock Market,1069512882,Stocks,apple,"Finance, Utilities",Finance,4+,4590592,10.0,2016-05-10T18:16:42Z,2025-09-15T22:27:02Z,2.9.1,0.0,True,4.5624,644215,4.5624,644215
Bloomberg Professional,407761767,Bloomberg Professional,apple,"Finance, Business",Finance,12+,153156608,18.0,2010-12-31T08:00:00Z,2025-09-22T10:41:11Z,2.2519,0.0,True,3.74318,440,3.74318,440
E*TRADE Mobile,313259740,E*TRADE: Invest. Trade. Save.,apple,"Finance, Business",Finance,4+,96461824,16.2,2009-04-22T18:00:17Z,2025-09-12T21:09:21Z,14.7.2,0.0,True,4.71448,347189,4.71448,347189
MSN Money- Stock Quotes & News,945416273,MSN,apple,News,News,17+,249332736,16.0,2014-12-11T09:41:00Z,2025-09-17T01:53:29Z,32.4.430916001,0.0,True,4.60107,119042,4.60107,119042
Fox Business,333177961,Fox Business: Invested In You,apple,"Finance, News",Finance,4+,98059264,15.0,2009-10-26T07:00:00Z,2024-11-12T00:12:39Z,4.71.4,0.0,True,3.23292,1142,3.23292,1142
NSE Mobile Trading,1205990992,TradingView: Track All Markets,apple,"Finance, News",Finance,17+,179249152,16.0,2017-04-24T11:29:54Z,2025-09-20T04:22:50Z,2.116.1,0.0,True,4.8535,323466,4.8535,323466
Yahoo Finance,328412701,Yahoo Finance: Stocks & News,apple,"Finance, News",Finance,4+,174663680,18.0,2009-09-08T03:58:36Z,2025-09-22T14:29:13Z,25.18.3,0.0,True,4.75086,600310,4.75086,600310
"JStock - Stock Market, Portfolio & News",328412701,Yahoo Finance: Stocks & News,apple,"Finance, News",Finance,4+,174663680,18.0,2009-09-08T03:58:36Z,2025-09-22T14:29:13Z,25.18.3,0.0,True,4.75086,600310,4.75086,600310
Webull - Stock Quotes & Free Stock Trading,1179213067,Webull: Investing & Trading,apple,"Finance, Business",Finance,4+,368254976,14.0,2017-01-18T01:30:51Z,2025-09-05T10:00:49Z,11.4.0,0.0,True,4.70414,323137,4.70414,323137
"Trading 212 - Forex, Stocks, CFDs",1506581586,Forex Trading Broker FOREX.com,apple,Finance,Finance,4+,153582592,12.0,2021-03-08T08:00:00Z,2025-09-25T13:40:08Z,1.229.7268,0.0,True,4.58188,4250,4.58188,4250
"Moneycontrol – Stocks, Sensex, Mutual Funds, IPO",328412701,Yahoo Finance: Stocks & News,apple,"Finance, News",Finance,4+,174663680,18.0,2009-09-08T03:58:36Z,2025-09-22T14:29:13Z,25.18.3,0.0,True,4.75086,600310,4.75086,600310
Current debit card and app made for teens,1077366211,Current: The Future of Banking,apple,"Finance, Shopping",Finance,4+,160451584,16.0,2016-04-05T06:03:38Z,2025-09-15T14:11:13Z,7.37.0,0.0,True,4.77189,185504,4.77189,185504
Betterment,393156562,Betterment Invest & Save Money,apple,"Finance, Business",Finance,4+,147611648,14.0,2010-09-21T02:00:11Z,2025-09-23T14:57:13Z,9.7.0,0.0,True,4.76347,57645,4.76347,57645
Citizens Bank Mobile Banking,388082488,Citizens Bank Mobile Banking,apple,Finance,Finance,4+,416430080,16.0,2010-09-17T07:00:00Z,2025-09-22T15:32:43Z,25.18.0,0.0,True,4.74662,690592,4.74662,690592
GoBank,1534345772,GO2bank: Mobile banking,apple,"Finance, Utilities",Finance,4+,288654336,14.0,2020-11-19T08:00:00Z,2025-08-18T01:01:10Z,2.10.0,0.0,True,4.77074,55974,4.77074,55974
NetSpend Prepaid,407835353,Classic Netspend,apple,"Finance, Productivity",Finance,4+,70418432,13.0,2010-12-14T20:22:46Z,2025-06-26T15:33:31Z,6.8.2,0.0,True,4.7928,109537,4.7928,109537
BBVA Compass Banking,325813155,BBVA Spain | Online banking,apple,"Finance, Business",Finance,4+,493728768,15.0,2010-06-08T09:28:47Z,2025-07-23T07:05:38Z,14.2.19,0.0,True,4.82838,2354,4.82838,2354
BankMobile Vibe App,578435033,BankMobile,apple,"Finance, Productivity",Finance,4+,86639616,15.5,2012-11-20T04:03:19Z,2025-07-31T14:03:32Z,7.5.1,0.0,True,4.66919,25335,4.66919,25335
Netspend Skylight ONE,872717411,Netspend Skylight ONE,apple,"Finance, Productivity",Finance,4+,56284160,13.0,2014-05-09T19:59:17Z,2025-04-01T15:22:54Z,6.8.2,0.0,True,1.89249,1079,1.89249,1079
ACE Elite,445121924,ACE Elite Prepaid,apple,"Finance, Productivity",Finance,4+,71121920,13.0,2011-07-01T20:57:23Z,2024-08-26T22:36:35Z,6.8.1,0.0,True,4.72549,867,4.72549,867
U.S. Bank,458734623,U.S. Bank Mobile Banking,apple,"Finance, Business",Finance,4+,296787968,16.0,2011-09-30T07:00:00Z,2025-08-22T22:12:06Z,3.0.7636,0.0,True,4.79758,1866523,4.79758,1866523
Huntington Mobile,441599004,Huntington Mobile Banking,apple,Finance,Finance,4+,125672448,15.5,2011-06-14T09:35:27Z,2025-09-09T11:12:57Z,6.68.86,0.0,True,4.83553,245248,4.83553,245248
USAA Mobile,312325565,USAA Mobile,apple,Finance,Finance,4+,113946624,16.0,2009-05-11T05:32:16Z,2025-09-22T15:16:53Z,9.58.2,0.0,True,4.80997,2074257,4.80997,2074257
Associated Credit Union Mobile,402775463,Associated Credit Union,apple,"Finance, Productivity",Finance,4+,116697088,16.0,2010-11-16T17:10:50Z,2025-09-20T13:31:33Z,2025.7.3.1,0.0,True,4.84724,8111,4.84724,8111
Bank of America Mobile Banking,284847138,Bank of America Mobile Banking,apple,"Finance, Business",Finance,4+,516442112,16.0,2019-02-01T08:00:00Z,2025-09-15T02:05:44Z,25.09.04,0.0,True,4.81499,4893472,4.81499,4893472
USE Credit Union Mobile,464301327,Redstone Federal Credit Union,apple,"Finance, Productivity",Finance,4+,97245184,14.0,2011-09-15T22:39:12Z,2025-02-11T19:25:15Z,2024.10.1.12,0.0,True,4.84403,42341,4.84403,42341
Discover Mobile,338010821,Discover Mobile,apple,Finance,Finance,4+,232943616,15.0,2009-11-17T18:48:07Z,2025-09-23T18:36:26Z,2518.0,0.0,True,4.85878,4386610,4.85878,4386610
Amex Mobile,362348516,Amex,apple,"Finance, Business",Finance,4+,391372800,17.2,2010-03-31T07:00:00Z,2025-09-23T18:04:50Z,7.22.2,0.0,True,4.88221,4049249,4.88221,4049249
Citi Mobile®,301724680,Citi Mobile®,apple,Finance,Finance,4+,331591680,16.0,2009-01-24T08:00:00Z,2025-09-25T19:41:57Z,9.88.0,0.0,True,4.88074,3880331,4.88074,3880331
Navy Federal Credit Union,370811491,Navy Federal Credit Union,apple,"Finance, Business",Finance,4+,150391808,16.0,2010-05-07T17:38:33Z,2025-09-16T12:39:27Z,7.3.4,0.0,True,4.889,813663,4.889,813663
Chase Mobile,298867247,Chase Mobile®: Bank & Invest,apple,"Finance, Productivity",Finance,4+,419642368,16.0,2008-12-15T08:00:00Z,2025-09-23T13:03:53Z,4.680,0.0,True,4.8438,8334889,4.8438,8334889
HDFC Bank MobileBanking,515891771,HDFC Bank MobileBanking,apple,"Finance, Business",Finance,4+,235840512,15.6,2012-04-11T01:23:37Z,2025-08-29T07:52:58Z,11.3.3,0.0,True,3.34091,2200,3.34091,2200
Barclays US for Android,425199399,Barclays US,apple,Finance,Finance,4+,158894080,15.0,2011-03-29T15:06:05Z,2025-09-12T13:48:03Z,8.5.5,0.0,True,4.84952,409632,4.84952,409632
McDonald's,922103212,McDonald's,apple,"Food & Drink, Shopping",Food & Drink,4+,393848832,15.0,2014-10-25T02:15:04Z,2025-09-19T16:56:57Z,25.82.1,0.0,True,4.83959,6467474,4.83959,6467474
Easy and Fast Recipes,911422904,NYT Cooking: Quick Tasty Meals,apple,"Food & Drink, Reference",Food & Drink,12+,330505216,17.0,2014-09-17T17:36:13Z,2025-09-24T08:12:14Z,4.138.0,0.0,True,4.91544,532436,4.91544,532436
Cookpad - FREE recipe search makes fun cooking · musical making!,585332633,"Cookpad Recipes, homemade food",apple,"Food & Drink, Lifestyle",Food & Drink,4+,160367616,16.0,2012-12-14T17:25:51Z,2025-09-22T03:36:48Z,2025.39.0,0.0,True,4.39509,7216,4.39509,7216
DELISH KITCHEN - FREE recipe movies make food fun and easy!,911422904,NYT Cooking: Quick Tasty Meals,apple,"Food & Drink, Reference",Food & Drink,12+,330505216,17.0,2014-09-17T17:36:13Z,2025-09-24T08:12:14Z,4.138.0,0.0,True,4.91544,532436,4.91544,532436
Sumine side dish - dish recipe side dish,911422904,NYT Cooking: Quick Tasty Meals,apple,"Food & Drink, Reference",Food & Drink,12+,330505216,17.0,2014-09-17T17:36:13Z,2025-09-24T08:12:14Z,4.138.0,0.0,True,4.91544,532436,4.91544,532436
Easy Recipes,1217456898,"Tasty: Recipes, Cooking Videos",apple,"Food & Drink, Entertainment",Food & Drink,4+,73980928,17.0,2017-07-27T02:33:20Z,2025-07-22T15:04:39Z,3.39.1,0.0,True,4.90841,430881,4.90841,430881
Delicious Recipes,771068291,Kitchen Stories Easy Recipes,apple,"Food & Drink, Health & Fitness",Food & Drink,4+,133596160,14.7,2014-02-11T10:57:47Z,2025-09-02T15:45:20Z,26.0.2,0.0,True,4.82565,22811,4.82565,22811
Tastely,1361180197,Taste: Movie & TV Suggestions,apple,"Entertainment, News",Entertainment,12+,39870464,12.4,2018-04-03T17:52:57Z,2025-03-05T11:27:20Z,2.6.0,0.0,True,4.59612,2169,4.59612,2169
Pastry & Cooking (Without Net),911422904,NYT Cooking: Quick Tasty Meals,apple,"Food & Drink, Reference",Food & Drink,12+,330505216,17.0,2014-09-17T17:36:13Z,2025-09-24T08:12:14Z,4.138.0,0.0,True,4.91544,532436,4.91544,532436
Frigo Magic: Easy recipe idea and anti-waste,294363034,BigOven Recipes & Meal Planner,apple,"Food & Drink, Lifestyle",Food & Drink,4+,85972992,15.0,2008-10-23T15:46:52Z,2025-08-26T08:23:22Z,16.58,0.0,True,4.70698,13231,4.70698,13231
McDonald's - McDonald's Japan,922103212,McDonald's,apple,"Food & Drink, Shopping",Food & Drink,4+,393848832,15.0,2014-10-25T02:15:04Z,2025-09-19T16:56:57Z,25.82.1,0.0,True,4.83959,6467474,4.83959,6467474
Debonairs Pizza,1031141698,Mr D - Groceries & Takeaway,apple,"Food & Drink, Shopping",Food & Drink,17+,227997696,15.0,2016-04-05T10:37:27Z,2025-09-15T09:55:46Z,6.28.0,0.0,True,4.81501,7260,4.81501,7260
Popeyes® App,1386566985,Popeyes®,apple,"Food & Drink, Lifestyle",Food & Drink,17+,71641088,15.1,2018-07-31T10:59:39Z,2025-09-24T14:09:02Z,7.35.0,0.0,True,4.79315,301353,4.79315,301353
Dunkin' Donuts,1056813463,Dunkin',apple,Food & Drink,Food & Drink,4+,331130880,15.0,2015-11-17T19:40:52Z,2025-08-26T21:02:43Z,11.16.1,0.0,True,4.81205,1204845,4.81205,1204845
Pyaterochka,881463973,Магнит: акции и доставка,apple,"Food & Drink, Shopping",Food & Drink,17+,469724160,15.0,2014-06-22T04:45:08Z,2025-09-20T04:32:38Z,8.72.0,0.0,True,4.64182,2348,4.64182,2348
Simple Recipes,1217456898,"Tasty: Recipes, Cooking Videos",apple,"Food & Drink, Entertainment",Food & Drink,4+,73980928,17.0,2017-07-27T02:33:20Z,2025-07-22T15:04:39Z,3.39.1,0.0,True,4.90841,430881,4.90841,430881
Grubhub: Food Delivery,302920553,Grubhub: Food Delivery,apple,"Food & Drink, Travel",Food & Drink,12+,233766912,16.0,2009-02-04T03:37:30Z,2025-09-22T13:22:40Z,2025.39,0.0,True,4.75012,4472108,4.75012,4472108
Panera Bread,692365393,Panera Bread,apple,"Food & Drink, Lifestyle",Food & Drink,4+,158758912,16.6,2013-10-11T07:00:00Z,2025-09-25T21:20:40Z,5.23,0.0,True,4.90599,1122080,4.90599,1122080
Chick-fil-A,488818252,Chick-fil-A,apple,"Food & Drink, Lifestyle",Food & Drink,4+,197777408,16.0,2011-12-16T21:48:58Z,2025-09-22T23:40:57Z,2025.19.0,0.0,True,4.93441,3692618,4.93441,3692618
hellofood - Food Delivery,970107419,HelloFresh: Meal Kit Delivery,apple,"Food & Drink, Lifestyle",Food & Drink,4+,385459200,16.0,2015-07-27T14:33:14Z,2025-09-24T12:44:30Z,25.39,0.0,True,4.72426,218127,4.72426,218127
Starbucks,331177714,Starbucks,apple,"Food & Drink, Lifestyle",Food & Drink,4+,194971648,16.4,2009-09-23T05:33:59Z,2025-09-15T17:00:50Z,6.106,0.0,True,4.88096,7040333,4.88096,7040333
Easy and quick desserts,1190437109,Just Desserts - Recipes,apple,"Food & Drink, Reference",Food & Drink,4+,41378816,14.0,2018-08-05T16:27:04Z,2023-12-18T13:53:56Z,3.0,0.0,True,4.69841,189,4.69841,189
Domino's Pizza USA,436491861,Domino's Pizza USA,apple,"Food & Drink, Lifestyle",Food & Drink,4+,278419456,16.0,2011-06-08T00:37:24Z,2025-09-22T13:29:26Z,12.9.1,0.0,True,4.77996,4984046,4.77996,4984046
Chef - Recipes & Cooking,1164423781,Gronda: Recipes for Chefs,apple,"Food & Drink, Lifestyle",Food & Drink,4+,109942784,14.0,2016-11-04T19:28:45Z,2025-09-23T09:34:02Z,7.8.1,0.0,True,4.80844,6035,4.80844,6035
"Delivery Club-food delivery: pizza, sushi, burger, salad",434613896,Zomato: Food Delivery & Dining,apple,"Food & Drink, Lifestyle",Food & Drink,4+,205580288,16.0,2011-05-24T18:02:45Z,2025-09-19T16:33:34Z,18.47.8,0.0,True,4.67792,121599,4.67792,121599
HungerStation,596011949,HungerStation,apple,"Food & Drink, Lifestyle",Food & Drink,4+,189106176,15.0,2013-02-02T19:29:38Z,2025-09-24T08:29:06Z,5.16.96,0.0,True,4.39804,164529,4.39804,164529
Delivery yogi.,434613896,Zomato: Food Delivery & Dining,apple,"Food & Drink, Lifestyle",Food & Drink,4+,205580288,16.0,2011-05-24T18:02:45Z,2025-09-19T16:33:34Z,18.47.8,0.0,True,4.67792,121599,4.67792,121599
Delivery trough - delivery trough delivery trough,1001501844,Deliveroo: Food & Shopping,apple,"Food & Drink, Shopping",Food & Drink,12+,230800384,16.0,2016-02-16T17:43:50Z,2025-09-25T15:06:50Z,3.297.1,0.0,True,4.64867,194006,4.64867,194006
Dr. Oetker recipe ideas,312101965,Epicurious,apple,"Food & Drink, Lifestyle",Food & Drink,4+,137896960,15.0,2009-04-24T22:45:49Z,2025-09-14T17:47:50Z,7.3.18,0.0,True,4.73346,99065,4.73346,99065
SONIC Drive-In,867827909,SONIC Drive-In - Order Online,apple,Food & Drink,Food & Drink,4+,68573184,15.1,2014-05-12T07:00:00Z,2025-09-18T15:47:23Z,5.67.0,0.0,True,4.86069,2587805,4.86069,2587805
SUBWAY®,901941015,Subway®,apple,Food & Drink,Food & Drink,4+,152341504,15.0,2014-07-30T07:00:00Z,2025-09-19T02:01:54Z,30.16.1,0.0,True,4.81289,1103667,4.81289,1103667
GialloZafferano: Recipes,911422904,NYT Cooking: Quick Tasty Meals,apple,"Food & Drink, Reference",Food & Drink,12+,330505216,17.0,2014-09-17T17:36:13Z,2025-09-24T08:12:14Z,4.138.0,0.0,True,4.91544,532436,4.91544,532436
Dairy Queen,1359480496,Dairy Queen® Food & Treats,apple,"Food & Drink, Lifestyle",Food & Drink,4+,78509056,16.0,2018-05-29T08:27:31Z,2025-09-26T11:45:09Z,3.3.22,0.0,True,4.72145,206239,4.72145,206239
9th stage,1580044138,HATSUNE MIKU: COLORFUL STAGE!,apple,"Games, Card, Music, Entertainment",Games,9+,503643136,13.0,2021-12-07T08:00:00Z,2025-09-25T06:00:16Z,4.0.0,0.0,True,4.83505,187869,4.83505,187869
OpenRice,310663323,OpenRice,apple,"Food & Drink, Lifestyle",Food & Drink,4+,306519040,15.0,2009-04-16T01:06:28Z,2025-09-16T07:38:44Z,7.14.3,0.0,True,4.20482,83,4.20482,83
SarashpazPapion (Cooking with Chef Bowls),585332633,"Cookpad Recipes, homemade food",apple,"Food & Drink, Lifestyle",Food & Drink,4+,160367616,16.0,2012-12-14T17:25:51Z,2025-09-22T03:36:48Z,2025.39.0,0.0,True,4.39509,7216,4.39509,7216
Little Caesars,992600579,Little Caesars Pizza,apple,Food & Drink,Food & Drink,4+,75641856,16.0,2015-11-07T15:57:06Z,2025-09-22T03:08:31Z,25.18.0,0.0,True,4.76879,704925,4.76879,704925
Recipes Pastries and homemade pies More than 500 recipes for pastries,1593779280,ReciMe: Recipes & Meal Planner,apple,"Food & Drink, Social Networking",Food & Drink,9+,206350336,17.0,2021-11-12T08:00:00Z,2025-09-18T13:26:44Z,4.4.3,0.0,True,4.80837,128047,4.80837,128047
Om Waleed Sweets,451001072,"talabat: Food, grocery & more",apple,"Food & Drink, Lifestyle",Food & Drink,4+,220294144,13.0,2011-08-02T10:13:08Z,2025-09-25T12:55:12Z,12.99.0,0.0,True,4.58645,254530,4.58645,254530
"Eat Fast Prepare ""Without Internet""",1189568780,BodyFast: Intermittent Fasting,apple,"Health & Fitness, Food & Drink",Health & Fitness,17+,106027008,13.4,2018-01-22T16:22:34Z,2025-09-02T11:24:43Z,3.49.3,0.0,True,4.71138,137783,4.71138,137783
Wendy’s – Food and Offers,540518599,Wendy’s,apple,Food & Drink,Food & Drink,4+,120136704,13.0,2012-07-10T00:34:00Z,2025-09-22T12:58:45Z,11.35.0,0.0,True,4.7571,1517420,4.7571,1517420
My Recipes Cookbook : RecetteTek,974683711,Recipe Keeper,apple,Food & Drink,Food & Drink,17+,173135872,12.2,2015-04-02T18:55:45Z,2025-09-08T08:18:26Z,3.44.0,0.0,True,4.83333,23609,4.83333,23609
Healthy Recipes Free,1079999103,Mealime Meal Plans & Recipes,apple,"Food & Drink, Health & Fitness",Food & Drink,4+,63213568,15.6,2016-02-24T03:26:11Z,2025-08-21T09:45:27Z,4.21.10,0.0,True,4.81383,53219,4.81383,53219
Cookbook Recipes,1217456898,"Tasty: Recipes, Cooking Videos",apple,"Food & Drink, Entertainment",Food & Drink,4+,73980928,17.0,2017-07-27T02:33:20Z,2025-07-22T15:04:39Z,3.39.1,0.0,True,4.90841,430881,4.90841,430881
ChefTap Recipes & Grocery List,522167641,AnyList: Grocery Shopping List,apple,"Productivity, Food & Drink",Productivity,4+,108254208,14.0,2012-05-11T07:00:00Z,2025-08-29T19:57:13Z,5.30.4,0.0,True,4.87218,74028,4.87218,74028
Recipe Keeper,974683711,Recipe Keeper,apple,Food & Drink,Food & Drink,17+,173135872,12.2,2015-04-02T18:55:45Z,2025-09-08T08:18:26Z,3.44.0,0.0,True,4.83333,23609,4.83333,23609
My CookBook (Recipe Manager),974683711,Recipe Keeper,apple,Food & Drink,Food & Drink,17+,173135872,12.2,2015-04-02T18:55:45Z,2025-09-08T08:18:26Z,3.44.0,0.0,True,4.83333,23609,4.83333,23609
50 Healthy Slow Cooker Recipes,6479693198,"Eatr: AI Healthy Meal, Recipes",apple,"Food & Drink, Health & Fitness",Food & Drink,12+,132577280,16.1,2024-04-01T07:00:00Z,2025-09-18T12:17:58Z,2.35.1,0.0,True,4.67543,5817,4.67543,5817
Easy Healthy Recipes,6479693198,"Eatr: AI Healthy Meal, Recipes",apple,"Food & Drink, Health & Fitness",Food & Drink,12+,132577280,16.1,2024-04-01T07:00:00Z,2025-09-18T12:17:58Z,2.35.1,0.0,True,4.67543,5817,4.67543,5817
Allrecipes Dinner Spinner,1217456898,"Tasty: Recipes, Cooking Videos",apple,"Food & Drink, Entertainment",Food & Drink,4+,73980928,17.0,2017-07-27T02:33:20Z,2025-07-22T15:04:39Z,3.39.1,0.0,True,4.90841,430881,4.90841,430881
My CookBook Pro (Ad Free),1073341917,CookBook - Recipe Keeper,apple,"Food & Drink, Productivity",Food & Drink,17+,157540352,16.4,2016-09-06T01:40:14Z,2025-08-14T12:22:40Z,3.0.235,0.0,True,4.72664,2023,4.72664,2023
Paprika Recipe Manager,1303222868,Paprika Recipe Manager 3,apple,Food & Drink,Food & Drink,17+,36456448,12.0,2017-11-15T11:55:29Z,2025-07-30T01:41:31Z,3.8.3,4.99,False,4.90125,49521,4.90125,49521
Yummly Recipes & Shopping List,522167641,AnyList: Grocery Shopping List,apple,"Productivity, Food & Drink",Productivity,4+,108254208,14.0,2012-05-11T07:00:00Z,2025-08-29T19:57:13Z,5.30.4,0.0,True,4.87218,74028,4.87218,74028
Kitchen Stories - Recipes & Cooking,771068291,Kitchen Stories Easy Recipes,apple,"Food & Drink, Health & Fitness",Food & Drink,4+,133596160,14.7,2014-02-11T10:57:47Z,2025-09-02T15:45:20Z,26.0.2,0.0,True,4.82565,22811,4.82565,22811
Cookpad,585332633,"Cookpad Recipes, homemade food",apple,"Food & Drink, Lifestyle",Food & Drink,4+,160367616,16.0,2012-12-14T17:25:51Z,2025-09-22T03:36:48Z,2025.39.0,0.0,True,4.39509,7216,4.39509,7216
"BigOven Recipes, Meal Planner, Grocery List & More",294363034,BigOven Recipes & Meal Planner,apple,"Food & Drink, Lifestyle",Food & Drink,4+,85972992,15.0,2008-10-23T15:46:52Z,2025-08-26T08:23:22Z,16.58,0.0,True,4.70698,13231,4.70698,13231
Postmates Food Delivery: Order Eats & Alcohol,512393983,Postmates - Food Delivery,apple,"Food & Drink, Shopping",Food & Drink,12+,460976128,17.0,2012-04-11T07:00:00Z,2025-09-22T15:25:03Z,6.289.10000,0.0,True,4.76929,2025724,4.76929,2025724
Instacart: Grocery Delivery,1454056744,Instacart Shopper: Earn money,apple,Business,Business,12+,330779648,16.0,2019-05-01T16:55:34Z,2025-09-24T19:08:18Z,4.447.0,0.0,True,4.80468,1401171,4.80468,1401171
OpenTable: Restaurants Near Me,296581815,OpenTable,apple,"Food & Drink, Travel",Food & Drink,17+,130298880,16.1,2008-11-15T07:25:55Z,2025-09-22T16:58:12Z,18.23.0,0.0,True,4.91667,4958466,4.91667,4958466
Foursquare City Guide,870161082,Swarm by Foursquare,apple,"Travel, Lifestyle",Travel,12+,192381952,17.0,2014-05-15T17:04:05Z,2025-09-05T14:56:10Z,7.0.22,0.0,True,3.73862,4373,3.73862,4373
Zomato - Restaurant Finder and Food Delivery App,434613896,Zomato: Food Delivery & Dining,apple,"Food & Drink, Lifestyle",Food & Drink,4+,205580288,16.0,2011-05-24T18:02:45Z,2025-09-19T16:33:34Z,18.47.8,0.0,True,4.67792,121599,4.67792,121599
Munchery: Chef Crafted Fresh Food Delivered,1103061273,CookUnity - A Chef Marketplace,apple,Food & Drink,Food & Drink,17+,192641024,16.0,2016-04-18T00:17:56Z,2025-09-15T12:35:59Z,6.2.1,0.0,True,4.76762,12927,4.76762,12927
"delivery.com: Order Food, Alcohol & Laundry",435168129,delivery.com Food & Liquor App,apple,"Food & Drink, Lifestyle",Food & Drink,17+,94834688,16.6,2011-05-13T22:01:18Z,2025-09-15T21:16:50Z,5.23.6,0.0,True,4.81482,33340,4.81482,33340
Eat24 Food Delivery & Takeout,302920553,Grubhub: Food Delivery,apple,"Food & Drink, Travel",Food & Drink,12+,233766912,16.0,2009-02-04T03:37:30Z,2025-09-22T13:22:40Z,2025.39,0.0,True,4.75012,4472108,4.75012,4472108
BeyondMenu Food Delivery,760852900,Beyond Menu Food Delivery,apple,"Food & Drink, Lifestyle",Food & Drink,4+,120623104,14.0,2013-12-03T06:29:52Z,2025-09-17T14:34:55Z,3.20,0.0,True,4.80503,122421,4.80503,122421
EatStreet Food Delivery App,664697933,EatStreet Local Food Delivery,apple,Food & Drink,Food & Drink,4+,53572608,15.6,2013-07-09T01:00:39Z,2025-07-09T14:04:30Z,3.11.0,0.0,True,4.71244,30435,4.71244,30435
Pizza Hut,321560858,Pizza Hut - Delivery & Takeout,apple,"Food & Drink, Lifestyle",Food & Drink,12+,98581504,15.1,2009-07-08T21:33:17Z,2025-09-24T20:01:05Z,6.0.25,0.0,True,4.74881,4232154,4.74881,4232154
Caviar - Food Delivery,931355786,Caviar - Order Food Delivery,apple,Food & Drink,Food & Drink,4+,434888704,18.0,2014-12-04T15:32:05Z,2025-09-22T05:07:31Z,7.37.0,0.0,True,4.7687,169453,4.7687,169453
DoorDash - Food Delivery,719972451,DoorDash - Food Delivery,apple,"Food & Drink, Lifestyle",Food & Drink,12+,433113088,18.0,2013-10-10T19:46:20Z,2025-09-22T05:09:40Z,7.37.0,0.0,True,4.7737,20822570,4.7737,20822570
Uber Eats: Local Food Delivery,1131342792,Uber - Driver: Drive & Deliver,apple,"Business, Navigation",Business,4+,548155392,17.0,2016-10-18T19:07:11Z,2025-09-22T21:14:10Z,4.533.10001,0.0,True,4.45417,639900,4.45417,639900
Seamless Food Delivery/Takeout,381840917,Seamless: Local Food Delivery,apple,"Food & Drink, Lifestyle",Food & Drink,12+,233144320,16.0,2010-07-18T03:44:59Z,2025-09-22T13:18:18Z,2025.39,0.0,True,4.83167,490166,4.83167,490166
Talabat: Food Delivery,451001072,"talabat: Food, grocery & more",apple,"Food & Drink, Lifestyle",Food & Drink,4+,220294144,13.0,2011-08-02T10:13:08Z,2025-09-25T12:55:12Z,12.99.0,0.0,True,4.58645,254530,4.58645,254530
TheFork - Restaurants booking and special offers,424850908,TheFork - Restaurant bookings,apple,"Food & Drink, Lifestyle",Food & Drink,4+,157007872,16.1,2011-12-13T18:06:59Z,2025-09-22T23:39:07Z,25.16.0,0.0,True,4.876,55087,4.876,55087
foodpanda - Local Food Delivery,758103884,foodpanda: Food & Groceries,apple,"Food & Drink, Shopping",Food & Drink,4+,292472832,15.0,2013-11-25T18:13:11Z,2025-09-24T12:26:01Z,25.38.0,0.0,True,4.55291,246610,4.55291,246610
Home Workout - No Equipment,1313192037,Home Workout - No Equipments,apple,Health & Fitness,Health & Fitness,4+,518926336,13.0,2017-11-18T00:52:27Z,2025-09-01T05:48:08Z,1.39.10,0.0,True,4.86883,87822,4.86883,87822
Step Counter - Calorie Counter,6478076952,Eato®: Calorie Counter,apple,Health & Fitness,Health & Fitness,4+,294481920,14.0,2024-03-14T07:00:00Z,2025-09-17T00:28:47Z,1.6.6,0.0,True,4.7609,22250,4.7609,22250
Lose Belly Fat in 30 Days - Flat Stomach,1401094894,Lose Belly Fat at Home,apple,"Health & Fitness, Lifestyle",Health & Fitness,4+,186588160,12.4,2018-07-25T15:01:06Z,2025-09-17T03:04:35Z,1.6.19,0.0,True,4.9021,13534,4.9021,13534
Pedometer - Step Counter Free & Calorie Burner,712286167,Pedometer++,apple,"Health & Fitness, Lifestyle",Health & Fitness,4+,115132416,15.0,2013-10-01T17:32:11Z,2025-09-20T07:45:28Z,7.0.3,0.0,True,4.78693,160800,4.78693,160800
Six Pack in 30 Days - Abs Workout,1338655056,Six Pack in 30 Days - 6 Pack,apple,Health & Fitness,Health & Fitness,4+,517936128,13.0,2018-01-31T10:29:07Z,2025-09-20T07:50:33Z,1.39.0,0.0,True,4.84811,34360,4.84811,34360
Lose Weight in 30 Days,1266612768,Lose Weight at Home in 30 Days,apple,"Health & Fitness, Sports",Health & Fitness,4+,265402368,12.4,2017-08-10T02:19:19Z,2025-09-09T02:03:14Z,1.1.73,0.0,True,4.83561,20879,4.83561,20879
Pedometer,712286167,Pedometer++,apple,"Health & Fitness, Lifestyle",Health & Fitness,4+,115132416,15.0,2013-10-01T17:32:11Z,2025-09-20T07:45:28Z,7.0.3,0.0,True,4.78693,160800,4.78693,160800
LG Health,382952264,MyChart,apple,Medical,Medical,17+,132150272,16.2,2010-09-14T08:14:14Z,2025-09-22T14:22:47Z,11.5.2,0.0,True,4.61582,536848,4.61582,536848
Step Counter - Pedometer Free & Calorie Counter,712286167,Pedometer++,apple,"Health & Fitness, Lifestyle",Health & Fitness,4+,115132416,15.0,2013-10-01T17:32:11Z,2025-09-20T07:45:28Z,7.0.3,0.0,True,4.78693,160800,4.78693,160800
"Pedometer, Step Counter & Weight Loss Tracker App",712286167,Pedometer++,apple,"Health & Fitness, Lifestyle",Health & Fitness,4+,115132416,15.0,2013-10-01T17:32:11Z,2025-09-20T07:45:28Z,7.0.3,0.0,True,4.78693,160800,4.78693,160800
Sportractive GPS Running Cycling Distance Tracker,336599882,adidas Running: Run tracker,apple,"Health & Fitness, Sports",Health & Fitness,4+,285992960,17.0,2009-11-23T17:28:58Z,2025-09-22T07:14:58Z,13.54.0,0.0,True,4.79824,101222,4.79824,101222
30 Day Fitness Challenge - Workout at Home,1167377348,30 Day Fitness at Home,apple,"Health & Fitness, Sports",Health & Fitness,12+,514031616,13.0,2016-11-04T22:09:33Z,2025-09-18T02:06:47Z,2.34.0,0.0,True,4.90567,27159,4.90567,27159
Home Workout for Men - Bodybuilding,1323917721,Home Workout for Men,apple,Health & Fitness,Health & Fitness,17+,236876800,12.0,2018-01-18T07:33:00Z,2025-09-02T02:02:46Z,2.1.3,0.0,True,4.87736,8961,4.87736,8961
Fat Burning Workout - Home Weight lose,1439828095,SHRED: Gym & Home Workouts,apple,"Health & Fitness, Lifestyle",Health & Fitness,12+,243877888,17.0,2018-11-27T08:16:52Z,2025-09-25T16:36:07Z,5.1.4,0.0,True,4.82129,38582,4.82129,38582
Buttocks and Abdomen,1286963800,Female Fitness - Fit at Home,apple,"Health & Fitness, Sports",Health & Fitness,4+,159631360,12.4,2017-10-02T22:36:15Z,2025-09-09T02:13:09Z,1.4.6,0.0,True,4.83722,6598,4.83722,6598
Walking for Weight Loss - Walk Tracker,307861492,Map My Walk: Walking Tracker,apple,"Lifestyle, Health & Fitness",Lifestyle,4+,195796992,16.0,2011-04-29T23:39:19Z,2025-09-23T14:38:43Z,25.11.0,0.0,True,4.82894,451607,4.82894,451607
Running & Jogging,336599882,adidas Running: Run tracker,apple,"Health & Fitness, Sports",Health & Fitness,4+,285992960,17.0,2009-11-23T17:28:58Z,2025-09-22T07:14:58Z,13.54.0,0.0,True,4.79824,101222,4.79824,101222
Walk with Map My Walk,307861492,Map My Walk: Walking Tracker,apple,"Lifestyle, Health & Fitness",Lifestyle,4+,195796992,16.0,2011-04-29T23:39:19Z,2025-09-23T14:38:43Z,25.11.0,0.0,True,4.82894,451607,4.82894,451607
Sleep Sounds,1083248251,White Noise Deep Sleep Sounds,apple,"Health & Fitness, Medical",Health & Fitness,4+,225725440,12.0,2016-02-17T19:28:38Z,2025-09-24T05:15:52Z,3.39.0,0.0,True,4.80109,191986,4.80109,191986
Fitbit,462638897,Fitbit: Health & Fitness,apple,"Health & Fitness, Lifestyle",Health & Fitness,4+,301543424,16.4,2011-10-18T04:18:41Z,2025-09-15T12:50:39Z,4.52,0.0,True,4.50797,588029,4.50797,588029
Lose Belly Fat-Home Abs Fitness Workout,1352797646,Lose Belly Fat - Abs Workout,apple,"Health & Fitness, Education",Health & Fitness,4+,216011776,15.6,2018-02-26T16:57:47Z,2025-08-16T09:59:36Z,2.1.0,0.0,True,4.62905,7187,4.62905,7187
Runtastic Running App & Mile Tracker,336599882,adidas Running: Run tracker,apple,"Health & Fitness, Sports",Health & Fitness,4+,285992960,17.0,2009-11-23T17:28:58Z,2025-09-22T07:14:58Z,13.54.0,0.0,True,4.79824,101222,4.79824,101222
Cycling - Bike Tracker,292223170,Map My Ride With GPS Tracker,apple,"Health & Fitness, Social Networking",Health & Fitness,4+,195538944,16.0,2008-10-14T05:05:14Z,2025-09-22T13:16:35Z,25.11.0,0.0,True,4.82942,239956,4.82942,239956
Abs Training-Burn belly fat,1352797646,Lose Belly Fat - Abs Workout,apple,"Health & Fitness, Education",Health & Fitness,4+,216011776,15.6,2018-02-26T16:57:47Z,2025-08-16T09:59:36Z,2.1.0,0.0,True,4.62905,7187,4.62905,7187
Calorie Counter - EasyFit free,287529757,Calorie Counter - MyNetDiary,apple,"Health & Fitness, Lifestyle",Health & Fitness,12+,371200000,17.0,2019-02-03T08:00:00Z,2025-09-22T18:59:40Z,9.82,0.0,True,4.81993,122197,4.81993,122197
Nike+ Run Club,387771637,Nike Run Club: Running Coach,apple,"Health & Fitness, Sports",Health & Fitness,4+,318266368,17.0,2010-09-06T07:00:00Z,2025-09-02T18:01:59Z,7.70.0,0.0,True,4.77221,407270,4.77221,407270
Aunjai i lert u,706037876,Ayah - Quran App,apple,"Reference, Books",Reference,4+,186760192,15.0,2013-10-03T20:18:43Z,2025-03-20T18:07:44Z,28.0,0.0,True,4.79148,96982,4.79148,96982
Garmin Connect™,583446403,Garmin Connect™,apple,"Health & Fitness, Sports",Health & Fitness,4+,770359296,16.0,2013-01-10T06:26:44Z,2025-09-16T12:56:48Z,5.17.1,0.0,True,4.4023,52672,4.4023,52672
BetterMe: Weight Loss Workouts,1264546236,BetterMe: Health Coaching,apple,"Health & Fitness, Lifestyle",Health & Fitness,12+,265996288,16.0,2017-08-22T17:03:57Z,2025-09-25T11:09:08Z,17.41.0,0.0,True,4.66425,682701,4.66425,682701
Bike Computer - GPS Cycling Tracker,893687399,Ride with GPS: Bike Navigation,apple,"Health & Fitness, Navigation",Health & Fitness,4+,180703232,16.4,2014-07-20T04:34:55Z,2025-09-25T01:34:03Z,4.0.8,0.0,True,4.71434,20385,4.71434,20385
Calorie Counter - MyFitnessPal,341232718,MyFitnessPal: Calorie Counter,apple,"Health & Fitness, Food & Drink",Health & Fitness,17+,255612928,17.0,2009-12-08T02:04:45Z,2025-09-23T19:36:11Z,25.38.0,0.0,True,4.70857,2122160,4.70857,2122160
Six Packs for Man–Body Building with No Equipment,1424128078,Workouts For Men: Gym & Home,apple,"Health & Fitness, Lifestyle",Health & Fitness,17+,88449024,13.0,2018-08-26T14:49:27Z,2025-03-06T10:00:59Z,2.13.0,0.0,True,4.37019,26291,4.37019,26291
Weight Watchers Mobile,331308914,WeightWatchers Program,apple,"Health & Fitness, Lifestyle",Health & Fitness,17+,490119168,15.1,2009-09-19T00:05:27Z,2025-09-16T14:29:35Z,10.97.1,0.0,True,4.84223,2305581,4.84223,2305581
Endomondo - Running & Walking,336599882,adidas Running: Run tracker,apple,"Health & Fitness, Sports",Health & Fitness,4+,285992960,17.0,2009-11-23T17:28:58Z,2025-09-22T07:14:58Z,13.54.0,0.0,True,4.79824,101222,4.79824,101222
Running Distance Tracker +,336599882,adidas Running: Run tracker,apple,"Health & Fitness, Sports",Health & Fitness,4+,285992960,17.0,2009-11-23T17:28:58Z,2025-09-22T07:14:58Z,13.54.0,0.0,True,4.79824,101222,4.79824,101222
The TK-App - everything under control,1200578231,Keurig,apple,"Food & Drink, Shopping",Food & Drink,4+,64836608,15.0,2020-09-24T07:00:00Z,2025-08-15T06:11:06Z,2.2525.0,0.0,True,4.74407,45387,4.74407,45387
Runkeeper - GPS Track Run Walk,300235330,ASICS Runkeeper—Run Tracker,apple,"Health & Fitness, Sports",Health & Fitness,4+,138265600,17.0,2009-01-14T01:56:47Z,2025-09-22T14:53:33Z,16.14.2,0.0,True,4.82524,365309,4.82524,365309
Walking: Pedometer diet,712286167,Pedometer++,apple,"Health & Fitness, Lifestyle",Health & Fitness,4+,115132416,15.0,2013-10-01T17:32:11Z,2025-09-20T07:45:28Z,7.0.3,0.0,True,4.78693,160800,4.78693,160800
Recipes for hair and face tried,1490238689,Luvly: Face Yoga Exercises,apple,"Health & Fitness, Lifestyle",Health & Fitness,4+,323371008,16.0,2019-12-18T08:00:00Z,2025-09-15T07:39:28Z,3.7,0.0,True,4.56023,17243,4.56023,17243
Abs Workout - 30 Days Fitness App for Six Pack Abs,1267324372,Six Pack in 30 Days,apple,"Health & Fitness, Sports",Health & Fitness,4+,318108672,15.6,2018-01-04T15:37:50Z,2025-08-16T05:26:33Z,1.7.14,0.0,True,4.73174,32953,4.73174,32953
8fit Workouts & Meal Planner,866617777,8fit Workouts & Meal Planner,apple,"Health & Fitness, Food & Drink",Health & Fitness,4+,99698688,11.0,2014-05-06T11:31:47Z,2023-06-28T07:24:04Z,23.02.0,0.0,True,4.69806,82129,4.69806,82129
Keep Trainer - Workout Trainer & Fitness Coach,1439828095,SHRED: Gym & Home Workouts,apple,"Health & Fitness, Lifestyle",Health & Fitness,12+,243877888,17.0,2018-11-27T08:16:52Z,2025-09-25T16:36:07Z,5.1.4,0.0,True,4.82129,38582,4.82129,38582
