App,as_app_id,as_title,as_store,as_genres,as_primary_genre,as_content_rating,as_size,as_required_os_version,as_released,as_updated,as_version,as_price,as_free,as_score,as_reviews,as_current_version_score,as_current_version_reviews
Weight Loss Running by Verv,636240052,Running Slimkit - Lose Weight,apple,"Health & Fitness, Lifestyle",Health & Fitness,4+,144550912,14.0,2013-07-26T17:32:36Z,2024-09-18T11:41:44Z,6.37.1,0.0,True,4.63779,86773,4.63779,86773
Couch to 10K Running Trainer,456591673,"10K Runner, Couch to 10K Run",apple,"Health & Fitness, Lifestyle",Health & Fitness,4+,177013760,14.0,2011-08-19T17:48:22Z,2025-08-18T07:08:24Z,9.3830,0.0,True,4.9107,37669,4.9107,37669
PumpUp — Fitness Community,650276551,7 Minute Home Workout: Seven,apple,"Health & Fitness, Sports",Health & Fitness,4+,333524992,18.0,2013-08-07T07:00:00Z,2025-09-22T06:05:35Z,10.16.3,0.0,True,4.77114,133665,4.77114,133665
"Home workouts - fat burning, abs, legs, arms,chest",1313192037,Home Workout - No Equipments,apple,Health & Fitness,Health & Fitness,4+,518926336,13.0,2017-11-18T00:52:27Z,2025-09-01T05:48:08Z,1.39.10,0.0,True,4.86883,87822,4.86883,87822
Running Weight Loss Walking Jogging Hiking FITAPP,336599882,adidas Running: Run tracker,apple,"Health & Fitness, Sports",Health & Fitness,4+,285992960,17.0,2009-11-23T17:28:58Z,2025-09-22T07:14:58Z,13.54.0,0.0,True,4.79824,101222,4.79824,101222
"Strava Training: Track Running, Cycling & Swimming",426826309,"Strava: Run, Bike, Walk",apple,"Health & Fitness, Sports",Health & Fitness,4+,361749504,17.0,2011-03-24T06:41:32Z,2025-09-24T19:53:59Z,430.0.0,0.0,True,4.81102,332775,4.81102,332775
Workout Trainer: fitness coach,1446447749,Workout Planner Muscle Booster,apple,"Health & Fitness, Lifestyle",Health & Fitness,4+,548749312,16.4,2018-12-21T15:04:44Z,2025-09-18T12:07:30Z,3.55.0,0.0,True,4.5579,123215,4.5579,123215
"Fabulous: Motivate Me! Meditate, Relax, Sleep",337472899,Insight Timer–Meditate & Sleep,apple,"Health & Fitness, Lifestyle",Health & Fitness,12+,263790592,14.0,2009-11-05T18:55:12Z,2025-09-25T15:10:58Z,19.35.0,0.0,True,4.89577,427718,4.89577,427718
StrongLifts 5x5 Workout Gym Log & Personal Trainer,488580022,StrongLifts Weight Lifting Log,apple,"Health & Fitness, Lifestyle",Health & Fitness,4+,78758912,17.0,2011-12-22T20:51:34Z,2025-07-07T17:58:21Z,4.0.23,0.0,True,4.87528,75238,4.87528,75238
7 Minute Workout,650276551,7 Minute Home Workout: Seven,apple,"Health & Fitness, Sports",Health & Fitness,4+,333524992,18.0,2013-08-07T07:00:00Z,2025-09-22T06:05:35Z,10.16.3,0.0,True,4.77114,133665,4.77114,133665
Workout Tracker & Gym Trainer - Fitness Log Book,1458862350,Hevy - Workout Tracker Gym Log,apple,"Health & Fitness, Sports",Health & Fitness,4+,253319168,14.1,2019-07-01T04:30:20Z,2025-09-23T13:15:02Z,2.4.7,0.0,True,4.92272,43234,4.92272,43234
Freeletics: Personal Trainer & Fitness Workouts,654810212,Freeletics: Workouts & Fitness,apple,"Health & Fitness, Lifestyle",Health & Fitness,4+,180031488,16.0,2013-06-26T02:12:26Z,2025-09-23T07:51:32Z,25.37.1,0.0,True,4.63657,21988,4.63657,21988
Nike Training Club - Workouts & Fitness Plans,301521403,Nike Training Club,apple,"Health & Fitness, Lifestyle",Health & Fitness,4+,256994304,17.0,2009-01-15T08:15:23Z,2025-09-24T23:17:22Z,6.68.2,0.0,True,4.84722,268742,4.84722,268742
Fitbit Coach,462638897,Fitbit: Health & Fitness,apple,"Health & Fitness, Lifestyle",Health & Fitness,4+,301543424,16.4,2011-10-18T04:18:41Z,2025-09-15T12:50:39Z,4.52,0.0,True,4.50797,588029,4.50797,588029
"JEFIT Workout Tracker, Weight Lifting, Gym Log App",449810000,JEFIT Workout Plan Gym Log,apple,"Health & Fitness, Lifestyle",Health & Fitness,9+,262490112,15.0,2011-07-25T23:33:09Z,2025-09-25T22:03:51Z,15.3.2,0.0,True,4.76814,45515,4.76814,45515
Map My Ride GPS Cycling Riding,893687399,Ride with GPS: Bike Navigation,apple,"Health & Fitness, Navigation",Health & Fitness,4+,180703232,16.4,2014-07-20T04:34:55Z,2025-09-25T01:34:03Z,4.0.8,0.0,True,4.71434,20385,4.71434,20385
Daily Workouts - Exercise Fitness Routine Trainer,1439828095,SHRED: Gym & Home Workouts,apple,"Health & Fitness, Lifestyle",Health & Fitness,12+,243877888,17.0,2018-11-27T08:16:52Z,2025-09-25T16:36:07Z,5.1.4,0.0,True,4.82129,38582,4.82129,38582
Google Fit - Fitness Tracking,336599882,adidas Running: Run tracker,apple,"Health & Fitness, Sports",Health & Fitness,4+,285992960,17.0,2009-11-23T17:28:58Z,2025-09-22T07:14:58Z,13.54.0,0.0,True,4.79824,101222,4.79824,101222
Sworkit: Workouts & Fitness Plans,527219710,Sworkit Fitness & Wellness App,apple,"Health & Fitness, Travel",Health & Fitness,4+,171475968,16.6,2012-05-22T00:24:14Z,2025-09-23T16:47:10Z,11.4.0,0.0,True,4.70735,29858,4.70735,29858
Map My Fitness Workout Trainer,298903147,Map My Fitness Workout Tracker,apple,Health & Fitness,Health & Fitness,4+,196063232,16.0,2008-12-09T08:00:00Z,2025-09-22T13:16:15Z,25.11.0,0.0,True,4.78829,74912,4.78829,74912
Sports Tracker Running Cycling,336599882,adidas Running: Run tracker,apple,"Health & Fitness, Sports",Health & Fitness,4+,285992960,17.0,2009-11-23T17:28:58Z,2025-09-22T07:14:58Z,13.54.0,0.0,True,4.79824,101222,4.79824,101222
Seven - 7 Minute Workout Training Challenge,650276551,7 Minute Home Workout: Seven,apple,"Health & Fitness, Sports",Health & Fitness,4+,333524992,18.0,2013-08-07T07:00:00Z,2025-09-22T06:05:35Z,10.16.3,0.0,True,4.77114,133665,4.77114,133665
Daily Yoga - Yoga Fitness Plans,545849922,Daily Yoga: Yoga for Fitness®,apple,"Health & Fitness, Lifestyle",Health & Fitness,4+,338085888,12.0,2012-10-26T18:13:56Z,2025-09-21T10:59:24Z,8.77.0,0.0,True,4.72104,3660,4.72104,3660
Pocket Yoga,347400507,Pocket Yoga,apple,"Health & Fitness, Lifestyle",Health & Fitness,4+,245683200,17.0,2010-03-20T17:38:24Z,2025-09-18T14:16:37Z,18.0.1,2.99,False,4.76928,5123,4.76928,5123
Relax Meditation: Sleep with Sleep Sounds,571800810,Calm,apple,"Health & Fitness, Lifestyle",Health & Fitness,4+,181463040,16.0,2013-02-22T20:09:23Z,2025-09-25T07:15:53Z,6.80,0.0,True,4.77501,1903030,4.77501,1903030
Free Meditation - Take a Break,337472899,Insight Timer–Meditate & Sleep,apple,"Health & Fitness, Lifestyle",Health & Fitness,12+,263790592,14.0,2009-11-05T18:55:12Z,2025-09-25T15:10:58Z,19.35.0,0.0,True,4.89577,427718,4.89577,427718
Meditate OM,337472899,Insight Timer–Meditate & Sleep,apple,"Health & Fitness, Lifestyle",Health & Fitness,12+,263790592,14.0,2009-11-05T18:55:12Z,2025-09-25T15:10:58Z,19.35.0,0.0,True,4.89577,427718,4.89577,427718
Yoga - Track Yoga,983693694,Yoga | Down Dog,apple,"Health & Fitness, Lifestyle",Health & Fitness,4+,78864384,12.0,2015-08-02T22:37:46Z,2024-12-18T20:18:11Z,7.5.2,0.0,True,4.92335,318248,4.92335,318248
My Chakra Meditation,6450438356,Chakra Meditation Reiki Guided,apple,"Lifestyle, Health & Fitness",Lifestyle,4+,133756928,13.0,2023-07-03T07:00:00Z,2025-09-10T11:46:40Z,2.2.82,0.0,True,4.8368,674,4.8368,674
Relax with Andrew Johnson Lite,303609195,Relax with AJ,apple,"Medical, Lifestyle",Medical,4+,80817152,12.4,2009-02-10T03:55:54Z,2023-10-23T17:20:46Z,9.4,2.99,False,4.86207,29,4.86207,29
"Meditation Music - Relax, Yoga",448207365,Meditation & Relaxation Music,apple,"Health & Fitness, Lifestyle",Health & Fitness,4+,139914240,10.0,2011-07-15T18:32:54Z,2019-01-03T21:28:14Z,6.0,0.0,True,4.76645,11325,4.76645,11325
Meditation Studio,1066018502,Meditation Studio,apple,"Health & Fitness, Lifestyle",Health & Fitness,4+,68004864,12.0,2015-12-16T18:42:25Z,2023-02-21T16:26:09Z,1.40.4,0.0,True,4.79129,9027,4.79129,9027
Down Dog: Great Yoga Anywhere,983693694,Yoga | Down Dog,apple,"Health & Fitness, Lifestyle",Health & Fitness,4+,78864384,12.0,2015-08-02T22:37:46Z,2024-12-18T20:18:11Z,7.5.2,0.0,True,4.92335,318248,4.92335,318248
21-Day Meditation Experience,992210239,Happier Meditation,apple,"Health & Fitness, Lifestyle",Health & Fitness,4+,94924800,17.0,2015-06-07T21:18:59Z,2025-09-11T19:41:00Z,2025.18,0.0,True,4.81941,140177,4.81941,140177
My Chakra Meditation 2,6450438356,Chakra Meditation Reiki Guided,apple,"Lifestyle, Health & Fitness",Lifestyle,4+,133756928,13.0,2023-07-03T07:00:00Z,2025-09-10T11:46:40Z,2.2.82,0.0,True,4.8368,674,4.8368,674
Simply Yoga - Fitness Trainer for Workouts & Poses,983693694,Yoga | Down Dog,apple,"Health & Fitness, Lifestyle",Health & Fitness,4+,78864384,12.0,2015-08-02T22:37:46Z,2024-12-18T20:18:11Z,7.5.2,0.0,True,4.92335,318248,4.92335,318248
"Calm - Meditate, Sleep, Relax",571800810,Calm,apple,"Health & Fitness, Lifestyle",Health & Fitness,4+,181463040,16.0,2013-02-22T20:09:23Z,2025-09-25T07:15:53Z,6.80,0.0,True,4.77501,1903030,4.77501,1903030
Relax Melodies P: Sleep Sounds,331529422,Relax Melodies P: Sleep Sounds,apple,Health & Fitness,Health & Fitness,4+,150757376,9.0,2009-09-23T20:34:51Z,2018-04-26T19:51:00Z,6.5.1,99.99,False,4.77658,6432,4.77658,6432
Relax Melodies: Sleep Sounds,314498713,BetterSleep: Relax and Sleep,apple,Health & Fitness,Health & Fitness,4+,385760256,15.0,2009-05-07T02:44:52Z,2025-09-15T10:10:06Z,25.17,0.0,True,4.74965,383550,4.74965,383550
Simple Habit Meditation,1093360165,"Simple Habit Sleep, Meditation",apple,"Health & Fitness, Lifestyle",Health & Fitness,4+,210561024,12.0,2016-04-01T18:28:27Z,2024-12-16T17:52:30Z,6.1.1,0.0,True,4.80534,77843,4.80534,77843
Headspace: Meditation & Mindfulness,493145008,Headspace: Meditation & Health,apple,"Health & Fitness, Productivity",Health & Fitness,4+,805928960,15.0,2012-02-02T18:57:49Z,2025-09-23T00:35:28Z,3.391.1,0.0,True,4.84442,973816,4.84442,973816
Yoga Studio: Mind & Body,1446274754,The Yoga Collective | Studio,apple,Health & Fitness,Health & Fitness,12+,51341312,10.0,2019-05-26T16:48:42Z,2024-02-10T12:32:25Z,1.4.3,0.0,True,4.77154,5769,4.77154,5769
Pregnancy & Baby Tracker,289560144,Pregnancy & Baby Tracker - WTE,apple,"Medical, Health & Fitness",Medical,12+,121916416,17.0,2019-02-01T08:00:00Z,2025-09-22T03:08:24Z,18.17,0.0,True,4.86693,361670,4.86693,361670
My Cycles Period and Ovulation,577187307,Cycles: Period & Cycle Tracker,apple,"Health & Fitness, Medical",Health & Fitness,9+,83439616,16.0,2013-02-26T08:00:00Z,2025-09-22T06:59:29Z,6.3.3,0.0,True,4.68754,23645,4.68754,23645
I’m Expecting - Pregnancy App,505864483,Pregnancy + | Tracker App,apple,"Medical, Education",Medical,12+,199087104,16.4,2012-04-05T21:54:25Z,2025-09-08T09:16:37Z,7.2,0.0,True,4.8451,68804,4.8451,68804
The Bump Pregnancy Tracker,568940747,Pregnancy & Baby App: The Bump,apple,"Health & Fitness, Medical",Health & Fitness,12+,172644352,13.0,2012-11-01T07:00:00Z,2025-09-23T00:30:58Z,8.7.0,0.0,True,4.83782,34437,4.83782,34437
My Days - Ovulation Calendar & Period Tracker ™,896501514,Period Tracker Period Calendar,apple,"Health & Fitness, Lifestyle",Health & Fitness,12+,335911936,12.4,2014-09-30T23:41:17Z,2025-09-22T07:16:06Z,2.97.0,0.0,True,4.92589,158366,4.92589,158366
Best Ovulation Tracker Fertility Calendar App Glow,638021335,Glow Ovulation & Period App,apple,"Health & Fitness, Medical",Health & Fitness,12+,475702272,16.0,2013-08-08T05:24:10Z,2025-09-24T07:38:39Z,11.10.9,0.0,True,4.71534,71356,4.71534,71356
"Eve Period Tracker - Love, Sex & Relationships App",1002275138,Glow Eve Period Tracker,apple,"Health & Fitness, Medical",Health & Fitness,17+,496848896,16.0,2015-07-30T06:30:18Z,2025-09-26T00:27:10Z,11.10.9,0.0,True,4.66695,112770,4.66695,112770
Fertility Friend Ovulation App,1279295922,Premom Ovulation Tracker,apple,"Health & Fitness, Medical",Health & Fitness,12+,251071488,13.0,2017-10-13T23:08:38Z,2025-09-19T07:02:13Z,1.82.0,0.0,True,4.78437,47416,4.78437,47416
Pregnancy Tracker,289560144,Pregnancy & Baby Tracker - WTE,apple,"Medical, Health & Fitness",Medical,12+,121916416,17.0,2019-02-01T08:00:00Z,2025-09-22T03:08:24Z,18.17,0.0,True,4.86693,361670,4.86693,361670
Period Tracker,1038369065,Flo Cycle & Period Tracker,apple,"Health & Fitness, Medical",Health & Fitness,12+,235126784,16.0,2015-10-03T22:28:36Z,2025-09-12T07:33:29Z,9.87.0,0.0,True,4.76347,1684475,4.76347,1684475
"Spot On Period, Birth Control, & Cycle Tracker",657189652,Clue Period & Cycle Tracker,apple,"Health & Fitness, Medical",Health & Fitness,12+,452296704,17.0,2013-07-09T22:34:14Z,2025-09-17T10:06:48Z,239.0,0.0,True,4.76363,380946,4.76363,380946
OvuView: Ovulation and Fertility,1610694094,Pregmate Ovulation Tracker,apple,Health & Fitness,Health & Fitness,17+,120783872,16.0,2023-07-21T07:00:00Z,2025-09-23T09:11:52Z,1.8.2,0.0,True,4.93009,7696,4.93009,7696
Period Tracker - Period Calendar Ovulation Tracker,896501514,Period Tracker Period Calendar,apple,"Health & Fitness, Lifestyle",Health & Fitness,12+,335911936,12.4,2014-09-30T23:41:17Z,2025-09-22T07:16:06Z,2.97.0,0.0,True,4.92589,158366,4.92589,158366
Period Tracker Clue: Period and Ovulation Tracker,657189652,Clue Period & Cycle Tracker,apple,"Health & Fitness, Medical",Health & Fitness,12+,452296704,17.0,2013-07-09T22:34:14Z,2025-09-17T10:06:48Z,239.0,0.0,True,4.76363,380946,4.76363,380946
WomanLog Calendar,421360650,WomanLog Calendar,apple,"Health & Fitness, Lifestyle",Health & Fitness,12+,122318848,13.0,2011-03-02T00:37:23Z,2025-09-23T04:30:24Z,7.1.0,0.0,True,4.55781,640,4.55781,640
Geocaching®,329541503,Geocaching®,apple,"Navigation, Health & Fitness",Navigation,4+,120956928,16.0,2009-09-16T21:58:04Z,2025-09-24T21:13:07Z,9.86.1,0.0,True,4.82857,61723,4.82857,61723
Map My Hike GPS Hiking,405075943,"AllTrails: Hike, Bike & Run",apple,"Health & Fitness, Travel",Health & Fitness,4+,221268992,16.0,2010-12-17T23:35:17Z,2025-09-25T18:33:58Z,25.9.41,0.0,True,4.89085,1015154,4.89085,1015154
"ViewRanger - Hike, Ride or Walk",405075943,"AllTrails: Hike, Bike & Run",apple,"Health & Fitness, Travel",Health & Fitness,4+,221268992,16.0,2010-12-17T23:35:17Z,2025-09-25T18:33:58Z,25.9.41,0.0,True,4.89085,1015154,4.89085,1015154
Runtastic Mountain Bike GPS Tracker,987986743,Trailforks: Offline Bike Maps,apple,"Navigation, Health & Fitness",Navigation,4+,425719808,15.0,2015-07-31T18:02:27Z,2025-09-12T05:30:28Z,2025.5.1,0.0,True,4.7405,15280,4.7405,15280
"AllTrails: Hiking, Running & Mountain Bike Trails",405075943,"AllTrails: Hike, Bike & Run",apple,"Health & Fitness, Travel",Health & Fitness,4+,221268992,16.0,2010-12-17T23:35:17Z,2025-09-25T18:33:58Z,25.9.41,0.0,True,4.89085,1015154,4.89085,1015154
Water Drink Reminder,1221965482,Water Reminder - Daily Tracker,apple,Health & Fitness,Health & Fitness,4+,141162496,12.0,2017-04-17T19:28:50Z,2025-03-14T05:32:59Z,1.9.29,0.0,True,4.73487,71783,4.73487,71783
"Zombies, Run! 5k Training (Free)",566596422,"Zombies, Run! 5k Training",apple,"Health & Fitness, Sports, Adventure, Games",Health & Fitness,12+,241288192,15.0,2012-10-12T10:29:23Z,2024-05-29T17:22:54Z,2.6.7,0.0,True,4.81412,2932,4.81412,2932
Tracks,425589565,GPS Tracks,apple,"Navigation, Health & Fitness",Navigation,4+,82361344,15.4,2011-05-26T01:05:39Z,2025-09-05T21:46:02Z,4.9.7,0.0,True,4.71434,16124,4.71434,16124
"YAZIO Calorie Counter, Nutrition Diary & Diet Plan",946099227,YAZIO: AI Calorie Tracker,apple,Health & Fitness,Health & Fitness,4+,329020416,16.0,2015-01-06T10:48:27Z,2025-09-24T08:02:26Z,12.51.1,0.0,True,4.70138,41688,4.70138,41688
"Technutri - calorie counter, diet and carb tracker",946099227,YAZIO: AI Calorie Tracker,apple,Health & Fitness,Health & Fitness,4+,329020416,16.0,2015-01-06T10:48:27Z,2025-09-24T08:02:26Z,12.51.1,0.0,True,4.70138,41688,4.70138,41688
Couch to 5K by RunDouble,448474423,Couch to 5K® - Run training,apple,Health & Fitness,Health & Fitness,4+,147496960,13.0,2011-08-10T18:57:15Z,2025-07-03T01:59:34Z,4.8.4,4.99,False,4.61784,4642,4.61784,4642
Fooducate Healthy Weight Loss & Calorie Counter,398436747,Fooducate: Nutrition Coach,apple,"Health & Fitness, Food & Drink",Health & Fitness,4+,239410176,13.0,2010-11-04T01:40:59Z,2025-09-22T02:59:16Z,7.23,0.0,True,4.64821,77179,4.64821,77179
My Diet Coach - Weight Loss Motivation & Tracker,634598719,"Noom Weight Loss, Food Tracker",apple,"Health & Fitness, Lifestyle",Health & Fitness,17+,448276480,16.0,2013-05-09T07:00:00Z,2025-09-25T11:13:30Z,13.36.0,0.0,True,4.69573,849183,4.69573,849183
Lose It! - Calorie Counter,297368629,Lose It! – Calorie Counter,apple,"Health & Fitness, Lifestyle",Health & Fitness,4+,263243776,16.0,2008-11-21T22:54:04Z,2025-09-24T13:43:20Z,17.5.300,0.0,True,4.76328,709894,4.76328,709894
Calorie Counter - MyNetDiary,287529757,Calorie Counter - MyNetDiary,apple,"Health & Fitness, Lifestyle",Health & Fitness,12+,371200000,17.0,2019-02-03T08:00:00Z,2025-09-22T18:59:40Z,9.82,0.0,True,4.81993,122197,4.81993,122197
10 Best Foods for You,1573365443,Best Foods for You,apple,"Health & Fitness, Lifestyle",Health & Fitness,4+,43210752,12.1,2021-07-10T07:00:00Z,2021-07-10T18:56:27Z,1.0,0.0,True,0.0,0,0.0,0
MyPlate Calorie Tracker,341232718,MyFitnessPal: Calorie Counter,apple,"Health & Fitness, Food & Drink",Health & Fitness,17+,255612928,17.0,2009-12-08T02:04:45Z,2025-09-23T19:36:11Z,25.38.0,0.0,True,4.70857,2122160,4.70857,2122160
My Diet Diary Calorie Counter,287529757,Calorie Counter - MyNetDiary,apple,"Health & Fitness, Lifestyle",Health & Fitness,12+,371200000,17.0,2019-02-03T08:00:00Z,2025-09-22T18:59:40Z,9.82,0.0,True,4.81993,122197,4.81993,122197
Calorie Counter - Macros,287529757,Calorie Counter - MyNetDiary,apple,"Health & Fitness, Lifestyle",Health & Fitness,12+,371200000,17.0,2019-02-03T08:00:00Z,2025-09-22T18:59:40Z,9.82,0.0,True,4.81993,122197,4.81993,122197
Calorie Counter by FatSecret,347184248,Calorie Counter by fatsecret,apple,"Health & Fitness, Food & Drink",Health & Fitness,4+,140961792,15.0,2009-12-23T07:43:00Z,2025-09-11T02:12:59Z,10.1,0.0,True,4.76421,13105,4.76421,13105
Weight Loss Tracker - RecStyle,532430574,Happy Scale,apple,"Health & Fitness, Medical",Health & Fitness,4+,62025728,16.0,2012-07-14T15:28:36Z,2025-09-24T01:26:18Z,2025.14.1,0.0,True,4.88858,55656,4.88858,55656
Lark - 24/7 Health Coach,912530754,Lark Health,apple,"Health & Fitness, Lifestyle",Health & Fitness,4+,65167360,13.4,2014-09-29T23:07:58Z,2025-09-16T21:06:33Z,6.2.9,0.0,True,4.31984,7582,4.31984,7582
MealLogger-Photo Food Journal,1544461026,HitMeal Calorie & Food Tracker,apple,"Health & Fitness, Food & Drink",Health & Fitness,4+,102572032,17.0,2021-02-24T08:00:00Z,2025-07-08T12:30:31Z,1.44,0.0,True,4.6597,44896,4.6597,44896
Health and Nutrition Guide,398436747,Fooducate: Nutrition Coach,apple,"Health & Fitness, Food & Drink",Health & Fitness,4+,239410176,13.0,2010-11-04T01:40:59Z,2025-09-22T02:59:16Z,7.23,0.0,True,4.64821,77179,4.64821,77179
Calorie Counter & Diet Tracker,1437820611,Carbon - Macro Coach & Tracker,apple,"Health & Fitness, Lifestyle",Health & Fitness,4+,114397184,13.4,2020-04-21T07:00:00Z,2025-09-22T14:09:23Z,2.73.4457,0.0,True,4.82706,7523,4.82706,7523
Food Calorie Calculator,6752373532,AI Calorie Tracker: MyFitCal,apple,"Health & Fitness, Food & Drink",Health & Fitness,4+,39131136,15.0,2025-09-25T07:00:00Z,2025-09-25T14:28:17Z,1.0,0.0,True,0.0,0,0.0,0
Monitor Your Weight,413313086,Monitor Your Weight,apple,"Health & Fitness, Lifestyle",Health & Fitness,4+,20924416,13.0,2011-01-08T00:16:50Z,2024-11-02T19:10:46Z,6.1.00,0.0,True,4.83324,22579,4.83324,22579
Eat Fit - Diet and Health Free,866617777,8fit Workouts & Meal Planner,apple,"Health & Fitness, Food & Drink",Health & Fitness,4+,99698688,11.0,2014-05-06T11:31:47Z,2023-06-28T07:24:04Z,23.02.0,0.0,True,4.69806,82129,4.69806,82129
Self Healing,1372575227,Gratitude: Self-Care Journal,apple,"Health & Fitness, Lifestyle",Health & Fitness,4+,67309568,17.6,2018-04-22T19:24:31Z,2025-09-23T02:25:14Z,5.0.1,0.0,True,4.88361,44037,4.88361,44037
Happify,730601963,Happify: for Stress & Worry,apple,"Health & Fitness, Lifestyle",Health & Fitness,4+,121863168,12.0,2013-11-08T02:38:36Z,2024-06-28T13:37:52Z,2.11.9,0.0,True,4.5066,4700,4.5066,4700
Binaural Beats Therapy,450655712,Brainwaves -- Binaural Beats,apple,Productivity,Productivity,4+,498772992,13.0,2011-08-23T03:12:30Z,2025-09-25T04:23:45Z,6.0.32,0.0,True,4.36329,2926,4.36329,2926
Pacifica - Stress & Anxiety,1247855111,Unwinding Anxiety,apple,"Health & Fitness, Education",Health & Fitness,12+,117328896,13.0,2017-09-23T17:42:28Z,2025-07-01T07:48:19Z,6.23.0,0.0,True,4.83523,4655,4.83523,4655
Relaxing Sounds,478687481,Rain Rain Sleep Sounds,apple,"Health & Fitness, Medical",Health & Fitness,4+,105272320,12.0,2011-11-12T04:07:24Z,2025-01-22T16:58:20Z,6.9.10,0.0,True,4.84645,130449,4.84645,130449
White Sound Pro,888963581,White Noise HQ: sound machine,apple,"Health & Fitness, Productivity",Health & Fitness,4+,73327616,15.0,2014-08-27T08:25:57Z,2025-09-02T14:44:27Z,4.6,0.0,True,4.75694,11384,4.75694,11384
Insight Timer - Free Meditation App,337472899,Insight Timer–Meditate & Sleep,apple,"Health & Fitness, Lifestyle",Health & Fitness,12+,263790592,14.0,2009-11-05T18:55:12Z,2025-09-25T15:10:58Z,19.35.0,0.0,True,4.89577,427718,4.89577,427718
Self-help Anxiety Management,493145008,Headspace: Meditation & Health,apple,"Health & Fitness, Productivity",Health & Fitness,4+,805928960,15.0,2012-02-02T18:57:49Z,2025-09-23T00:35:28Z,3.391.1,0.0,True,4.84442,973816,4.84442,973816
Brain Waves - Binaural Beats,6471041035,Moongate: Binaural Beats,apple,"Music, Lifestyle",Music,4+,97084416,16.0,2023-11-02T07:00:00Z,2025-09-12T03:39:13Z,2.23.0,0.0,True,4.68509,31679,4.68509,31679
Prana Breath: Calm & Meditate,6478402874,Prana Breath: Calm & Meditate,apple,"Health & Fitness, Lifestyle",Health & Fitness,4+,115811328,13.0,2025-07-03T07:00:00Z,2025-08-17T12:02:06Z,1.7,0.0,True,4.5,10,4.5,10
7 Cups: Anxiety & Stress Chat,921814681,7 Cups: Online Therapy & Chat,apple,"Health & Fitness, Medical",Health & Fitness,12+,40615936,15.1,2014-10-12T14:47:01Z,2025-08-21T09:12:46Z,5.72.18,0.0,True,4.42067,5553,4.42067,5553
Runtastic Sleep Better: Sleep Cycle & Smart Alarm,320606217,Sleep Cycle - Tracker & Sounds,apple,"Health & Fitness, Lifestyle",Health & Fitness,4+,415750144,15.0,2009-07-23T23:52:39Z,2025-09-22T06:52:16Z,6.25.37,0.0,True,4.64248,12755,4.64248,12755
White Noise Lite,292987597,White Noise Lite,apple,"Health & Fitness, Productivity",Health & Fitness,4+,87097344,13.0,2008-10-16T00:49:33Z,2025-06-10T18:38:18Z,8.1.2,0.0,True,4.82706,254898,4.82706,254898
"Stop, Breathe & Think: Meditation & Mindfulness",1307736395,Waking Up: Meditation & Wisdom,apple,"Health & Fitness, Education",Health & Fitness,4+,113206272,16.0,2018-09-21T15:46:51Z,2025-08-20T16:11:46Z,3.14.1,0.0,True,4.92307,41678,4.92307,41678
Zillow: Find Houses for Sale & Apartments for Rent,310738695,Zillow Real Estate & Rentals,apple,"Lifestyle, Reference",Lifestyle,4+,448800768,17.0,2009-04-29T07:00:00Z,2025-09-23T18:52:46Z,2025.37.0,0.0,True,4.80093,7187598,4.80093,7187598
"Viva Decora - Decoration, Photos, Architecture, House",1413287364,Redecor - Home Design Game,apple,"Games, Graphics & Design, Casual, Simulation",Games,12+,165728256,12.4,2020-04-10T07:00:00Z,2025-09-21T08:14:13Z,3.49.6,0.0,True,4.71889,265611,4.71889,265611
Apartments & Rentals - Zillow,319836632,Apartments.com Rental Finder,apple,"Lifestyle, Business",Lifestyle,4+,93159424,16.0,2009-06-20T18:15:22Z,2025-09-15T20:41:29Z,12.4.1,0.0,True,4.8554,441132,4.8554,441132
Realtor.com Real Estate: Homes for Sale and Rent,336698281,Realtor.com Real Estate & Rent,apple,"Lifestyle, Business",Lifestyle,4+,712128512,16.0,2010-01-11T07:06:20Z,2025-09-25T14:24:17Z,26.6.5,0.0,True,4.78012,987394,4.78012,987394
Real Estate sale & rent Trovit,288487321,Trulia Real Estate & Rentals,apple,"Lifestyle, Finance",Lifestyle,4+,114267136,17.0,2019-02-12T08:00:00Z,2025-09-02T16:29:39Z,17.4,0.0,True,4.81715,1404345,4.81715,1404345
"591 housing transactions - renting houses, middle-class houses, new cases, real-time registration, villas through the sky, apartment suites, MRT, buying a house selling prices, housing mortgages",288487321,Trulia Real Estate & Rentals,apple,"Lifestyle, Finance",Lifestyle,4+,114267136,17.0,2019-02-12T08:00:00Z,2025-09-02T16:29:39Z,17.4,0.0,True,4.81715,1404345,4.81715,1404345
"Homes.com 🏠 For Sale, Rent",388038507,Rent. Apartments and Homes,apple,"Lifestyle, Utilities",Lifestyle,4+,64102400,16.0,2010-08-26T00:36:10Z,2025-09-22T14:31:45Z,11.3.0,0.0,True,4.73254,191729,4.73254,191729
"CYANOGEN. Rent, buy an apartment, a room, a cottage 3+",388038507,Rent. Apartments and Homes,apple,"Lifestyle, Utilities",Lifestyle,4+,64102400,16.0,2010-08-26T00:36:10Z,2025-09-22T14:31:45Z,11.3.0,0.0,True,4.73254,191729,4.73254,191729
Trulia Real Estate & Rentals,288487321,Trulia Real Estate & Rentals,apple,"Lifestyle, Finance",Lifestyle,4+,114267136,17.0,2019-02-12T08:00:00Z,2025-09-02T16:29:39Z,17.4,0.0,True,4.81715,1404345,4.81715,1404345
Latest 2018 Home Designs,1168709467,Decor Matters: Home Design App,apple,"Lifestyle, Games, Casual, Simulation",Lifestyle,17+,282822656,15.6,2017-03-07T02:48:45Z,2025-09-26T01:21:45Z,13.16.0,0.0,True,4.69593,14168,4.69593,14168
Houzz Interior Design Ideas,399563465,Houzz - Home Design & Remodel,apple,"Lifestyle, Shopping",Lifestyle,4+,187975680,17.0,2010-11-11T18:37:26Z,2025-09-07T09:42:48Z,25.09.02,0.0,True,4.84415,313902,4.84415,313902
Good room network fast rent,388038507,Rent. Apartments and Homes,apple,"Lifestyle, Utilities",Lifestyle,4+,64102400,16.0,2010-08-26T00:36:10Z,2025-09-22T14:31:45Z,11.3.0,0.0,True,4.73254,191729,4.73254,191729
Yongqing fast search,440676901,Agoda: Cheap Flights & Hotels,apple,Travel,Travel,4+,428561408,16.0,2011-06-07T02:10:07Z,2025-09-23T03:58:31Z,13.36.0,0.0,True,4.81939,175199,4.81939,175199
LIFULL HOME'S,342650611,LIFULL HOME'S,apple,"Navigation, Lifestyle",Navigation,4+,226486272,16.0,2009-12-23T07:33:55Z,2025-08-28T06:40:46Z,5.57.1,0.0,True,4.59467,338,4.59467,338
"Apartment List: Housing, Apt, and Property Rentals",659694038,Apartment List: Apt rentals,apple,"Lifestyle, Utilities",Lifestyle,4+,56610816,17.0,2013-06-17T21:05:53Z,2025-09-18T13:08:48Z,8.5.1,0.0,True,4.69372,460451,4.69372,460451
Gold Butterfly Keyboard Theme,1035199024,Kika Keyboard: Custom Themes,apple,"Utilities, Entertainment",Utilities,17+,172010496,13.0,2015-10-13T00:00:25Z,2025-09-20T04:17:55Z,5.4.0,0.0,True,4.56592,290570,4.56592,290570
"Apartment, Home Rental Search: Realtor.com Rentals",336698281,Realtor.com Real Estate & Rent,apple,"Lifestyle, Business",Lifestyle,4+,712128512,16.0,2010-01-11T07:06:20Z,2025-09-25T14:24:17Z,26.6.5,0.0,True,4.78012,987394,4.78012,987394
Living Smart Home,1115101477,SmartLife - Smart Living,apple,Lifestyle,Lifestyle,4+,273797120,13.0,2016-05-26T02:16:05Z,2025-09-26T00:04:26Z,6.10.6,0.0,True,4.7301,266695,4.7301,266695
591 Housing Trading - Hong Kong,541403633,RentCafe Resident,apple,"Utilities, Productivity",Utilities,4+,57786368,12.0,2012-07-16T19:24:42Z,2025-09-11T08:28:50Z,25.8.0,0.0,True,4.83337,789385,4.83337,789385
Trulia Rent Apartments & Homes,288487321,Trulia Real Estate & Rentals,apple,"Lifestyle, Finance",Lifestyle,4+,114267136,17.0,2019-02-12T08:00:00Z,2025-09-02T16:29:39Z,17.4,0.0,True,4.81715,1404345,4.81715,1404345
Redfin Real Estate,327962480,"Redfin: Buy, Sell & Rent Homes",apple,"Lifestyle, Business",Lifestyle,4+,176657408,17.0,2009-08-31T07:00:00Z,2025-09-25T22:28:39Z,594.0.0.28979,0.0,True,4.80476,1507571,4.80476,1507571
"Domofond Real Estate. Buy, rent an apartment.",388038507,Rent. Apartments and Homes,apple,"Lifestyle, Utilities",Lifestyle,4+,64102400,16.0,2010-08-26T00:36:10Z,2025-09-22T14:31:45Z,11.3.0,0.0,True,4.73254,191729,4.73254,191729
"realestate.com.au - Buy, Rent & Sell Property",404667893,realestate.com.au - Property,apple,"Lifestyle, Finance",Lifestyle,4+,215642112,17.0,2010-12-16T05:54:10Z,2025-09-22T04:56:17Z,5.324.0,0.0,True,4.73112,1536,4.73112,1536
Yes319 real price login query,327962480,"Redfin: Buy, Sell & Rent Homes",apple,"Lifestyle, Business",Lifestyle,4+,176657408,17.0,2009-08-31T07:00:00Z,2025-09-25T22:28:39Z,594.0.0.28979,0.0,True,4.80476,1507571,4.80476,1507571
DaBang - Rental Homes in Korea,336698281,Realtor.com Real Estate & Rent,apple,"Lifestyle, Business",Lifestyle,4+,712128512,16.0,2010-01-11T07:06:20Z,2025-09-25T14:24:17Z,26.6.5,0.0,True,4.78012,987394,4.78012,987394
DIY On A Budget,429047995,Pinterest,apple,"Lifestyle, Photo & Video",Lifestyle,12+,244586496,16.0,2011-04-28T15:51:13Z,2025-09-24T17:20:30Z,13.36,0.0,True,4.78475,5409656,4.78475,5409656
Free Foreclosure Real Estate Search by USHUD.com,412910736,USHUD Foreclosure Home Search,apple,"Business, Lifestyle",Business,4+,30132224,15.1,2011-01-06T01:17:12Z,2025-07-31T07:52:35Z,2.5.17,0.0,True,4.44817,4505,4.44817,4505
Mortgage by Zillow: Calculator & Rates,310738695,Zillow Real Estate & Rentals,apple,"Lifestyle, Reference",Lifestyle,4+,448800768,17.0,2009-04-29T07:00:00Z,2025-09-23T18:52:46Z,2025.37.0,0.0,True,4.80093,7187598,4.80093,7187598
Home Security Camera WardenCam - reuse old phones,1459289784,Arlo Secure: Home Security,apple,"Lifestyle, Utilities",Lifestyle,4+,768586752,15.0,2019-09-04T07:00:00Z,2025-09-22T16:08:18Z,6.4.4,0.0,True,4.04016,274351,4.04016,274351
Room planner: Interior & Floorplan Design for IKEA,1452164827,IKEA,apple,"Shopping, Lifestyle",Shopping,4+,234338304,16.0,2020-10-24T07:00:00Z,2025-09-18T08:45:04Z,4.25.0,0.0,True,4.7728,126937,4.7728,126937
Rent.com Apartment Homes,388038507,Rent. Apartments and Homes,apple,"Lifestyle, Utilities",Lifestyle,4+,64102400,16.0,2010-08-26T00:36:10Z,2025-09-22T14:31:45Z,11.3.0,0.0,True,4.73254,191729,4.73254,191729
Good house to buy a house,327962480,"Redfin: Buy, Sell & Rent Homes",apple,"Lifestyle, Business",Lifestyle,4+,176657408,17.0,2009-08-31T07:00:00Z,2025-09-25T22:28:39Z,594.0.0.28979,0.0,True,4.80476,1507571,4.80476,1507571
LH Housing Promotion Notice,1036508523,今日澳洲-澳大利亚租房生活信息指南,apple,"News, Lifestyle",News,12+,282987520,13.0,2015-10-31T03:23:11Z,2025-09-17T06:46:07Z,4.27.15,0.0,True,4.2381,42,4.2381,42
Apartments.com Rental Search,319836632,Apartments.com Rental Finder,apple,"Lifestyle, Business",Lifestyle,4+,93159424,16.0,2009-06-20T18:15:22Z,2025-09-15T20:41:29Z,12.4.1,0.0,True,4.8554,441132,4.8554,441132
Hemnet,525017304,Hemnet,apple,"Lifestyle, Finance",Lifestyle,4+,96797696,17.0,2012-05-15T04:51:09Z,2025-09-13T06:38:29Z,9.1.1,0.0,True,4.7454,436,4.7454,436
At home - rental · real estate · room finding application such as apartment · apartment,659694038,Apartment List: Apt rentals,apple,"Lifestyle, Utilities",Lifestyle,4+,56610816,17.0,2013-06-17T21:05:53Z,2025-09-18T13:08:48Z,8.5.1,0.0,True,4.69372,460451,4.69372,460451
Alfred Home Security Camera,966460837,Alfred Home Security Camera,apple,"Lifestyle, Utilities",Lifestyle,4+,200019968,12.0,2015-05-02T14:47:36Z,2025-09-23T04:45:04Z,2025.20.0,0.0,True,4.76677,104687,4.76677,104687
House app: beautiful everyday ~,834465911,H&M,apple,"Shopping, Lifestyle",Shopping,4+,187020288,16.0,2018-07-07T08:41:17Z,2025-09-20T01:59:30Z,25.38.1,0.0,True,4.82254,199711,4.82254,199711
Home tips and advice,411903182,Better Homes and Gardens,apple,"Lifestyle, Magazines & Newspapers",Lifestyle,12+,81519616,13.0,2011-03-15T07:00:00Z,2025-08-14T15:22:32Z,6.2.0,0.0,True,4.65409,318,4.65409,318
"N1.RU - Real estate: apartments, new buildings, lodging",319836632,Apartments.com Rental Finder,apple,"Lifestyle, Business",Lifestyle,4+,93159424,16.0,2009-06-20T18:15:22Z,2025-09-15T20:41:29Z,12.4.1,0.0,True,4.8554,441132,4.8554,441132
Ruler,623207505,Ruler®,apple,"Utilities, Productivity",Utilities,4+,26714112,15.0,2013-03-28T07:00:00Z,2025-03-21T10:11:26Z,3.8.1,0.0,True,4.33693,34307,4.33693,34307
Home Decor Showpiece Art making: Medium Difficulty,477128284,"Etsy: Shop Home, Style & More",apple,"Shopping, Lifestyle",Shopping,12+,218398720,18.0,2011-11-16T16:40:25Z,2025-09-22T15:21:28Z,7.44,0.0,True,4.92814,6627547,4.92814,6627547
Real estate court auction information site - Hyundai court auction,1043251055,Auction.com - Homes for Sale,apple,"Business, Lifestyle",Business,4+,73805824,12.4,2015-10-11T19:32:59Z,2025-09-11T21:58:01Z,5.3.24,0.0,True,4.63892,8710,4.63892,8710
iProperty Malaysia,366785142,iProperty Malaysia,apple,"Lifestyle, Utilities",Lifestyle,4+,60828672,15.1,2010-04-21T00:08:24Z,2025-08-20T12:20:22Z,2025.8.19,0.0,True,4.62636,91,4.62636,91
ColorSnap® Visualizer,6466933712,Sherwin-Williams Color Expert™,apple,"Lifestyle, Photo & Video",Lifestyle,4+,121846784,17.0,2024-04-30T07:00:00Z,2025-09-24T12:54:12Z,1.21.0,0.0,True,4.57571,5607,4.57571,5607
Apartment Decorating Ideas,659694038,Apartment List: Apt rentals,apple,"Lifestyle, Utilities",Lifestyle,4+,56610816,17.0,2013-06-17T21:05:53Z,2025-09-18T13:08:48Z,8.5.1,0.0,True,4.69372,460451,4.69372,460451
Bedroom Decorating Ideas,836767708,Wayfair – Shop All Things Home,apple,"Shopping, Lifestyle",Shopping,4+,254607360,16.0,2014-03-30T06:54:08Z,2025-09-22T14:11:01Z,6.39.0,0.0,True,4.86903,2332588,4.86903,2332588
Room Painting Ideas,6444501807,Room Idea for modern house,apple,"Productivity, Entertainment",Productivity,4+,20591616,14.0,2022-11-21T08:00:00Z,2022-11-21T08:09:30Z,1.0,0.0,True,4.48567,29586,4.48567,29586
Kitchen Island Ideas,399563465,Houzz - Home Design & Remodel,apple,"Lifestyle, Shopping",Lifestyle,4+,187975680,17.0,2010-11-11T18:37:26Z,2025-09-07T09:42:48Z,25.09.02,0.0,True,4.84415,313902,4.84415,313902
Living Room Decorating Ideas,836767708,Wayfair – Shop All Things Home,apple,"Shopping, Lifestyle",Shopping,4+,254607360,16.0,2014-03-30T06:54:08Z,2025-09-22T14:11:01Z,6.39.0,0.0,True,4.86903,2332588,4.86903,2332588
Bathroom Decorating Ideas,399563465,Houzz - Home Design & Remodel,apple,"Lifestyle, Shopping",Lifestyle,4+,187975680,17.0,2010-11-11T18:37:26Z,2025-09-07T09:42:48Z,25.09.02,0.0,True,4.84415,313902,4.84415,313902
Wall Decorating Ideas,1413287364,Redecor - Home Design Game,apple,"Games, Graphics & Design, Casual, Simulation",Games,12+,165728256,12.4,2020-04-10T07:00:00Z,2025-09-21T08:14:13Z,3.49.6,0.0,True,4.71889,265611,4.71889,265611
Zumper - Apartment Rental Finder,678683201,Zumper - Apartment Finder,apple,"Lifestyle, Travel",Lifestyle,4+,155996160,17.4,2013-08-15T07:00:00Z,2025-09-17T19:45:03Z,4.3.7,0.0,True,4.78095,63532,4.78095,63532
RadPad: Apartment Finder App,659694038,Apartment List: Apt rentals,apple,"Lifestyle, Utilities",Lifestyle,4+,56610816,17.0,2013-06-17T21:05:53Z,2025-09-18T13:08:48Z,8.5.1,0.0,True,4.69372,460451,4.69372,460451
Homesnap Real Estate & Rentals,336698281,Realtor.com Real Estate & Rent,apple,"Lifestyle, Business",Lifestyle,4+,712128512,16.0,2010-01-11T07:06:20Z,2025-09-25T14:24:17Z,26.6.5,0.0,True,4.78012,987394,4.78012,987394
Trulia Mortgage Calculators,1478735062,Mortgage Pal - Loan Calculator,apple,"Finance, Utilities",Finance,4+,90101760,10.0,2019-09-09T07:00:00Z,2021-03-04T18:00:03Z,3.7,0.0,True,4.78206,2854,4.78206,2854
Public Digital Library,1076402606,"Libby, the library app",apple,"Books, Entertainment",Book,4+,12030976,10.0,2016-12-12T21:35:54Z,2025-09-12T13:11:17Z,8.3.1,0.0,True,4.85269,3867814,4.85269,3867814
Quotes,876080126,Motivation - Daily quotes,apple,"Health & Fitness, Lifestyle",Health & Fitness,4+,334940160,16.0,2014-05-13T23:29:36Z,2025-09-23T18:31:35Z,6.2.0,0.0,True,4.83805,1005889,4.83805,1005889
Best New Ringtones 2018 Free 🔥 For Android™,1470100930,Ringtones: for iPhone,apple,"Music, Productivity",Music,4+,210869248,15.0,2019-07-20T07:00:00Z,2025-03-05T02:28:00Z,2.9,0.0,True,4.4314,34218,4.4314,34218
Lamp detector,1450361878,Lepro LampUX,apple,"Utilities, Lifestyle",Utilities,4+,167148544,10.0,2019-02-01T13:19:03Z,2022-03-18T01:56:21Z,1.5.1,0.0,True,4.79505,15243,4.79505,15243
SUDOKU,1193508329,Sudoku.com - Number Games,apple,"Games, Entertainment, Board, Puzzle",Games,4+,211861504,15.0,2017-03-30T09:32:35Z,2025-09-25T10:52:46Z,7.5.0,0.0,True,4.75572,1788512,4.75572,1788512
General culture,1500143611,Yuno - General knowledge,apple,"Education, Books",Education,4+,114149376,16.0,2021-10-28T07:00:00Z,2025-09-22T12:14:22Z,4.9.1,0.0,True,4.76149,7354,4.76149,7354
Luffs,722804810,Gopuff - Food & Drink Delivery,apple,"Food & Drink, Lifestyle",Food & Drink,12+,85186560,13.4,2013-10-17T08:12:48Z,2025-09-22T13:12:38Z,10.73.0,0.0,True,4.79216,236209,4.79216,236209
Aviary Effects: Classic,1123449586,Effects Cam - Visual Effects,apple,"Entertainment, Photo & Video",Entertainment,17+,59264000,9.1,2016-06-16T09:33:24Z,2018-04-09T08:26:50Z,1.2,0.0,True,4.38872,3900,4.38872,3900
Chakra Cleansing,6450438356,Chakra Meditation Reiki Guided,apple,"Lifestyle, Health & Fitness",Lifestyle,4+,133756928,13.0,2023-07-03T07:00:00Z,2025-09-10T11:46:40Z,2.2.82,0.0,True,4.8368,674,4.8368,674
Aviary Stickers: Free Pack,1556594773,Fancy Stickers - Sticker Maker,apple,"Entertainment, Reference",Entertainment,4+,125438976,11.0,2021-03-10T08:00:00Z,2022-02-08T09:58:15Z,2.1.0,0.0,True,4.68666,21172,4.68666,21172
Call Recorder,1377904267,Phone Call Recorder Free of Ad,apple,"Business, Utilities",Business,4+,56136704,13.0,2018-09-15T03:25:17Z,2025-02-12T19:48:29Z,3.10.17,0.0,True,4.38401,9328,4.38401,9328
Pink Water Sakura Keyboard Theme,1035199024,Kika Keyboard: Custom Themes,apple,"Utilities, Entertainment",Utilities,17+,172010496,13.0,2015-10-13T00:00:25Z,2025-09-20T04:17:55Z,5.4.0,0.0,True,4.56592,290570,4.56592,290570
auto Call Recorder 2018,573751328,TapeACall: Call Recorder,apple,"Business, Productivity",Business,4+,410010624,14.0,2013-01-22T00:27:52Z,2025-08-20T10:35:16Z,8.0.46,0.0,True,4.31778,36063,4.31778,36063
converter video to mp3,1294207675,Media Converter - video to mp3,apple,"Utilities, Entertainment",Utilities,4+,130220032,13.0,2017-10-10T04:37:29Z,2025-09-03T08:30:35Z,4.11,0.0,True,4.68628,22660,4.68628,22660
eBiblio,1541822581,eBiblio,apple,"Books, Reference",Book,12+,32969728,15.0,2020-12-18T08:00:00Z,2025-07-30T19:23:44Z,1.12.6,0.0,True,0.0,0,0.0,0
chicken song,1527960886,Hen Simulator Family Survival,apple,"Games, Adventure, Entertainment, Role Playing",Games,4+,210059264,13.0,2020-08-17T07:00:00Z,2025-09-25T05:12:40Z,1.10,0.0,True,4.38298,47,4.38298,47
Words (188 Category),6465991134,Words - Connections Word Game,apple,"Games, Trivia, Word",Games,17+,148938752,13.0,2023-09-22T07:00:00Z,2025-03-19T13:35:14Z,3.2.0,0.0,True,4.53766,17712,4.53766,17712
Binaural Beats Meditation,6471041035,Moongate: Binaural Beats,apple,"Music, Lifestyle",Music,4+,97084416,16.0,2023-11-02T07:00:00Z,2025-09-12T03:39:13Z,2.23.0,0.0,True,4.68509,31679,4.68509,31679
Essential Resources,1336646522,MyLink - Local Resources,apple,Reference,Reference,4+,11208704,14.0,2018-01-25T02:11:08Z,2025-09-05T14:00:32Z,2.0.3,0.0,True,4.28,25,4.28,25
MOMOLAND BBoom BBoom,1550778062,TrendTok Analytics & Tracker,apple,"Reference, Social Networking",Reference,4+,103377920,13.0,2021-02-11T08:00:00Z,2025-08-21T13:23:39Z,6.4,0.0,True,4.80525,53286,4.80525,53286
Cold Spirits,1277318070,Total Wine & More,apple,"Food & Drink, Lifestyle",Food & Drink,17+,96011264,15.1,2018-01-08T19:35:00Z,2025-09-17T11:51:49Z,9.9.1,0.0,True,4.80579,91067,4.80579,91067
Cardboard,6448785898,CardBrother - Sell Gift Cards,apple,"Finance, Utilities",Finance,17+,57055232,15.1,2023-06-18T07:00:00Z,2025-09-08T10:23:31Z,3.0.13,0.0,True,4.54158,17772,4.54158,17772
How to sew & make the easiest pattern,1467867656,Stitchly: Cross stitch,apple,"Lifestyle, Entertainment",Lifestyle,12+,44868608,12.0,2019-06-15T01:55:11Z,2025-09-15T17:04:14Z,3.5.1,0.0,True,4.69656,1104,4.69656,1104
I will return his eggs,328412701,Yahoo Finance: Stocks & News,apple,"Finance, News",Finance,4+,174663680,18.0,2009-09-08T03:58:36Z,2025-09-22T14:29:13Z,25.18.3,0.0,True,4.75086,600310,4.75086,600310
Bird Sounds & Bird Ringtones for Free 2018,773457673,Merlin Bird ID by Cornell Lab,apple,"Reference, Lifestyle",Reference,4+,375714816,17.6,2013-12-11T08:33:23Z,2025-07-14T19:12:46Z,3.7.1,0.0,True,4.86613,106526,4.86613,106526
Benefits of olive oil with garlic,6739765789,Olive - Holistic Food Scanner,apple,Health & Fitness,Health & Fitness,4+,136218624,15.1,2025-01-24T08:00:00Z,2025-09-07T05:42:44Z,1.2.8,0.0,True,4.86801,7130,4.86801,7130
Sad hair without net,529129647,Supercuts Hair Salon Check-in,apple,"Lifestyle, Utilities",Lifestyle,4+,43022336,13.0,2012-06-06T18:41:19Z,2025-09-16T16:47:06Z,7.60,0.0,True,4.73501,83959,4.73501,83959
Top Popular Ringtones 2018 Free 🔥,1470100930,Ringtones: for iPhone,apple,"Music, Productivity",Music,4+,210869248,15.0,2019-07-20T07:00:00Z,2025-03-05T02:28:00Z,2.9,0.0,True,4.4314,34218,4.4314,34218
Wifi Connect Library,548925969,WiFi Map: Free WiFi Near You,apple,"Travel, Navigation",Travel,4+,424850432,15.6,2012-09-20T17:53:00Z,2025-08-21T12:01:28Z,8.5.0 WiFi Map: Free WiFi Near You,0.0,True,4.56816,31257,4.56816,31257
Super Funny Ringtones 2018 🔔,981236820,Funny Ringtones +,apple,"Entertainment, Utilities",Entertainment,17+,38080512,12.0,2015-11-04T21:32:10Z,2024-03-08T02:36:14Z,1.6,0.0,True,4.44244,1277,4.44244,1277
Apk Installer,979401801,Browser and Documents Manager,apple,"Utilities, Business",Utilities,17+,42122240,10.0,2016-02-20T10:32:32Z,2019-03-25T09:40:08Z,2.6,0.0,True,4.63718,123240,4.63718,123240
SAMSUNG RETAILMODE 2018,1458344336,Back Market - Buy & Sell,apple,"Shopping, Lifestyle",Shopping,12+,162777088,15.0,2021-06-03T07:00:00Z,2025-09-22T23:29:27Z,5.19,0.0,True,4.73302,52790,4.73302,52790
OpenCV Manager,1087803190,Hik-Connect - for End user,apple,"Photo & Video, Lifestyle",Photo & Video,4+,359857152,14.0,2016-03-09T02:47:14Z,2025-09-24T11:08:58Z,6.10.822,0.0,True,4.69496,171782,4.69496,171782
Eternal life,6504541107,Eternal Member App,apple,"Health & Fitness, Medical",Health & Fitness,17+,66191360,17.0,2025-03-16T07:00:00Z,2025-09-24T00:21:06Z,1.4.1,0.0,True,4.5,8,4.5,8
V380s,1168968245,V380S,apple,"Utilities, Lifestyle",Utilities,4+,64949248,10.0,2017-01-04T16:29:17Z,2022-06-10T00:14:39Z,6.0.1,0.0,True,2.74359,351,2.74359,351
Cool Popular Ringtones 2018 🔥,1457775640,Best Ringtones 2025 for iPhone,apple,"Music, Entertainment",Music,12+,123303936,15.0,2019-03-30T23:20:04Z,2025-07-30T10:11:35Z,3.2.7,0.0,True,4.64993,24181,4.64993,24181
Blackpink as if it's your last,6444351044,BLACKPINK THE GAME,apple,"Games, Casual, Puzzle",Games,12+,248487936,12.0,2023-05-17T07:00:00Z,2025-06-04T05:15:45Z,1.15.039,0.0,True,4.75549,5006,4.75549,5006
Wifi Test,616145031,Internet Speed Test Speedcheck,apple,"Utilities, Travel",Utilities,4+,187425792,13.0,2013-05-08T20:49:19Z,2025-08-17T04:18:45Z,5.3.16,0.0,True,4.88253,97318,4.88253,97318
Patience Words,1386727308,Kryss - The Battle of Words,apple,"Games, Puzzle, Entertainment, Word",Games,4+,219154432,15.0,2019-12-05T08:00:00Z,2025-09-22T11:38:45Z,9.42,0.0,True,4.216,125,4.216,125
Market Update Helper,1205990992,TradingView: Track All Markets,apple,"Finance, News",Finance,17+,179249152,16.0,2017-04-24T11:29:54Z,2025-09-20T04:22:50Z,2.116.1,0.0,True,4.8535,323466,4.8535,323466
Ayyush wih wih new without Net,1521593987,Smart TV Remote for ThinG TV,apple,"Utilities, Reference",Utilities,4+,137364480,15.0,2020-08-30T07:00:00Z,2025-07-09T18:09:49Z,5.2,0.0,True,4.3421,10149,4.3421,10149
Girls Nancy Ajram Without Net,863844475,YouCam Makeup: Face Editor,apple,"Photo & Video, Lifestyle",Photo & Video,9+,272285696,16.0,2014-08-13T00:04:21Z,2025-09-07T10:07:31Z,6.36.0,0.0,True,4.75249,149419,4.75249,149419
R M Lock Screen,1038212933,Schlage Home,apple,"Lifestyle, Utilities",Lifestyle,4+,157045760,15.0,2015-09-22T18:19:48Z,2025-09-16T08:40:29Z,8.2.1,0.0,True,4.80203,215675,4.80203,215675
Mama Lala 's song,6742108393,Mama Foundation for the Arts,apple,Education,Education,4+,108697600,12.0,2025-02-23T08:00:00Z,2025-04-09T23:37:07Z,1.0.5,0.0,True,3.0,2,3.0,2
Barcode Scanner,368494609,QR Reader for iPhone,apple,"Utilities, Productivity",Utilities,12+,94235648,12.0,2010-05-02T06:01:13Z,2024-09-25T22:06:10Z,9.5,0.0,True,4.72382,1348230,4.72382,1348230
Young Speeches,571201601,Speeches App,apple,"Productivity, Business",Productivity,4+,11801600,11.0,2012-10-28T15:06:14Z,2019-04-02T21:17:06Z,2.3,4.99,False,4.41667,24,4.41667,24
New Ringtones 2018,1470100930,Ringtones: for iPhone,apple,"Music, Productivity",Music,4+,210869248,15.0,2019-07-20T07:00:00Z,2025-03-05T02:28:00Z,2.9,0.0,True,4.4314,34218,4.4314,34218
EyeCloud,685175161,EyeCloud,apple,"Photo & Video, Medical",Photo & Video,4+,202103808,10.0,2013-09-09T22:34:21Z,2021-08-09T09:04:18Z,5.5.7,0.0,True,3.52523,436,3.52523,436
Dollhouse Decorating Games,998176001,My Town : Home - Family Games,apple,"Education, Family, Games, Simulation",Education,4+,721927168,13.0,2015-07-23T16:38:12Z,2025-06-02T05:26:37Z,3.26,0.0,True,4.45561,302081,4.45561,302081
metroZONE,889571826,Smart Metronome & Tuner,apple,"Music, Utilities",Music,4+,13643776,15.6,2014-06-24T07:17:00Z,2025-07-22T19:11:42Z,15.7,0.0,True,4.7333,46746,4.7333,46746
Easy Hair Style Design,1494448939,Prookie: Hair AI Hairstyle app,apple,"Photo & Video, Graphics & Design",Photo & Video,9+,383622144,13.0,2020-01-14T08:00:00Z,2025-08-14T08:18:43Z,5.2.8,0.0,True,3.96137,7377,3.96137,7377
Talking Babsy Baby: Baby Games,1507652980,Baby care game & Dress up,apple,"Games, Simulation, Family, Education",Games,4+,130821120,12.0,2020-04-28T07:00:00Z,2024-12-23T21:06:08Z,1.67,0.0,True,4.40046,49081,4.40046,49081
"Black Wallpaper, AMOLED, Dark Background: Darkify",1616629991,ThemePack: Widgets & Wallpaper,apple,"Graphics & Design, Entertainment",Graphics & Design,4+,179287040,14.0,2022-04-12T07:00:00Z,2025-09-23T02:16:08Z,2.5.8,0.0,True,4.68466,378697,4.68466,378697
Girly Wallpapers Backgrounds,1579710617,Girly wallpapers HD | 4K,apple,"Photo & Video, Entertainment",Photo & Video,4+,33017856,14.0,2021-08-06T07:00:00Z,2024-07-16T19:57:01Z,1.2,0.0,True,4.59816,4467,4.59816,4467
Chart - Myanmar Keyboard,919884616,TTKeyboard,apple,Utilities,Utilities,4+,107333632,13.0,2014-09-24T19:23:15Z,2025-05-07T21:34:50Z,4.5,0.0,True,4.3087,1814,4.3087,1814
Easy Makeup Tutorials,1434594204,Prêt à Makeup,apple,"Graphics & Design, Lifestyle",Graphics & Design,4+,301735936,17.5,2019-02-22T23:34:33Z,2025-09-24T22:17:42Z,2.9.2,0.0,True,4.4177,37735,4.4177,37735
Horoscopes – Daily Zodiac Horoscope and Astrology,363920434,The DailyHoroscope,apple,"Lifestyle, Reference",Lifestyle,4+,104794112,14.0,2010-04-04T21:53:21Z,2025-04-24T23:39:34Z,5.0.4,0.0,True,4.84944,93400,4.84944,93400
Entel,931459056,Entel,apple,Utilities,Utilities,4+,93120512,15.0,2014-12-17T07:09:15Z,2025-08-13T12:37:06Z,4.15.1,0.0,True,4.21377,697,4.21377,697
ZenUI Safeguard,724596345,McAfee Security: Privacy & VPN,apple,"Utilities, Productivity",Utilities,4+,270301184,16.0,2014-01-08T15:55:50Z,2025-09-02T10:56:26Z,9.8,0.0,True,4.70629,200104,4.70629,200104
Live 4D Results ! (MY & SG),1672726439,Live 4D Results - (MY & SG),apple,"Magazines & Newspapers, Lifestyle",Magazines & Newspapers,17+,117711872,11.0,2023-03-01T08:00:00Z,2023-09-05T18:41:11Z,3.5,0.0,True,5.0,1,5.0,1
Diary with lock,1252208166,Diary With Password,apple,"Productivity, Lifestyle",Productivity,4+,12310528,12.0,2017-06-26T18:43:42Z,2025-04-14T15:13:07Z,3.2.6,0.0,True,4.72288,25391,4.72288,25391
FOSSIL Q: DESIGN YOUR DIAL,318698524,Google Voice,apple,Productivity,Productivity,4+,176322560,18.0,2010-11-16T19:14:42Z,2025-09-19T18:26:55Z,25.37,0.0,True,4.30327,60790,4.30327,60790
Telstra,543829966,My Telstra,apple,Utilities,Utilities,4+,282665984,16.1,2012-07-25T18:40:14Z,2025-09-08T04:32:28Z,116.0.93648,0.0,True,4.14815,864,4.14815,864
Family Locator - GPS Tracker,416436167,iSharing: GPS Location Tracker,apple,"Social Networking, Lifestyle",Social Networking,4+,323115008,15.1,2011-01-29T01:58:13Z,2025-09-24T16:31:16Z,12.9.6,0.0,True,4.82062,30293,4.82062,30293
Van Nien 2018 - Lich Van su & Lich Am,1071624317,Lịch Vạn Niên 2025 & Lịch Việt,apple,"Reference, Utilities",Reference,4+,137947136,15.6,2016-01-09T00:16:46Z,2025-03-12T23:51:24Z,7.16,0.0,True,4.62029,14980,4.62029,14980
Safeway,521487551,Safeway Deals & Delivery,apple,"Shopping, Lifestyle",Shopping,4+,324914176,15.0,2012-05-01T21:33:33Z,2025-09-20T04:26:56Z,2025.33.0,0.0,True,4.77456,1109257,4.77456,1109257
HTC Speak,1286609883,Speak: Language Learning,apple,"Education, Travel",Education,4+,238534656,15.0,2017-12-22T02:12:54Z,2025-09-25T23:07:17Z,4.16.0,0.0,True,4.82862,21245,4.82862,21245
Kawaii Easy Drawing : How to draw Step by Step,1639875485,Simply Draw: Learn to Draw,apple,Education,Education,4+,180215808,15.2,2022-11-15T08:00:00Z,2025-09-21T08:03:32Z,1.5.38,0.0,True,4.76419,249965,4.76419,249965
Tattoodo - Find your next tattoo,1057590314,Tattoodo - Your Next Tattoo,apple,"Lifestyle, Photo & Video",Lifestyle,17+,78959616,16.0,2016-03-08T12:36:54Z,2025-08-29T16:34:52Z,10.1.0,0.0,True,4.69367,7156,4.69367,7156
H&M,834465911,H&M,apple,"Shopping, Lifestyle",Shopping,4+,187020288,16.0,2018-07-07T08:41:17Z,2025-09-20T01:59:30Z,25.38.1,0.0,True,4.82254,199711,4.82254,199711
Samsung+,973895042,TV Cast for Samsung TV App,apple,"Photo & Video, Entertainment",Photo & Video,17+,36422656,12.0,2015-03-26T13:22:35Z,2025-02-26T17:49:08Z,3.8,0.0,True,3.80262,29202,3.80262,29202
Anime Avatar Creator: Make Your Own Avatar,1630343674,Neku: make avatar sticker,apple,"Entertainment, Social Networking",Entertainment,17+,196029440,15.0,2022-08-15T07:00:00Z,2025-09-24T07:56:10Z,1.610.12,0.0,True,4.652,78620,4.652,78620
Beautiful Design Birthday Cake,6473964435,Nothing Bundt Cakes,apple,"Food & Drink, Shopping",Food & Drink,4+,84898816,16.0,2024-05-20T07:00:00Z,2025-09-17T18:07:41Z,45.8.0,0.0,True,4.93933,72967,4.93933,72967
Pronunciation and know the name of the caller from his number,1216135390,Second Phone Number - 2Number,apple,"Utilities, Business",Utilities,4+,110941184,15.0,2017-06-15T15:03:37Z,2025-09-23T14:21:15Z,2.87,0.0,True,4.50814,120800,4.50814,120800
Super Slime Simulator - Satisfying Slime App,1375330146,Super Slime Simulator,apple,"Lifestyle, Simulation, Casual, Games",Lifestyle,4+,276945920,13.0,2018-04-28T00:45:34Z,2025-08-17T10:35:04Z,12.30,0.0,True,4.71319,378788,4.71319,378788
Caf - My Account,1339438881,COFE,apple,"Lifestyle, Food & Drink",Lifestyle,4+,161426432,14.0,2018-02-06T04:02:02Z,2025-08-10T18:07:50Z,7.3.2,0.0,True,4.70087,14619,4.70087,14619
H Pack,654810212,Freeletics: Workouts & Fitness,apple,"Health & Fitness, Lifestyle",Health & Fitness,4+,180031488,16.0,2013-06-26T02:12:26Z,2025-09-23T07:51:32Z,25.37.1,0.0,True,4.63657,21988,4.63657,21988
Family convenience store FamilyMart,921864548,Weee! #1 Asian Grocery App,apple,"Food & Drink, Shopping",Food & Drink,4+,172418048,15.0,2014-11-28T08:28:58Z,2025-09-23T10:23:30Z,20.29,0.0,True,4.78679,94809,4.78679,94809
w UN map,1541877062,MapChart App,apple,"Graphics & Design, Entertainment",Graphics & Design,4+,169895936,13.0,2020-12-01T08:00:00Z,2025-09-17T01:44:22Z,5.18.8,0.0,True,4.77023,4091,4.77023,4091
Official Matsumoto Kiyoshi application,1135177080,Feelings Diary - Mood Journal,apple,"Lifestyle, Utilities",Lifestyle,4+,73121792,10.0,2016-07-16T18:25:07Z,2021-08-04T17:24:34Z,5.11,0.0,True,4.72739,763,4.72739,763
Galaxy Gift,6451490156,Gift Galaxy AI: Gift Ideas,apple,"Lifestyle, Productivity",Lifestyle,4+,33053696,15.6,2023-07-21T07:00:00Z,2024-12-30T08:53:54Z,2.0,0.0,True,0.0,0,0.0,0
PASS by KT (formerly KT certified),1503631764,Tolls NY,apple,"Travel, Navigation",Travel,12+,86268928,16,2020-06-15T07:00:00Z,2025-09-26T02:02:57Z,3.9,0.0,True,4.75786,213006,4.75786,213006
Safety stepping stone,1522645864,SchoolPass,apple,Education,Education,4+,82805760,11,2020-08-11T07:00:00Z,2024-06-27T16:00:25Z,24.20.2,0.0,True,4.67199,3756,4.67199,3756
Rate Guide Bill Letter,563082328,Military Retirement,apple,"Finance, Reference",Finance,4+,2886656,15.0,2012-09-26T02:26:31Z,2025-09-09T20:16:56Z,2025.3,5.99,False,4.84976,12174,4.84976,12174
US Mission - buy gourmet movie KTV,694169089,atresplayer: Series y Noticias,apple,"Entertainment, Lifestyle",Entertainment,4+,155104256,12.0,2013-10-01T06:49:59Z,2025-09-17T08:08:15Z,4.25.0,0.0,True,4.88945,7563,4.88945,7563
OK cashbag [point of pleasure],559887125,Ibotta: Save & Earn Cash Back,apple,"Shopping, Lifestyle",Shopping,17+,145830912,16.1,2012-10-02T04:49:19Z,2025-09-24T14:22:57Z,6.305.0,0.0,True,4.79694,1886400,4.79694,1886400
JOANN - Crafts & Coupons,405383140,JOANN - Shopping & Crafts,apple,Shopping,Shopping,4+,75464704,13.0,2010-12-01T03:38:43Z,2025-06-07T02:23:16Z,8.1.5,0.0,True,4.78317,655987,4.78317,655987
MK eCatalog,493554468,Mary Kay® Interactive Catalog,apple,"Shopping, Lifestyle",Shopping,4+,233531392,15.6,2012-03-16T06:00:23Z,2025-09-24T20:32:42Z,9.1.2,0.0,True,4.8812,12879,4.8812,12879
Vaniday - Beauty Booking App,1297230801,Fresha for customers,apple,"Lifestyle, Health & Fitness",Lifestyle,4+,102325248,16.0,2017-12-03T16:04:46Z,2025-09-25T07:21:41Z,3.25.2,0.0,True,4.91159,32893,4.91159,32893
Fashion in Vogue,289380413,Vogue: Fashion & Shopping,apple,"Magazines & Newspapers, Entertainment",Magazines & Newspapers,12+,127643648,15.5,2019-02-12T08:00:00Z,2025-09-08T12:27:57Z,12.51.4,0.0,True,3.8241,1660,3.8241,1660
Mirror,379516970,Mirror ◎,apple,"Lifestyle, Photo & Video",Lifestyle,12+,55486464,11.0,2010-06-30T23:37:35Z,2024-05-30T14:42:14Z,3.3.1,0.0,True,4.6138,187855,4.6138,187855
StyleSeat,414313281,StyleSeat - Salon Appointments,apple,Lifestyle,Lifestyle,4+,80953344,14.0,2011-01-15T19:32:08Z,2025-09-22T19:59:36Z,150.5.0,0.0,True,4.91489,278097,4.91489,278097
Wedding Countdown Widget,939368917,Days • Event Countdown,apple,"Lifestyle, Travel",Lifestyle,4+,150167552,17.0,2015-02-17T08:00:00Z,2025-09-09T21:11:18Z,3.34,0.0,True,4.79736,9924,4.79736,9924
My Day - Countdown Calendar 🗓️,983258067,Countdown: Event Countdown,apple,"Productivity, Lifestyle",Productivity,4+,144555008,14.0,2015-04-16T09:21:13Z,2025-06-18T00:11:23Z,5.17,0.0,True,4.74599,22515,4.74599,22515
justWink Greeting Cards,1229268150,"CardSnacks: ecards, greetings",apple,"Lifestyle, Photo & Video",Lifestyle,4+,134553600,13.0,2017-08-11T21:15:10Z,2025-09-09T16:35:48Z,4.14,0.0,True,4.84675,56886,4.84675,56886
Wedding LookBook by The Knot,457941553,The Knot Wedding Planner,apple,"Lifestyle, Social Networking",Lifestyle,4+,423157760,17.0,2011-09-01T19:26:47Z,2025-09-22T15:04:03Z,4.57.0,0.0,True,4.86154,201492,4.86154,201492
Big Days - Events Countdown,940109775,Big Days - Events Countdown,apple,"Productivity, Lifestyle",Productivity,12+,69573632,13.0,2014-11-20T20:50:09Z,2025-07-05T17:49:15Z,9.8.4,0.0,True,4.59964,572,4.59964,572
"Wedding Planner by WeddingWire - Venues, Checklist",316565575,Wedding Planner by WeddingWire,apple,Lifestyle,Lifestyle,4+,102684672,13.0,2009-05-28T21:30:40Z,2025-09-17T13:53:10Z,9.22.5,0.0,True,4.83228,45390,4.83228,45390
Been Together (Ad) - D-day,921022358,Star Wars™: Galaxy of Heroes,apple,"Games, Strategy, Role Playing",Games,9+,225868800,12.0,2015-11-24T16:53:08Z,2025-07-28T17:25:58Z,0.37.0,0.0,True,4.59514,224801,4.59514,224801
WedMeGood - Wedding Planner,1043872365,WedMeGood - Wedding Planner,apple,"Lifestyle, Reference",Lifestyle,4+,110672896,15.0,2015-11-13T23:33:32Z,2025-09-12T21:30:31Z,5.3.7,0.0,True,4.62457,1457,4.62457,1457
DIY Garden Ideas,6443580320,GrowIt: Garden Planner,apple,"Lifestyle, Education",Lifestyle,4+,110949376,16.0,2022-11-03T07:00:00Z,2025-09-05T01:32:38Z,1.34,0.0,True,4.65705,9430,4.65705,9430
Brit + Co,1564391728,Brit Bassett Co,apple,"Shopping, Lifestyle",Shopping,9+,51528704,15.1,2021-04-28T07:00:00Z,2025-09-19T19:11:16Z,4.1.0,0.0,True,5.0,2,5.0,2
Creative Ideas - DIY & Craft,856367925,Creative Ideas -DIY & Craft,apple,"Lifestyle, Education",Lifestyle,4+,23304192,9.0,2017-06-19T21:14:01Z,2019-03-12T08:57:19Z,1.7,0.0,True,4.57171,502,4.57171,502
Homestyler Interior Design & Decorating Ideas,601137449,Homestyler-3D Home Decor,apple,"Lifestyle, Games, Trivia, Word",Lifestyle,4+,225354752,12.0,2013-04-11T08:43:43Z,2025-09-15T22:46:32Z,11.7.0,0.0,True,4.42844,5520,4.42844,5520
Wheretoget: Shop in style,358821736,Urban Outfitters,apple,"Shopping, Lifestyle",Shopping,12+,167673856,17.0,2010-03-06T02:45:58Z,2025-09-25T18:35:53Z,25.10.2,0.0,True,4.87198,525701,4.87198,525701
My Dressing - Fashion closet,1061302787,Grailed – Buy & Sell Fashion,apple,"Shopping, Lifestyle",Shopping,17+,307547136,16.0,2015-12-17T20:09:22Z,2025-09-23T14:21:30Z,7.57.0,0.0,True,4.82552,124061,4.82552,124061
Chictopia,1425052954,TourApp,apple,"Travel, Lifestyle",Travel,4+,10770432,9.0,2018-08-29T11:42:16Z,2018-11-20T00:06:12Z,1.0.4,0.0,True,0.0,0,0.0,0
Scarf Fashion Designer,1061302787,Grailed – Buy & Sell Fashion,apple,"Shopping, Lifestyle",Shopping,17+,307547136,16.0,2015-12-17T20:09:22Z,2025-09-23T14:21:30Z,7.57.0,0.0,True,4.82552,124061,4.82552,124061
Zara,547951480,ZARA,apple,"Shopping, Lifestyle",Shopping,4+,170800128,15.1,2012-08-01T17:21:46Z,2025-09-18T17:18:37Z,17.4.2,0.0,True,4.81616,353099,4.81616,353099
Real Estate by Movoto,537795977,Movoto | Real Estate,apple,"Lifestyle, Productivity",Lifestyle,4+,129955840,16.0,2012-07-02T18:48:48Z,2025-04-24T14:16:19Z,15.7,0.0,True,4.79585,54127,4.79585,54127
Etta Homes,665910228,Etta Homes,apple,Lifestyle,Lifestyle,4+,121186304,16.0,2013-07-02T20:09:01Z,2025-07-10T23:46:55Z,13.1.5,0.0,True,4.79166,7603,4.79166,7603
Houlihan Lawrence,1599341673,Houlihan Lawrence,apple,"Lifestyle, Navigation",Lifestyle,4+,69773312,14.0,2023-10-03T07:00:00Z,2023-11-21T18:03:42Z,6.300.231121,0.0,True,4.86842,38,4.86842,38
Home Scouting® MLS Mobile,327962480,"Redfin: Buy, Sell & Rent Homes",apple,"Lifestyle, Business",Lifestyle,4+,176657408,17.0,2009-08-31T07:00:00Z,2025-09-25T22:28:39Z,594.0.0.28979,0.0,True,4.80476,1507571,4.80476,1507571
Housing-Real Estate & Property,288487321,Trulia Real Estate & Rentals,apple,"Lifestyle, Finance",Lifestyle,4+,114267136,17.0,2019-02-12T08:00:00Z,2025-09-02T16:29:39Z,17.4,0.0,True,4.81715,1404345,4.81715,1404345
ZipRealty Real Estate & Homes,306423353,Homes.com Real Estate Search,apple,"Lifestyle, Productivity",Lifestyle,4+,463578112,16.0,2009-03-01T17:25:07Z,2025-09-15T18:36:30Z,17.1.1,0.0,True,4.74325,43135,4.74325,43135
Sotheby's International Realty,1447132658,Sotheby's International Realty,apple,"Business, Lifestyle",Business,12+,10120192,13.0,2019-05-29T16:23:18Z,2024-10-03T17:50:59Z,1.3,0.0,True,1.46667,75,1.46667,75
Zoopla Property Search UK - Home to buy & rent,380932800,Zoopla home property search UK,apple,"Lifestyle, Finance",Lifestyle,4+,64332800,15,2010-07-19T07:00:00Z,2025-09-18T07:43:53Z,7.33.0,0.0,True,4.7919,4080,4.7919,4080
Neighborhoods & Apartments,319836632,Apartments.com Rental Finder,apple,"Lifestyle, Business",Lifestyle,4+,93159424,16.0,2009-06-20T18:15:22Z,2025-09-15T20:41:29Z,12.4.1,0.0,True,4.8554,441132,4.8554,441132
Keller Williams Real Estate,652512924,KW Real Estate,apple,Lifestyle,Lifestyle,4+,157300736,12.0,2013-07-23T02:58:08Z,2025-09-23T00:08:52Z,9.26.0,0.0,True,4.76689,62601,4.76689,62601
Relax Rain ~ Rain Sounds,1347615913,Rain Sounds - Relax and Focus,apple,"Music, Health & Fitness",Music,4+,98579456,10.0,2018-03-08T01:40:00Z,2018-06-01T23:50:19Z,1.0.3,0.0,True,4.52177,1148,4.52177,1148
Relax Ocean ~ Nature Sounds,590198818,Ocean Wave Sounds for Sleep,apple,"Lifestyle, Music",Lifestyle,4+,52304896,16.0,2013-01-24T23:31:08Z,2024-01-04T20:44:00Z,17.0.1,0.0,True,4.67811,6527,4.67811,6527
Bed Time Fan - White Noise Sleep Sounds,1083248251,White Noise Deep Sleep Sounds,apple,"Health & Fitness, Medical",Health & Fitness,4+,225725440,12.0,2016-02-17T19:28:38Z,2025-09-24T05:15:52Z,3.39.0,0.0,True,4.80109,191986,4.80109,191986
Nature Sounds,478687481,Rain Rain Sleep Sounds,apple,"Health & Fitness, Medical",Health & Fitness,4+,105272320,12.0,2011-11-12T04:07:24Z,2025-01-22T16:58:20Z,6.9.10,0.0,True,4.84645,130449,4.84645,130449
SleepyTime: Bedtime Calculator,320606217,Sleep Cycle - Tracker & Sounds,apple,"Health & Fitness, Lifestyle",Health & Fitness,4+,415750144,15.0,2009-07-23T23:52:39Z,2025-09-22T06:52:16Z,6.25.37,0.0,True,4.64248,12755,4.64248,12755
White Noise Baby,1083248251,White Noise Deep Sleep Sounds,apple,"Health & Fitness, Medical",Health & Fitness,4+,225725440,12.0,2016-02-17T19:28:38Z,2025-09-24T05:15:52Z,3.39.0,0.0,True,4.80109,191986,4.80109,191986
White Noise ~ Sleeping Sounds,292987597,White Noise Lite,apple,"Health & Fitness, Productivity",Health & Fitness,4+,87097344,13.0,2008-10-16T00:49:33Z,2025-06-10T18:38:18Z,8.1.2,0.0,True,4.82706,254898,4.82706,254898
"Journey - Diary, Journal",1300202543,"Journey - Diary, Journal",apple,"Lifestyle, Productivity",Lifestyle,4+,224989184,18.2,2017-11-29T09:42:33Z,2025-09-24T00:29:16Z,5.6.2,0.0,True,4.64551,4962,4.64551,4962
7 Day Food Journal Challenge,1164976477,AteMate Food Journal (Ate),apple,"Health & Fitness, Food & Drink",Health & Fitness,12+,198590464,13.0,2017-02-16T14:48:59Z,2025-09-20T04:49:31Z,4.0.1,0.0,True,4.79151,10058,4.79151,10058
ROBLOX,431946152,Roblox,apple,"Games, Entertainment, Action, Adventure",Games,12+,226081792,13.0,2011-05-26T20:51:47Z,2025-09-25T16:50:32Z,2.692.841,0.0,True,4.53193,15612155,4.53193,15612155
Subway Surfers,512939461,Subway Surfers,apple,"Games, Action, Casual, Entertainment",Games,9+,342191104,13.0,2012-05-24T07:00:00Z,2025-09-22T07:07:45Z,3.52.2,0.0,True,4.65123,3480461,4.65123,3480461
Candy Crush Saga,553834731,Candy Crush Saga,apple,"Games, Entertainment, Puzzle, Casual",Games,4+,325058560,12.0.0,2012-11-14T14:41:32Z,2025-09-24T07:29:44Z,1.312.1.1,0.0,True,4.70801,3737555,4.70801,3737555
Solitaire,359917414,Solitaire,apple,"Games, Board, Card",Games,12+,405464064,13.0,2010-03-18T21:33:47Z,2025-08-27T21:13:48Z,9.1.6,0.0,True,4.72968,1980700,4.72968,1980700
Bubble Shooter,604044220,Bubble Shooter: Pop & Blast,apple,"Games, Entertainment, Casual, Puzzle",Games,4+,234688512,15.5,2013-02-22T02:17:29Z,2025-08-25T23:08:32Z,119.0,0.0,True,4.52648,337752,4.52648,337752
Hello Kitty Nail Salon,949737354,Hello Kitty Nail Salon,apple,"Entertainment, Games, Family",Entertainment,4+,231499776,13.0,2015-02-05T08:00:00Z,2025-08-20T15:03:17Z,2025.3.0,0.0,True,4.54094,100842,4.54094,100842
slither.io,1091944550,slither.io,apple,"Games, Action, Entertainment, Casual",Games,4+,78260224,12.0,2016-03-25T17:01:46Z,2025-08-19T13:45:17Z,2.2.6,0.0,True,3.69583,1463,3.69583,1463
Clash Royale,1053012308,Clash Royale,apple,"Games, Strategy, Entertainment, Action",Games,9+,1004822528,14.0,2016-03-02T07:25:45Z,2025-08-21T13:15:58Z,11.548.4,0.0,True,4.59361,3189101,4.59361,3189101
Temple Run 2,572395608,Temple Run 2: Endless Escape,apple,"Games, Adventure, Entertainment, Action",Games,9+,240621568,13.0,2013-01-17T08:00:00Z,2025-09-20T18:32:30Z,1.125.0,0.0,True,4.49868,484637,4.49868,484637
Pou,575154654,Pou,apple,"Games, Family, Simulation",Games,4+,40581120,12.0,2012-11-26T19:41:27Z,2025-02-04T22:09:52Z,1.4.123,1.99,False,4.35534,3754,4.35534,3754
Helix Jump,1345968745,Helix Jump,apple,"Games, Action, Casual",Games,12+,322300928,14.0,2018-02-10T17:33:15Z,2025-09-17T10:52:29Z,5.20.7,0.0,True,4.59351,1506054,4.59351,1506054
Block Puzzle,1515874052,Block Puzzle - Brain Test Game,apple,"Games, Entertainment, Puzzle, Casual",Games,4+,95893504,12.0,2020-06-17T07:00:00Z,2025-07-24T18:06:28Z,4.8,0.0,True,4.71089,1030020,4.71089,1030020
Angry Birds Rio,880047117,Angry Birds 2,apple,"Games, Action, Puzzle",Games,4+,740158464,13.0,2015-07-30T06:29:53Z,2025-09-23T06:24:09Z,5.0.1,0.0,True,4.62809,1454378,4.62809,1454378
Plants vs. Zombies FREE,893677096,Plants vs. Zombies™,apple,"Games, Puzzle, Action",Games,9+,166048768,13.0,2014-11-13T21:47:44Z,2025-08-25T09:40:46Z,3.11.0,0.0,True,4.8202,853784,4.8202,853784
Sonic Dash,582654048,Sonic Dash: Fun Endless Runner,apple,"Games, Entertainment, Action, Casual",Games,4+,341187584,13.0,2013-03-07T08:00:00Z,2025-09-25T11:18:42Z,8.13.0,0.0,True,4.68258,414604,4.68258,414604
Candy Crush Soda Saga,850417475,Candy Crush Soda Saga,apple,"Games, Casual, Puzzle",Games,4+,534889472,12.2,2014-11-11T09:57:44Z,2025-09-17T11:06:48Z,1.302.3,0.0,True,4.71628,730392,4.71628,730392
Zombie Hunter King,1353325015,Zombie Hunter King,apple,"Games, Action, Casual, Entertainment",Games,12+,90488832,9.0,2018-07-05T06:14:29Z,2021-03-09T18:17:20Z,1.0.18,0.0,True,4.51667,120,4.51667,120
Clash of Clans,529479190,Clash of Clans,apple,"Games, Action, Entertainment, Strategy",Games,9+,559384576,12.0,2012-08-02T08:24:58Z,2025-09-22T14:07:51Z,17.360.42,0.0,True,4.75767,2672052,4.75767,2672052
Kick the Buddy,1278869953,Kick the Buddy,apple,"Games, Action, Casual",Games,12+,285332480,13.0,2017-11-02T10:05:05Z,2025-09-17T08:15:28Z,1.23.5,0.0,True,4.5884,1039694,4.5884,1039694
Block Puzzle Classic Legend !,1466197423,Qblock: Wood Block Puzzle Game,apple,"Games, Board, Puzzle, Entertainment",Games,12+,329912320,15.0,2019-06-20T23:52:34Z,2025-08-21T07:41:42Z,4.24.4,0.0,True,4.72499,429866,4.72499,429866
PAC-MAN,1002340615,PAC-MAN 256 - Arcade Run,apple,"Games, Action, Casual",Games,4+,143326208,11.0,2015-08-19T08:47:30Z,2023-11-29T13:53:31Z,2.1.0,0.0,True,4.64968,19254,4.64968,19254
Super Jim Jump - pixel 3d,1195736053,Super Jim Jump:  Classic Platform Game,apple,"Games, Casual, Adventure, Entertainment",Games,4+,204953600,8.0,2017-01-21T06:40:27Z,2017-07-18T01:36:14Z,1.3.3020,0.0,True,4.62159,806,4.62159,806
8 Ball Pool,543186831,8 Ball Pool™,apple,"Games, Entertainment, Sports, Simulation",Games,4+,202296320,13.0,2013-02-27T19:38:23Z,2025-09-22T08:05:49Z,56.12.2,0.0,True,4.75185,4485535,4.75185,4485535
Magic Tiles 3,1443446174,Magic Tiles 3: Piano Game,apple,"Games, Music, Casual, Music",Games,4+,522704896,15.6,2018-12-15T08:55:33Z,2025-09-22T07:43:55Z,12.093.022,0.0,True,4.56389,596729,4.56389,596729
Bubble Witch 3 Saga,1095254858,Bubble Witch 3 Saga,apple,"Games, Puzzle",Games,4+,626008064,12.0.0,2017-01-11T08:54:36Z,2025-09-22T08:36:58Z,10.6.4.0,0.0,True,4.66506,105341,4.66506,105341
Word Search,1602508478,Word Search Explorer®,apple,"Games, Word, Puzzle",Games,4+,301251584,13.0,2023-02-11T08:00:00Z,2025-09-23T12:49:59Z,1.122,0.0,True,4.95749,645226,4.95749,645226
Granny,1323957120,Granny,apple,"Games, Casual",Games,12+,333560832,11.0,2017-12-12T03:11:14Z,2022-11-24T22:15:42Z,1.8,0.0,True,4.35195,95994,4.35195,95994
Angry Birds Classic,555936735,Angry Birds Friends,apple,"Games, Casual, Puzzle, Entertainment",Games,4+,241957888,13.0,2013-05-02T11:25:38Z,2025-09-11T14:45:45Z,13.5.1,0.0,True,4.63227,125278,4.63227,125278
Flow Free,526641427,Flow Free,apple,"Games, Entertainment, Puzzle, Board",Games,4+,71483392,12.0,2012-06-07T00:44:26Z,2025-02-20T20:07:56Z,4.8,0.0,True,4.78566,369841,4.78566,369841
Race the Traffic Moto,1180899852,Moto Rider GO: Highway Traffic,apple,"Games, Racing, Simulation",Games,4+,156411904,7.0,2017-03-01T10:09:00Z,2017-11-22T07:25:19Z,1.2,0.0,True,4.5125,80,4.5125,80
Fishdom,664575829,Fishdom,apple,"Games, Puzzle, Entertainment, Casual",Games,4+,276524032,12.0,2015-12-10T03:20:41Z,2025-09-18T11:37:56Z,9.2.3,0.0,True,4.63971,1128481,4.63971,1128481
Galaxy Attack: Alien Shooter,1176011642,Galaxy Attack: Alien Shooter,apple,"Games, Casual, Action",Games,9+,360009728,15.0,2016-11-15T01:06:30Z,2025-09-24T01:23:43Z,5.14.6,0.0,True,4.71889,622160,4.71889,622160
Zombie Tsunami,529652920,Zombie Tsunami,apple,"Games, Entertainment, Action, Casual",Games,9+,280786944,12.0,2012-05-31T07:00:00Z,2025-06-12T06:24:34Z,4.6.4,0.0,True,4.46347,11060,4.46347,11060
Bubble Shooter 2,604044220,Bubble Shooter: Pop & Blast,apple,"Games, Entertainment, Casual, Puzzle",Games,4+,234688512,15.5,2013-02-22T02:17:29Z,2025-08-25T23:08:32Z,119.0,0.0,True,4.52648,337752,4.52648,337752
Barbie™ Fashion Closet,1296796112,Barbie Dreamhouse Adventures,apple,"Entertainment, Education",Entertainment,4+,544501760,13.0,2018-08-04T10:10:00Z,2025-08-18T12:25:08Z,2025.6.0,0.0,True,4.38957,499588,4.38957,499588
Candy Crush Jelly Saga,1047246341,Candy Crush Jelly Saga,apple,"Games, Puzzle, Casual",Games,4+,397902848,12.0.0,2016-01-06T21:41:24Z,2025-09-11T09:42:22Z,4.4.0.0,0.0,True,4.51316,47391,4.51316,47391
Hill Climb Racing,564540143,Hill Climb Racing,apple,"Games, Action, Racing, Entertainment",Games,12+,175765504,12.0,2012-11-08T23:57:05Z,2025-06-18T13:47:00Z,1.66.0,0.0,True,4.60135,102548,4.60135,102548
Gardenscapes,1105855019,Gardenscapes,apple,"Games, Entertainment, Puzzle, Casual",Games,4+,307118080,12.0,2016-08-25T04:13:46Z,2025-09-15T11:31:03Z,9.0.7,0.0,True,4.68626,1638224,4.68626,1638224
Marble - Temple Quest,1573755134,Marble Master,apple,"Games, Entertainment, Casual, Puzzle",Games,12+,363394048,13.0,2022-09-27T07:00:00Z,2025-09-20T00:03:41Z,12.802.215,0.0,True,4.70432,113938,4.70432,113938
Shooting King,1216518974,Shooting King !,apple,"Games, Sports, Entertainment, Casual",Games,12+,225655808,13.0,2017-04-25T01:30:20Z,2025-08-19T01:42:44Z,1.6.10,0.0,True,4.50911,878,4.50911,878
Zombie Catchers,845918296,Zombie Catchers : Hunt & sell,apple,"Games, Adventure, Action",Games,12+,163122176,13.0,2014-10-29T07:00:00Z,2025-09-25T07:24:08Z,1.57.2,0.0,True,4.64641,21067,4.64641,21067
Minion Rush: Despicable Me Official Game,596402997,Minion Rush: Running game,apple,"Games, Entertainment, Casual, Family",Games,9+,1245412352,13.0,2013-06-13T07:00:00Z,2025-09-25T14:51:07Z,12.3.0,0.0,True,4.58183,270611,4.58183,270611
Farm Heroes Saga,608206510,Farm Heroes Saga,apple,"Games, Entertainment, Puzzle, Casual",Games,4+,355606528,12.0.0,2014-01-02T14:32:08Z,2025-09-15T03:06:05Z,6.73.14,0.0,True,4.57667,93833,4.57667,93833
Geometry Dash World,1112307917,Geometry Dash World,apple,"Games, Music, Casual, Entertainment",Games,4+,248145920,13.0,2016-12-21T21:53:35Z,2025-02-04T14:34:19Z,2.21.6,0.0,True,4.47869,63549,4.47869,63549
My Talking Angela,909351158,My Talking Angela,apple,"Games, Simulation, Entertainment, Family",Games,4+,505407488,13.0,2014-12-03T18:05:28Z,2025-09-25T11:00:17Z,25.4.2,0.0,True,4.36252,354440,4.36252,354440
Cut the Rope FULL FREE,735945527,Cut the Rope: Time Travel,apple,"Games, Entertainment, Puzzle, Action",Games,4+,171658240,9.0,2013-12-11T10:51:29Z,2021-12-16T18:33:59Z,1.18.0,0.0,True,4.78075,31484,4.78075,31484
Sniper 3D Gun Shooter: Free Shooting Games - FPS,930574573,Sniper 3D: Gun Shooting Games,apple,"Games, Action, Casual, Entertainment",Games,17+,448070656,13.0,2014-11-10T08:00:00Z,2025-09-24T19:46:43Z,6.2.0,0.0,True,4.74836,3157701,4.74836,3157701
Cooking Fever,714796093,Cooking Fever: Restaurant Game,apple,"Games, Entertainment, Casual, Strategy",Games,4+,275251200,13.0,2014-08-19T16:50:31Z,2025-09-08T03:08:37Z,25.0.0,0.0,True,4.49021,306085,4.49021,306085
Toon Blast,1176027022,Toon Blast,apple,"Games, Casual, Puzzle",Games,4+,425351168,13.0,2017-08-15T08:15:03Z,2025-09-25T10:56:26Z,19465,0.0,True,4.7184,2660798,4.7184,2660798
Score! Hero,847492141,Score! Hero,apple,"Games, Action, Sports, Sports",Games,12+,220348416,15.0,2015-08-05T20:30:14Z,2025-09-25T13:37:45Z,4.20,0.0,True,4.65994,344198,4.65994,344198
Toy Blast,890378044,Toy Blast,apple,"Games, Casual, Puzzle",Games,4+,452994048,13.0,2015-01-06T16:16:02Z,2025-09-24T13:26:37Z,21630,0.0,True,4.70901,1159128,4.70901,1159128
Miraculous Ladybug & Cat Noir - The Official Game,1300500620,Miraculous Ladybug & Cat Noir,apple,"Games, Racing, Family, Entertainment",Games,12+,417608704,13,2018-04-24T19:27:45Z,2025-08-27T09:35:25Z,5.9.56,0.0,True,4.68076,190433,4.68076,190433
Wordscapes,1207472156,Wordscapes,apple,"Games, Education, Word, Puzzle",Games,12+,411687936,13.0,2017-06-14T14:39:50Z,2025-09-17T21:10:03Z,3.3.0,0.0,True,4.82527,1008901,4.82527,1008901
Garena Free Fire,1300146617,Free Fire x NARUTO SHIPPUDEN,apple,"Games, Adventure, Action",Games,12+,1447844864,11.0,2017-12-08T03:42:29Z,2025-07-30T03:30:05Z,1.114.1,0.0,True,3.96383,318278,3.96383,318278
Bowmasters,1118431695,Bowmasters - Multiplayer Games,apple,"Games, Action, Casual, Entertainment",Games,12+,552543232,13.0,2016-08-17T20:18:21Z,2025-09-24T14:33:01Z,9.3.1,0.0,True,4.54219,1927959,4.54219,1927959
My Talking Tom,657500465,My Talking Tom,apple,"Games, Simulation, Role Playing, Entertainment",Games,4+,562141184,13.0,2013-11-13T07:52:07Z,2025-09-18T08:00:07Z,25.4.2,0.0,True,4.34029,345547,4.34029,345547
Jungle Marble Blast,1257633769,Jungle Blast - Bubble Shooter,apple,"Games, Board, Puzzle",Games,4+,163113984,12.0,2018-09-07T10:04:20Z,2025-09-16T00:05:06Z,3.7.5,0.0,True,4.40907,19322,4.40907,19322
Rider,1229618961,Rider – Stunt Bike Racing,apple,"Games, Entertainment, Casual, Action",Games,4+,249320448,13.0,2017-06-21T22:12:27Z,2025-08-14T12:43:19Z,3.02.0.02,0.0,True,4.59529,103768,4.59529,103768
Roll the Ball® - slide puzzle,961875786,Roll the Ball® - slide puzzle,apple,"Games, Entertainment, Puzzle, Board",Games,4+,278583296,13.0,2015-05-02T10:38:23Z,2025-08-27T15:09:19Z,25.0827.00,0.0,True,4.61463,16636,4.61463,16636
Talking Tom Gold Run,1089336971,Talking Tom Gold Run,apple,"Games, Action, Casual",Games,4+,508674048,13.0,2016-07-13T13:43:29Z,2025-09-24T08:06:20Z,25.4.4,0.0,True,4.52104,550168,4.52104,550168
Pixel Art: Color by Number Game,1274972321,Pixel Art － Color by Number,apple,"Games, Entertainment, Board, Puzzle",Games,12+,215057408,15.0,2017-10-16T16:13:15Z,2025-09-07T19:21:07Z,10.2.0,0.0,True,4.72057,722682,4.72057,722682
Dream League Soccer 2018,1462911602,Dream League Soccer 2025,apple,"Games, Sports, Sports, Simulation",Games,12+,240574464,15.0,2020-01-15T08:00:00Z,2025-08-01T13:58:53Z,12.250,0.0,True,4.5885,603357,4.5885,603357
Fruits Bomb,6478656537,Fruits Bomb Crasher,apple,"Games, Casual, Puzzle",Games,4+,108536832,12.0,2024-02-29T08:00:00Z,2024-05-23T16:22:37Z,1.3,0.0,True,0.0,0,0.0,0
Traffic Racer,547101139,Traffic Racer,apple,"Games, Casual, Racing, Entertainment",Games,4+,166934528,12.0,2012-09-26T07:00:00Z,2023-06-19T19:28:29Z,3.6,0.0,True,4.27188,6547,4.27188,6547
Hill Climb Racing 2,1146465836,Hill Climb Racing 2,apple,"Games, Racing, Action",Games,12+,332265472,13.0,2016-12-07T22:37:39Z,2025-09-12T15:20:51Z,1.68.1,0.0,True,4.6698,174642,4.6698,174642
Knife Hit,1336527043,Knife Hit,apple,"Games, Casual, Entertainment, Action",Games,12+,180154368,12.4,2018-01-20T16:41:35Z,2024-12-10T19:17:15Z,1.9.22,0.0,True,4.62374,79188,4.62374,79188
Block Craft 3D: Building Simulator Games For Free,981633844,Block Craft 3D: Building Games,apple,"Games, Simulation, Role Playing, Entertainment",Games,4+,148677632,14.0,2015-07-11T07:00:00Z,2025-09-18T12:30:15Z,3.13.0,0.0,True,4.68336,703684,4.68336,703684
Farm Fruit Pop: Party Time,510493473,Fruit Pop!,apple,"Games, Casual, Puzzle",Games,4+,118366208,10.0,2012-06-28T14:55:43Z,2020-10-20T18:38:47Z,1.2.392,0.0,True,4.65371,1981,4.65371,1981
Love Balls,1348173937,Love Balls,apple,"Games, Puzzle, Entertainment, Board",Games,12+,453524480,12.5,2018-02-14T01:47:26Z,2023-12-11T19:30:40Z,1.7.3,0.0,True,4.62097,556704,4.62097,556704
Hungry Shark Evolution,535500008,Hungry Shark Evolution,apple,"Games, Casual, Action, Entertainment",Games,12+,464005120,12.0,2012-10-24T07:00:00Z,2025-09-16T11:48:50Z,13.1.0,0.0,True,4.72764,192849,4.72764,192849
Piano Tiles 2™,1027688889,Piano Tiles 2™: Fun Piano Game,apple,"Games, Casual, Music, Music",Games,4+,244453376,12.0,2015-08-19T20:26:40Z,2025-09-15T00:36:22Z,4.4.5,0.0,True,4.14257,49963,4.14257,49963
Pokémon GO,1094591345,Pokémon GO,apple,"Games, Strategy, Role Playing, Health & Fitness",Games,9+,388201472,15.0,2016-07-07T00:39:49Z,2025-09-20T14:55:29Z,0.379.0,0.0,True,3.99702,623558,3.99702,623558
Paint Hit,1393042194,Paint Hit: Color Blast,apple,"Games, Action, Casual",Games,4+,96636928,8.0,2018-07-07T10:16:53Z,2018-08-24T08:31:22Z,6.000,0.0,True,4.50566,1414,4.50566,1414
Snake VS Block,1233739175,Snake VS Block,apple,"Games, Entertainment, Action, Casual",Games,12+,189361152,14.0,2017-05-16T07:34:37Z,2025-08-13T06:46:24Z,4.2,0.0,True,4.50868,595743,4.50868,595743
Rolly Vortex,1231932402,Rolly Vortex,apple,"Games, Adventure, Casual",Games,12+,181959680,14.0,2017-08-29T03:21:13Z,2025-02-05T12:07:46Z,2.4.0,0.0,True,4.59558,305187,4.59558,305187
Woody Puzzle,1212951043,Woody Block Puzzle Brain Game,apple,"Games, Board, Entertainment, Puzzle",Games,12+,181463040,13.0,2017-03-30T03:11:47Z,2025-09-22T00:27:45Z,3.9.6,0.0,True,4.74214,130916,4.74214,130916
Stack Jump,1263426717,Stack Jump,apple,"Games, Action, Casual",Games,12+,162305024,13.0,2017-07-27T17:19:54Z,2024-01-08T08:28:37Z,1.4.17,0.0,True,4.56438,298546,4.56438,298546
Color by Number – New Coloring Book,1512344831,Coloring Book -Color by Number,apple,"Games, Entertainment, Puzzle, Board",Games,4+,123215872,12.0,2020-06-15T07:00:00Z,2025-07-25T21:24:52Z,3.0.4,0.0,True,4.75393,203015,4.75393,203015
The Cube,1555267021,Cube Escape Collection,apple,"Games, Adventure, Puzzle",Games,12+,94174208,9.0,2021-03-11T08:00:00Z,2021-07-30T15:22:03Z,1.3,0.0,True,4.91438,5793,4.91438,5793
Extreme Car Driving Simulator,959498315,Extreme Car Driving Simulator,apple,"Games, Sports, Racing, Simulation",Games,4+,454415360,13.0,2015-01-29T17:58:17Z,2025-09-17T15:38:05Z,7.5.5,0.0,True,4.43207,67985,4.43207,67985
Bricks n Balls,1331794412,Bricks n Balls,apple,"Games, Puzzle, Board, Entertainment",Games,17+,259232768,13.0,2018-01-06T01:49:56Z,2025-08-27T16:54:12Z,3.33.0,0.0,True,4.24413,77357,4.24413,77357
The Fish Master!,6471659176,Fishing Master,apple,"Games, Sports, Casual",Games,12+,2339056640,12.0,2024-08-10T07:00:00Z,2025-09-04T08:12:56Z,2.6,0.0,True,4.82893,18875,4.82893,18875
Color Road,1342468799,Color Road!,apple,"Games, Casual, Racing",Games,4+,232847360,14.0,2018-02-01T06:12:27Z,2025-07-10T08:02:00Z,4.4.9,0.0,True,4.58621,423439,4.58621,423439
Draw In,1384622732,Draw In™,apple,"Games, Casual, Puzzle, Entertainment",Games,12+,1015683072,10.0,2018-06-06T03:40:46Z,2020-08-27T20:16:12Z,1.3.3,0.0,True,4.58481,197043,4.58481,197043
PLANK!,1370483471,PLANK!,apple,"Games, Casual, Action",Games,12+,162402304,11.0,2018-07-29T17:40:17Z,2023-12-20T11:43:20Z,1.4.8,0.0,True,4.54662,160406,4.54662,160406
Looper!,1370475630,Looper!,apple,"Games, Puzzle, Music",Games,12+,220280832,13.0,2018-06-07T20:31:42Z,2025-06-30T10:33:43Z,1.9.5,0.0,True,4.65102,300316,4.65102,300316
Trivia Crack,651510680,Trivia Crack: Brain Quiz Games,apple,"Games, Family, Entertainment, Trivia",Games,4+,470380544,15.0,2013-10-26T22:12:29Z,2025-09-23T11:37:25Z,3.335.0,0.0,True,4.60079,740627,4.60079,740627
Will it Crush?,1347072403,Will it Crush? Idle Game Gear,apple,"Games, Simulation, Entertainment, Strategy",Games,12+,136049664,14.0,2018-02-10T22:56:07Z,2025-07-10T08:15:28Z,1.8.5,0.0,True,4.45214,61796,4.45214,61796
Tomb of the Mask,1057889290,Tomb of the Mask: Pixel Maze,apple,"Games, Action, Casual",Games,4+,289290240,13.0,2016-02-09T21:11:59Z,2025-09-25T15:27:33Z,1.21.3,0.0,True,4.69966,1420860,4.69966,1420860
Baseball Boy!,1333523965,Baseball Boy!,apple,"Games, Casual, Sports",Games,4+,462215168,14.0,2018-01-23T20:13:56Z,2025-09-23T08:32:28Z,2.0.3,0.0,True,4.49826,518023,4.49826,518023
PUBG MOBILE,1330123889,PUBG MOBILE,apple,"Games, Action, Strategy",Games,12+,3863999488,12.0,2018-03-19T17:13:23Z,2025-09-04T10:00:22Z,4.0.0,0.0,True,4.31985,1536094,4.31985,1536094
Episode - Choose Your Story,656971078,Episode - Choose Your Story,apple,"Games, Role Playing, Simulation, Entertainment",Games,12+,490526720,15.0,2013-12-18T22:00:20Z,2025-08-18T20:02:13Z,26.40,0.0,True,4.65485,2791691,4.65485,2791691
Hello Stars,1425793208,Happy Glass,apple,"Games, Puzzle, Board",Games,12+,497261568,13.0,2018-08-14T17:20:49Z,2024-04-10T16:33:33Z,1.2.7,0.0,True,4.25746,98658,4.25746,98658
Run Sausage Run!,1236677535,Run Sausage Run!,apple,"Games, Racing, Action, Entertainment",Games,12+,165232640,13,2017-12-13T08:52:37Z,2025-08-20T09:50:31Z,2.4.2,0.0,True,4.44703,62788,4.44703,62788
Tank Stars,1347123739,Tank Stars,apple,"Games, Casual, Action",Games,12+,307690496,13.0,2018-06-08T01:31:42Z,2025-09-24T06:05:11Z,2.12.200,0.0,True,4.43028,155292,4.43028,155292
Castle Clash: Heroes of the Empire US,692669501,Castle Clash: World Ruler,apple,"Games, Action, Entertainment, Strategy",Games,9+,943350784,12.0,2013-10-22T18:03:16Z,2025-09-09T05:32:12Z,4.1.8,0.0,True,4.21419,31327,4.21419,31327
Hole.io,1389111413,Hole.io,apple,"Games, Sports, Casual",Games,9+,846534656,14.0,2018-06-24T04:28:15Z,2025-09-22T09:36:48Z,2.32.8,0.0,True,4.59576,1965803,4.59576,1965803
Mini Golf King - Multiplayer Game,1262262200,Mini Golf King - Multiplayer,apple,"Games, Sports, Action",Games,17+,335716352,13.0,2017-12-06T15:08:46Z,2023-10-27T02:29:14Z,3.65,0.0,True,4.35189,108136,4.35189,108136
Flip the Gun - Simulator Game,1574455218,Gun Sprint,apple,"Games, Casual",Games,17+,140449792,15.0,2021-07-04T07:00:00Z,2025-09-18T03:16:14Z,0.7.5,0.0,True,4.59317,40314,4.59317,40314
Mad Skills BMX 2,1037758394,Mad Skills BMX 2: Bike Game,apple,"Games, Action, Racing, Sports",Games,9+,365690880,13.0,2018-01-31T09:44:00Z,2025-08-19T13:57:39Z,2.8.2,0.0,True,4.70185,28727,4.70185,28727
"MMX Hill Dash 2 – Offroad Truck, Car & Bike Racing",1271725269,MMX Hill Dash 2 - Race Offroad,apple,"Games, Casual, Racing",Games,9+,318816256,13.0,2018-04-23T14:53:02Z,2025-09-22T14:02:42Z,19.00.14211,0.0,True,4.49921,29609,4.49921,29609
Word Link,6748893286,Word Link Puzzle - Word Games,apple,"Games, Word",Games,4+,295419904,13.0,2025-07-22T07:00:00Z,2025-09-24T16:22:05Z,1.9.0,0.0,True,4.92028,1380,4.92028,1380
Last Day on Earth: Survival,1241932094,Last Day on Earth: Survival,apple,"Games, Action, Strategy",Games,17+,1244572672,13.0,2017-06-12T13:47:05Z,2025-09-10T09:00:01Z,1.39.6,0.0,True,4.56205,99239,4.56205,99239
MARVEL Strike Force,1292952049,MARVEL Strike Force: Squad RPG,apple,"Games, Action, Entertainment, Role Playing",Games,12+,363884544,13.0,2018-03-28T16:11:18Z,2025-09-03T16:59:02Z,9.3.2,0.0,True,4.60823,298240,4.60823,298240
Partymasters - Fun Idle Game,1323088931,Partymasters - Fun Idle Game,apple,"Games, Casual, Action",Games,12+,196178944,12.0,2018-03-04T13:28:34Z,2024-09-16T13:20:18Z,1.5.1,0.0,True,4.5678,304681,4.5678,304681
Harry Potter: Hogwarts Mystery,1333256716,Harry Potter: Hogwarts Mystery,apple,"Games, Adventure, Entertainment, Simulation",Games,12+,253884416,14.0,2018-04-25T06:17:14Z,2025-09-18T00:01:38Z,6.7.2,0.0,True,4.71181,1263222,4.71181,1263222
Offroad Outlaws,1286538410,Offroad Outlaws,apple,"Games, Sports, Racing, Simulation",Games,4+,877061120,13.0,2017-12-21T23:17:00Z,2025-08-22T14:09:30Z,7.0.25,0.0,True,4.53188,86941,4.53188,86941
Grim Soul: Dark Fantasy Survival,1366215798,Grim Soul: Survival Magic RPG,apple,"Games, Role Playing, Action",Games,12+,754839552,15.2,2018-06-16T00:57:12Z,2025-09-19T10:31:10Z,7.6.2,0.0,True,4.58432,37859,4.58432,37859
DRAGON BALL LEGENDS,1358222641,DRAGON BALL LEGENDS,apple,"Games, Role Playing, Entertainment, Action",Games,12+,495709184,13.0,2018-05-31T09:06:23Z,2025-09-22T06:20:18Z,6.9.0,0.0,True,4.76752,770654,4.76752,770654
Disney Heroes: Battle Mode,1327925104,Disney Heroes: Battle Mode,apple,"Games, Strategy, Role Playing",Games,9+,664956928,10.0,2018-05-16T18:57:33Z,2025-09-09T15:05:56Z,7.4,0.0,True,4.57756,43934,4.57756,43934
Homescapes,1195621598,Homescapes,apple,"Games, Entertainment, Puzzle, Casual",Games,4+,277229568,12.0,2017-09-19T10:45:36Z,2025-09-23T14:10:50Z,8.2.8,0.0,True,4.64102,2041962,4.64102,2041962
New YAHTZEE® With Buddies Dice Game,1206967173,Yahtzee® with Buddies Dice,apple,"Games, Family, Board",Games,9+,300959744,13.0,2017-11-01T23:44:55Z,2025-09-26T09:20:34Z,8.45.2,0.0,True,4.51198,245653,4.51198,245653
Word Crossy - A crossword game,1273162445,Word Crossy - A Crossword game,apple,"Games, Word, Card, Education",Games,4+,1776343040,12.1,2017-08-23T02:47:47Z,2025-07-01T12:24:11Z,3.2.8,0.0,True,4.28444,126406,4.28444,126406
MLB TAP SPORTS BASEBALL 2018,493619333,MLB,apple,"Sports, Entertainment",Sports,4+,334897152,17.0,2012-02-29T12:29:04Z,2025-09-18T13:09:27Z,25.17.2,0.0,True,4.72673,716307,4.72673,716307
Hero Hunters,1110217724,Hero Hunters - 3D Shooter wars,apple,"Games, Action, Role Playing, Entertainment",Games,17+,206257152,12.0,2018-01-30T22:59:56Z,2025-09-23T17:36:45Z,9.7,0.0,True,4.80909,53270,4.80909,53270
Cooking Madness - A Chef's Restaurant Games,1323901884,Cooking Madness-Kitchen Frenzy,apple,"Games, Casual, Strategy",Games,12+,695189504,13.0,2017-12-13T01:49:35Z,2025-09-18T06:25:48Z,2.9.7,0.0,True,4.85616,743798,4.85616,743798
Ice Crush 2018 - A new Puzzle Matching Adventure,850417475,Candy Crush Soda Saga,apple,"Games, Casual, Puzzle",Games,4+,534889472,12.2,2014-11-11T09:57:44Z,2025-09-17T11:06:48Z,1.302.3,0.0,True,4.71628,730392,4.71628,730392
TerraGenesis - Space Colony,1039841501,TerraGenesis - Space Settlers,apple,"Games, Simulation, Entertainment, Strategy",Games,4+,366164992,15.6,2016-07-06T21:15:44Z,2025-05-29T13:43:58Z,6.36,0.0,True,4.62291,32102,4.62291,32102
Merge Dragons!,1208952944,Merge Dragons!,apple,"Games, Puzzle, Family",Games,9+,406980608,12.0,2017-06-28T07:59:09Z,2025-09-18T12:18:06Z,12.11.0,0.0,True,4.71457,412778,4.71457,412778
SHADOWGUN LEGENDS,1091251242,Shadowgun Legends: Online FPS,apple,"Games, Action, Entertainment, Adventure",Games,12+,1468114944,15.0,2018-03-21T19:26:54Z,2025-09-25T06:57:53Z,1.6.0,0.0,True,4.75542,103760,4.75542,103760
RULES OF SURVIVAL,1330123889,PUBG MOBILE,apple,"Games, Action, Strategy",Games,12+,3863999488,12.0,2018-03-19T17:13:23Z,2025-09-04T10:00:22Z,4.0.0,0.0,True,4.31985,1536094,4.31985,1536094
Mafia City,1235569398,Mafia City: War of Underworld,apple,"Games, Strategy",Games,17+,304043008,12.0,2017-05-16T14:21:54Z,2025-09-22T03:59:14Z,1.7.958,0.0,True,4.7717,126184,4.7717,126184
"Cash, Inc. Money Clicker Game & Business Adventure",1270598321,"Cash, Inc. Fame & Fortune Game",apple,"Games, Strategy, Entertainment, Simulation",Games,12+,292075520,15.2,2017-10-06T08:16:04Z,2025-02-24T09:05:26Z,2.1.14,0.0,True,4.88489,555535,4.88489,555535
Dino War: Rise of Beasts,1231085864,Jurassic World Alive,apple,"Games, Strategy, Adventure",Games,12+,2070539264,13.0,2018-05-29T15:38:16Z,2025-09-03T15:28:29Z,3.15.45,0.0,True,4.49512,124038,4.49512,124038
Tokyo Ghoul: Dark War,6472021156,Tokyo Ghoul · Break the Chains,apple,"Games, Role Playing, Card",Games,12+,724337664,11.0,2024-10-31T07:00:00Z,2025-09-11T09:21:24Z,3.6906,0.0,True,4.72248,30669,4.72248,30669
Last Shelter: Survival,1342290011,Last Shelter: Survival,apple,"Games, Strategy, Entertainment, Role Playing",Games,12+,805279744,12.0,2018-02-19T11:23:28Z,2025-09-26T01:33:03Z,25.903.1,0.0,True,3.87244,18039,3.87244,18039
Guns of Glory,1274354704,Guns of Glory: Lost Island,apple,"Games, Role Playing, Strategy",Games,12+,1088190464,13.0,2017-09-21T02:48:41Z,2025-09-22T07:27:54Z,13.1.0,0.0,True,3.83296,18912,3.83296,18912
Lineage 2: Revolution,1259014919,Lineage 2: Revolution,apple,"Games, Role Playing",Games,12+,193534976,12.0,2017-11-15T00:23:53Z,2025-09-24T04:01:18Z,1.56.20,0.0,True,4.52219,29196,4.52219,29196
Final Fantasy XV: A New Empire,1536905430,FINAL FANTASY VII EVER CRISIS,apple,"Games, Role Playing, Adventure",Games,12+,1494379520,13.0,2023-09-06T07:00:00Z,2025-09-06T20:03:42Z,3.0.0,0.0,True,4.70492,17992,4.70492,17992
Girls' Frontline,1313126006,Girls' Frontline,apple,"Games, Strategy, Role Playing",Games,12+,3556080640,12.0,2018-05-07T07:00:00Z,2025-03-18T08:03:49Z,3.0600,0.0,True,4.50535,2238,4.50535,2238
Chapters: Interactive Stories,1277029359,Chapters: Interactive Stories,apple,"Games, Role Playing, Simulation, Books",Games,17+,251744256,13.0,2017-10-13T19:15:36Z,2025-08-26T03:15:18Z,2.0.9,0.0,True,4.4029,113633,4.4029,113633
Honkai Impact 3rd,1336342304,Honkai Impact 3rd,apple,"Games, Action, Role Playing",Games,12+,3896294400,12.0,2018-03-28T03:13:07Z,2025-08-21T04:05:43Z,8.4.0,0.0,True,4.65954,46507,4.65954,46507
Master of Eternity(MOE),1599435437,Tower of God: NEW WORLD,apple,"Games, Strategy, Role Playing",Games,12+,259090432,12.2,2023-07-25T07:00:00Z,2025-09-23T23:53:07Z,3.02.01,0.0,True,4.80661,7353,4.80661,7353
The Game of Life,1512751689,The Game of Life 2,apple,"Games, Board, Family, Entertainment",Games,4+,986402816,13.0,2020-07-15T07:00:00Z,2025-04-03T08:56:07Z,1.0.0,4.99,False,4.76999,30704,4.76999,30704
Clue,657189652,Clue Period & Cycle Tracker,apple,"Health & Fitness, Medical",Health & Fitness,12+,452296704,17.0,2013-07-09T22:34:14Z,2025-09-17T10:06:48Z,239.0,0.0,True,4.76363,380946,4.76363,380946
The Room: Old Sins,1286676015,The Room: Old Sins,apple,"Games, Puzzle, Adventure",Games,9+,1116508160,10.0,2018-01-25T08:00:00Z,2018-02-05T09:29:01Z,1.0.4,4.99,False,4.94044,34921,4.94044,34921
The Escapists,1005658093,The Escapists: Prison Escape,apple,"Games, Entertainment, Strategy",Games,9+,491784192,9.0,2017-03-02T11:29:04Z,2020-03-13T11:20:37Z,1.12,4.99,False,4.41308,3302,4.41308,3302
Farming Simulator 18,1091224574,Farming Simulator 18,apple,"Games, Family, Simulation",Games,4+,356460544,12.0,2017-06-06T02:12:46Z,2024-02-06T11:16:49Z,1.5.0,0.0,True,4.26963,2318,4.26963,2318
RollerCoaster Tycoon® Classic,1113736426,RollerCoaster Tycoon® Classic,apple,"Games, Strategy, Entertainment, Simulation",Games,4+,391810048,13,2016-12-20T18:47:05Z,2025-06-30T15:39:16Z,1.2.435,5.99,False,4.25182,3157,4.25182,3157
Call of Duty:Black Ops Zombies,1287282214,Call of Duty®: Mobile,apple,"Games, Action",Games,17+,3613035520,13.0,2019-09-30T07:00:00Z,2025-07-28T03:12:00Z,1.0.52,0.0,True,4.6731,1938450,4.6731,1938450
Star Wars ™: DIRTY,960108075,Star Wars,apple,"Entertainment, News",Entertainment,9+,221120512,11.0,2015-07-08T07:47:42Z,2021-12-22T15:57:44Z,3.10,0.0,True,4.42207,1957,4.42207,1957
Monument Valley 2,1187265767,Monument Valley 2,apple,"Games, Adventure, Puzzle, Entertainment",Games,4+,341288960,15.0,2017-05-30T20:08:29Z,2025-09-04T07:22:24Z,3.10.604,3.99,False,4.57484,9159,4.57484,9159
Angry Birds 2,880047117,Angry Birds 2,apple,"Games, Action, Puzzle",Games,4+,740158464,13.0,2015-07-30T06:29:53Z,2025-09-23T06:24:09Z,5.0.1,0.0,True,4.62809,1454378,4.62809,1454378
Fallout Shelter,991153141,Fallout Shelter,apple,"Games, Simulation, Role Playing",Games,12+,471421952,13.0,2015-06-15T03:42:53Z,2025-09-24T17:54:52Z,1.22.6,0.0,True,4.77024,533373,4.77024,533373
The Sims™ FreePlay,466965151,The Sims™ FreePlay,apple,"Games, Simulation, Adventure",Games,12+,2496528384,15.0,2011-12-15T05:19:36Z,2025-09-11T05:15:12Z,5.95.1,0.0,True,4.58172,419140,4.58172,419140
Best Fiends - Free Puzzle Game,868013618,Best Fiends - Match 3 Puzzles,apple,"Games, Puzzle, Adventure, Entertainment",Games,4+,947574784,14.0,2014-10-09T03:37:19Z,2025-09-22T12:44:08Z,17.0.0,0.0,True,4.81705,307261,4.81705,307261
MARVEL Contest of Champions,896112560,Marvel Contest of Champions,apple,"Games, Entertainment, Action, Adventure",Games,12+,2307385344,15.0,2014-12-10T16:39:54Z,2025-09-02T16:00:06Z,52.1.0,0.0,True,4.71049,673585,4.71049,673585
Jurassic World™ Alive,791211390,Jurassic World™: The Game,apple,"Games, Entertainment, Simulation, Adventure",Games,12+,2070264832,13.0,2015-04-29T14:44:25Z,2025-09-09T14:20:55Z,1.85.3,0.0,True,4.77826,347275,4.77826,347275
Choices: Stories You Play,1071310449,Choices: Stories You Play,apple,"Games, Entertainment, Simulation, Role Playing",Games,17+,176113664,15.2,2016-08-20T15:16:48Z,2025-08-20T17:35:28Z,4.4.0,0.0,True,4.54446,198366,4.54446,198366
Solitaire TriPeaks,1434648535,Solitaire TriPeaks Journey,apple,"Games, Entertainment, Puzzle, Card",Games,4+,396315648,12.0,2018-10-09T12:36:27Z,2025-09-20T04:19:23Z,1.221967.0,0.0,True,4.71183,166647,4.71183,166647
The Walking Dead: Road to Survival,970417047,The Walking Dead No Man's Land,apple,"Games, Role Playing, Strategy",Games,17+,1101558784,12.0,2015-10-07T19:03:39Z,2025-09-19T11:44:48Z,6.32.0,0.0,True,4.71167,32106,4.71167,32106
Hustle Castle: Fantasy Kingdom,1154402178,Hustle Castle・Medieval Kingdom,apple,"Games, Role Playing, Entertainment, Simulation",Games,9+,465202176,13.0,2017-10-30T15:34:40Z,2025-09-19T07:45:35Z,1.128.1,0.0,True,4.585,44360,4.585,44360
Might & Magic: Elemental Guardians,1475756618,Might & Magic: Era of Chaos,apple,"Games, Role Playing, Strategy",Games,17+,2461147136,12.0,2019-11-26T08:00:00Z,2025-07-09T08:02:01Z,1.0.239,0.0,True,4.65843,5706,4.65843,5706
Game of Thrones: Conquest™,1035712810,Game of Thrones: Conquest ™,apple,"Games, Strategy, Role Playing",Games,12+,285510656,13.0,2017-10-17T20:22:47Z,2025-09-15T16:57:43Z,25.9.816784,0.0,True,4.35579,87637,4.35579,87637
Love Nikki-Dress UP Queen,1214763767,Love Nikki-Dress UP Queen,apple,"Games, Role Playing, Family, Social Networking",Games,4+,317982720,12.0,2017-05-05T13:32:57Z,2025-06-26T07:37:41Z,9.7.0,0.0,True,4.52377,71042,4.52377,71042
Summoners War,852912420,Summoners War X TEKKEN 8,apple,"Games, Role Playing, Entertainment, Strategy",Games,12+,2218200064,13.0,2014-06-12T03:26:47Z,2025-09-12T07:00:32Z,8.8.4,0.0,True,4.23468,42062,4.23468,42062
FINAL FANTASY BRAVE EXVIUS,1536905430,FINAL FANTASY VII EVER CRISIS,apple,"Games, Role Playing, Adventure",Games,12+,1494379520,13.0,2023-09-06T07:00:00Z,2025-09-06T20:03:42Z,3.0.0,0.0,True,4.70492,17992,4.70492,17992
Idle Heroes,1153461915,Idle Heroes - Idle Games,apple,"Games, Strategy, Role Playing",Games,9+,755585024,12.0,2016-11-09T12:09:51Z,2024-04-11T07:00:23Z,1.39.2,0.0,True,4.76331,106355,4.76331,106355
Fate/Grand Order (English),1183802626,Fate/Grand Order (English),apple,"Games, Card, Role Playing",Games,12+,138793984,13.0,2017-06-25T03:07:02Z,2025-09-24T02:54:40Z,2.82.1,0.0,True,4.4467,14784,4.4467,14784
Lords Mobile: Battle of the Empires - Strategy RPG,1117841866,Empires & Puzzles: Match-3 RPG,apple,"Games, Puzzle, Casual",Games,12+,299003904,13.0,2017-03-01T13:42:52Z,2025-09-15T09:43:04Z,79.0.2,0.0,True,4.67757,95712,4.67757,95712
War and Order,1071744151,War and Order,apple,"Games, Strategy, Simulation",Games,17+,754109440,12.0,2016-04-06T06:31:32Z,2025-09-24T06:35:20Z,3.0.162,0.0,True,4.50279,48381,4.50279,48381
Dungeon Hunter Champions: Epic Online Action RPG,539793374,Knights & Dragons - RPG,apple,"Games, Family, Strategy",Games,9+,107941888,10.0,2012-12-13T03:36:53Z,2025-09-25T09:29:18Z,1.73.1,0.0,True,4.69533,7733,4.69533,7733
Yes day,1581043639,Say Yes Challenge,apple,"Lifestyle, Productivity",Lifestyle,4+,67326976,11.0,2021-08-29T07:00:00Z,2021-09-04T01:28:30Z,0.0.6,0.0,True,5.0,1,5.0,1
Jewels Star: OZ adventure,1073286211,The Wizard of Oz Magic Match 3,apple,"Games, Entertainment, Casual, Puzzle",Games,4+,325527552,12.0,2016-05-18T18:41:08Z,2025-09-08T06:40:14Z,1.0.6761,0.0,True,4.67698,136390,4.67698,136390
Sweet Fruit Candy,1204824670,Sweet Jelly Story,apple,"Games, Puzzle, Entertainment, Casual",Games,4+,76054528,12.0,2017-02-14T17:21:46Z,2024-03-22T22:44:23Z,1.5.2,0.0,True,4.52206,5961,4.52206,5961
Shoot Bubble - Fruit Splash,604044220,Bubble Shooter: Pop & Blast,apple,"Games, Entertainment, Casual, Puzzle",Games,4+,234688512,15.5,2013-02-22T02:17:29Z,2025-08-25T23:08:32Z,119.0,0.0,True,4.52648,337752,4.52648,337752
Doodle Jump,456355158,Doodle Jump - Insanely Good!,apple,"Games, Action, Adventure",Games,4+,116049920,15.6,2011-08-25T01:38:49Z,2025-06-03T00:34:11Z,2.88,0.0,True,4.18557,3050,4.18557,3050
Crossy Road,924373886,Crossy Road,apple,"Games, Casual, Family, Entertainment",Games,9+,327169024,13.0,2014-11-20T08:00:00Z,2025-09-23T23:08:07Z,7.6.1,0.0,True,4.66787,696910,4.66787,696910
Swamp Attack,718153412,Swamp Attack,apple,"Games, Casual, Action",Games,12+,234535936,13.0,2014-04-18T09:10:16Z,2025-08-19T21:50:57Z,4.5.0,0.0,True,4.71562,31226,4.71562,31226
Earn to Die 2,1564024870,Earn to Die Rogue,apple,"Games, Racing, Action",Games,12+,391486464,13.0,2024-05-09T07:00:00Z,2025-09-10T17:02:38Z,1.16.194,0.0,True,4.61237,8521,4.61237,8521
Hungry Shark World,1046846443,Hungry Shark World,apple,"Games, Action, Casual, Entertainment",Games,12+,387191808,12.0,2016-05-04T16:43:06Z,2025-09-23T12:38:58Z,7.1.6,0.0,True,4.74271,599273,4.74271,599273
Dude Perfect 2,6449199468,Dude Perfect,apple,"Entertainment, Sports",Entertainment,9+,116241408,16.0,2023-06-21T07:00:00Z,2025-09-15T09:48:58Z,3.34.0,0.0,True,4.61547,2676,4.61547,2676
Shadow Fight 2,696565994,Shadow Fight 2,apple,"Games, Role Playing, Action",Games,12+,335674368,12.4,2014-04-30T09:33:48Z,2025-04-18T07:54:20Z,2.41.6,0.0,True,4.79986,253151,4.79986,253151
Alto's Adventure,950812012,Alto's Adventure,apple,"Games, Action, Sports",Games,9+,234207232,13.0,2015-02-19T08:23:01Z,2025-09-07T23:51:07Z,1.8.0,4.99,False,4.60132,2127,4.60132,2127
DEER HUNTER 2018,893372761,Deer Hunter 2018,apple,"Games, Sports, Action, Simulation",Games,17+,518844416,10.0,2015-09-15T18:12:41Z,2021-01-26T04:00:44Z,5.2.42,0.0,True,4.68117,80432,4.68117,80432
DEAD TARGET: FPS Zombie Apocalypse Survival Games,901793885,DEAD TARGET: FPS Zombie Games,apple,"Games, Adventure, Entertainment, Action",Games,17+,667292672,13.0,2014-08-28T03:04:55Z,2025-09-20T04:24:35Z,6.159.0,0.0,True,4.66143,47722,4.66143,47722
Cover Fire: offline shooting games for free,1148931033,Cover Fire: Gun Shooting games,apple,"Games, Adventure, Action",Games,17+,971249664,13.0,2017-03-29T15:16:15Z,2025-09-10T22:31:29Z,1.33.06,0.0,True,4.64311,36130,4.64311,36130
Anger of stick 5 : zombie,1104988192,Anger of Stick 5 : zombie,apple,"Games, Action, Entertainment, Strategy",Games,12+,56040448,12.0,2016-06-09T19:43:03Z,2024-06-02T02:52:28Z,1.4.46,0.0,True,4.52188,3382,4.52188,3382
CATS: Crash Arena Turbo Stars,1208561922,CATS: Crash Arena Turbo Stars,apple,"Games, Casual, Action",Games,4+,274168832,13.0,2017-04-19T15:08:52Z,2025-09-03T06:26:32Z,3.22,0.0,True,4.7941,400133,4.7941,400133
Soul Knight,1184159988,Soul Knight,apple,"Games, Entertainment, Casual, Action",Games,9+,932528128,12.0,2017-02-17T06:39:37Z,2025-08-21T02:40:24Z,7.5.1,0.0,True,4.75868,124562,4.75868,124562
Major Mayhem,470272134,Major Mayhem,apple,"Games, Action, Simulation, Entertainment",Games,12+,289605632,13.0,2011-11-10T08:00:00Z,2024-09-14T20:53:42Z,2.5.12,0.0,True,4.73177,6282,4.73177,6282
DINO HUNTER: DEADLY SHORES,893372761,Deer Hunter 2018,apple,"Games, Sports, Action, Simulation",Games,17+,518844416,10.0,2015-09-15T18:12:41Z,2021-01-26T04:00:44Z,5.2.42,0.0,True,4.68117,80432,4.68117,80432
Strawberry Shortcake BerryRush,658439903,Strawberry Shortcake Bake Shop,apple,"Entertainment, Education",Entertainment,4+,212188160,13.0,2013-11-06T12:31:10Z,2025-06-27T16:36:31Z,2025.1.0,0.0,True,4.44085,132675,4.44085,132675
Extreme Match,1138264921,Match Masters,apple,"Games, Casual, Puzzle",Games,4+,527437824,13.0,2017-07-23T09:13:45Z,2025-09-18T18:41:14Z,v5.217,0.0,True,4.66206,183031,4.66206,183031
Power Rangers Dino Charge,1204075112,Power Rangers: Legacy Wars,apple,"Games, Adventure, Action",Games,12+,277678080,13.0,2017-03-23T03:59:15Z,2025-08-25T23:00:46Z,3.7.8,0.0,True,4.0073,15341,4.0073,15341
Zombie Hunter: Post Apocalypse Survival Games,6448786147,Last War:Survival,apple,"Games, Card, Strategy",Games,12+,999508992,10.0,2023-08-02T07:00:00Z,2025-09-24T09:58:39Z,1.0.312,0.0,True,4.72696,310693,4.72696,310693
Agar.io,995999703,Agar.io,apple,"Games, Strategy, Entertainment, Action",Games,9+,138476544,13.0,2015-07-08T15:59:29Z,2025-09-17T09:47:55Z,2.30.8,0.0,True,4.50814,218223,4.50814,218223
Battlelands Royale,1621071488,Blast Royale: Multiplayer PvP,apple,"Games, Strategy, Action, Entertainment",Games,9+,498966528,13.0,2022-11-08T08:00:00Z,2025-05-06T09:37:03Z,0.29.0,0.0,True,4.60862,1160,4.60862,1160
Once Upon a Tower,1209083773,Once Upon a Tower,apple,"Games, Action, Casual",Games,9+,237131776,12.0,2017-09-20T13:44:28Z,2025-01-21T15:46:56Z,47,0.0,True,4.70066,3187,4.70066,3187
TEKKEN™,949701151,Mortal Kombat,apple,"Games, Action, Card",Games,17+,1955205120,12.0,2015-04-07T22:18:33Z,2025-07-10T14:06:06Z,6.3.1,0.0,True,4.52708,148598,4.52708,148598
diep.io,1114751883,diep.io,apple,"Games, Entertainment, Action, Simulation",Games,9+,17678336,13.4,2016-07-20T20:05:56Z,2024-11-04T19:04:14Z,3.0.3,0.0,True,3.75754,19797,3.75754,19797
Arrow.io,1183708679,Arrow.io,apple,"Games, Entertainment, Action, Casual",Games,9+,709471232,9.0,2016-12-20T12:41:58Z,2025-01-21T11:30:07Z,2.80.8,0.0,True,3.51316,3344,3.51316,3344
BEYBLADE BURST app,1143164520,BEYBLADE BURST app,apple,"Games, Adventure, Action, Entertainment",Games,4+,678376448,11.0,2016-09-07T09:53:54Z,2024-08-20T19:17:55Z,11.1.6,0.0,True,4.29682,20568,4.29682,20568
Dragon Hills,963093508,Dragon Hills,apple,"Games, Action, Casual",Games,9+,191603712,12.0,2015-04-09T07:00:00Z,2023-09-12T09:09:13Z,1.2.5,2.99,False,4.68545,1491,4.68545,1491
Bus Rush: Subway Edition,901941015,Subway®,apple,Food & Drink,Food & Drink,4+,152341504,15.0,2014-07-30T07:00:00Z,2025-09-19T02:01:54Z,30.16.1,0.0,True,4.81289,1103667,4.81289,1103667
DC Super Hero Girls™,1451345706,DC Super Hero Girls Blitz,apple,"Entertainment, Action, Casual, Games",Entertainment,4+,237046784,12.0,2019-08-03T10:38:57Z,2024-12-19T14:24:02Z,2024.3.0,0.0,True,4.48518,23684,4.48518,23684
Tiny Archers,912320999,Tiny Archers,apple,"Games, Action, Entertainment, Casual",Games,12+,175657984,7.0,2016-07-14T14:15:48Z,2020-01-31T22:50:38Z,1.15.0,0.0,True,4.30389,283,4.30389,283
Metal Soldiers 2,6450246304,Shooting Game : Super Soldier,apple,Games,Games,12+,118677504,11.0,2023-06-15T07:00:00Z,2023-06-17T08:01:57Z,1.0.1,0.0,True,4.45455,22,4.45455,22
Runner 3d like,1462556579,Fun Race 3D: Running & Parkour,apple,"Games, Entertainment, Casual, Sports",Games,12+,286593024,13.0,2019-05-05T15:27:35Z,2025-09-10T07:07:43Z,2.0.28,0.0,True,4.55875,799401,4.55875,799401
War Robots,806077016,War Robots Multiplayer Battles,apple,"Games, Action, Casual",Games,12+,776539136,13.0,2014-04-15T07:00:00Z,2025-09-18T12:37:10Z,11.4.1,0.0,True,4.72307,587344,4.72307,587344
Dinosaur Simulator: Dino World,1504080420,Dinosaur Park: Primeval Zoo,apple,"Games, Adventure, Simulation",Games,4+,397949952,13.0,2021-06-06T07:00:00Z,2025-09-01T07:28:27Z,4.9.0,0.0,True,4.52655,3540,4.52655,3540
GUNSHIP BATTLE: Helicopter 3D,901832505,GUNSHIP BATTLE: 3D Action,apple,"Games, Casual, Action",Games,12+,188767232,6.0,2014-09-16T18:00:32Z,2018-07-31T07:44:09Z,2.6.60,0.0,True,4.24373,3508,4.24373,3508
Quiz: Logo game,1666347332,Logo Quiz - World Trivia Game,apple,"Games, Lifestyle, Trivia, Casual",Games,4+,158839808,11.0,2023-02-10T08:00:00Z,2023-04-24T19:42:29Z,1.13.0,0.0,True,4.6213,1014,4.6213,1014
Jewels Legend - Match 3 Puzzle,1367054026,Jewel Crush®- Match 3 Games,apple,"Games, Entertainment, Puzzle, Casual",Games,4+,211227648,13.0,2018-04-22T05:55:36Z,2025-08-28T19:49:30Z,13.3,0.0,True,4.71922,28036,4.71922,28036
Bubble Shooter Genies,1155901056,Bubble Shooter Genies,apple,"Games, Family, Puzzle, Entertainment",Games,4+,83992576,8.0,2016-12-07T06:46:04Z,2019-03-07T14:23:53Z,1.16.2,0.0,True,4.68154,2845,4.68154,2845
Blossom Blast Saga,973482525,Blossom Blast Saga,apple,"Games, Puzzle",Games,4+,262180864,12.0.0,2015-11-04T11:46:39Z,2025-09-17T08:54:48Z,100.206.0.0,0.0,True,4.63831,32716,4.63831,32716
Candy Bomb,1557597558,Candy Bomb Match 3 Games,apple,"Games, Casual, Entertainment, Puzzle",Games,4+,162806784,10.0,2021-03-10T08:00:00Z,2024-03-12T05:55:27Z,2.2,0.0,True,4.70103,388,4.70103,388
Gems or jewels ?,1461037869,Jewels Magic: Mystery Match3,apple,"Games, Entertainment, Board, Puzzle",Games,4+,441114624,13.0,2019-05-03T03:43:08Z,2025-09-24T22:40:36Z,25.0924.00,0.0,True,4.68088,23057,4.68088,23057
Power Pop Bubbles,1262870782,Power Pop Bubble Shooter Mania,apple,"Games, Casual, Puzzle, Entertainment",Games,4+,93461504,15.5,2017-07-28T05:50:31Z,2023-11-27T08:33:14Z,9.3.37,0.0,True,4.51785,32751,4.51785,32751
Jewels classic Prince,479536744,Bejeweled Classic,apple,"Games, Puzzle, Family, Entertainment",Games,4+,177844224,12.0,2011-12-08T08:00:00Z,2024-10-14T05:32:00Z,3.7.0,0.0,True,4.56963,133496,4.56963,133496
Fruit Block - Puzzle Legend,1466197423,Qblock: Wood Block Puzzle Game,apple,"Games, Board, Puzzle, Entertainment",Games,12+,329912320,15.0,2019-06-20T23:52:34Z,2025-08-21T07:41:42Z,4.24.4,0.0,True,4.72499,429866,4.72499,429866
Bubble Shooter Space,604044220,Bubble Shooter: Pop & Blast,apple,"Games, Entertainment, Casual, Puzzle",Games,4+,234688512,15.5,2013-02-22T02:17:29Z,2025-08-25T23:08:32Z,119.0,0.0,True,4.52648,337752,4.52648,337752
1LINE – One Line with One Touch,6752298349,1LINE- One Line with One Touch,apple,"Games, Puzzle, Entertainment, Board",Games,4+,92894208,13.0,2025-09-11T07:00:00Z,2025-09-16T10:14:25Z,1.1,0.0,True,5.0,2,5.0,2
Stick War: Legacy,1001780528,Stick War: Legacy,apple,"Games, Adventure, Strategy",Games,12+,248681472,13.0,2016-03-10T17:18:21Z,2025-09-24T15:06:12Z,2025.1.123,0.0,True,4.81332,70666,4.81332,70666
Marble Woka Woka 2018 - Bubble Shooter Match 3,1081008476,Marble Woka Woka: Blast Mania,apple,"Games, Puzzle, Family, Entertainment",Games,4+,426942464,12.0,2016-03-02T08:45:52Z,2025-09-10T07:40:46Z,3.046.00,0.0,True,4.70341,27277,4.70341,27277
Super Jabber Jump 3,1164013670,Super Jabber Jump,apple,"Games, Adventure, Entertainment, Casual",Games,4+,236190720,9.0,2016-11-04T09:09:31Z,2019-04-03T01:33:10Z,2.9.3952,0.0,True,4.39583,1104,4.39583,1104
