App,as_app_id,as_title,as_store,as_genres,as_primary_genre,as_content_rating,as_size,as_required_os_version,as_released,as_updated,as_version,as_price,as_free,as_score,as_reviews,as_current_version_score,as_current_version_reviews
Photo Editor & Candy Camera & Grid & ScrapBook,597851882,Photo Editor,apple,"Photo & Video, Graphics & Design",Photo & Video,12+,224247808,15.0,2013-03-04T23:48:46Z,2025-05-05T16:58:11Z,5.5.7,0.0,True,4.6113,43072,4.6113,43072
Coloring book moana,1400326821,Disney Coloring World,apple,"Entertainment, Education",Entertainment,4+,1298546688,13.0,2018-12-20T08:52:32Z,2025-08-28T09:01:46Z,17.2.0,0.0,True,4.38417,204845,4.38417,204845
"U Launcher Lite – FREE Live Cool Themes, Hide Apps",6447543971,Cool Themes & Fonts: Cute Text,apple,"Graphics & Design, Entertainment",Graphics & Design,4+,162102272,15.0,2023-05-18T07:00:00Z,2025-09-19T02:15:03Z,1.9.8,0.0,True,4.64858,30573,4.64858,30573
Sketch - Draw & Paint,506003812,"Paper: Sketch, Draw & Create",apple,"Productivity, Graphics & Design",Productivity,4+,175809536,13.0,2012-03-29T07:00:00Z,2025-07-22T18:59:39Z,5.5.9,0.0,True,4.57904,68151,4.57904,68151
Pixel Draw - Number Art Coloring Book,1315399681,Pixelmania - Number Coloring,apple,"Entertainment, Puzzle, Family, Games",Entertainment,4+,54242304,12.0,2017-11-22T17:24:19Z,2023-12-26T04:37:20Z,3.3.0,0.0,True,4.47975,4346,4.47975,4346
Paper flowers instructions,1084194490,Flowers - Adult Coloring Book,apple,"Entertainment, Family, Trivia, Games",Entertainment,4+,74737664,12,2016-02-17T20:34:34Z,2025-09-18T10:24:04Z,4.8.5,0.0,True,4.59039,3706,4.59039,3706
Smoke Effect Photo Maker - Smoke Editor,790284480,Avatan – Photo Editor,apple,"Photo & Video, Entertainment",Photo & Video,12+,169516032,13.0,2014-01-13T12:38:23Z,2025-05-22T00:46:20Z,5.34,0.0,True,4.70638,5708,4.70638,5708
Infinite Painter,1146543227,Infinite Painter,apple,"Graphics & Design, Productivity",Graphics & Design,4+,101971968,15.0,2016-08-26T19:38:20Z,2025-02-22T19:59:34Z,7.1.4,0.0,True,4.13443,9744,4.13443,9744
Garden Coloring Book,1512344831,Coloring Book -Color by Number,apple,"Games, Entertainment, Puzzle, Board",Games,4+,123215872,12.0,2020-06-15T07:00:00Z,2025-07-25T21:24:52Z,3.0.4,0.0,True,4.75393,203015,4.75393,203015
Kids Paint Free - Drawing Fun,908698556,Drawing Games Apps for Kids,apple,"Education, Entertainment",Education,4+,450893824,12.0,2015-03-30T21:37:01Z,2025-09-15T09:35:40Z,7.3.1,0.0,True,4.49533,37889,4.49533,37889
Text on Photo - Fonteee,1033009631,Adding Texts on Photo,apple,Photo & Video,Photo & Video,12+,29719552,15.0,2015-09-02T23:08:37Z,2023-09-15T12:47:47Z,17.0.0,0.0,True,4.77123,6487,4.77123,6487
Name Art Photo Editor - Focus n Filters,597851882,Photo Editor,apple,"Photo & Video, Graphics & Design",Photo & Video,12+,224247808,15.0,2013-03-04T23:48:46Z,2025-05-05T16:58:11Z,5.5.7,0.0,True,4.6113,43072,4.6113,43072
Tattoo Name On My Photo Editor,1057590314,Tattoodo - Your Next Tattoo,apple,"Lifestyle, Photo & Video",Lifestyle,17+,78959616,16.0,2016-03-08T12:36:54Z,2025-08-29T16:34:52Z,10.1.0,0.0,True,4.69367,7156,4.69367,7156
Mandala Coloring Book,6467385373,Mandala Coloring Book Game,apple,"Games, Casual, Entertainment, Board",Games,4+,219499520,15.0,2023-09-26T07:00:00Z,2025-09-09T00:16:11Z,1.1.3,0.0,True,4.84924,1539,4.84924,1539
3D Color Pixel by Number - Sandbox Art Coloring,1237405816,Sandbox - Pixel Art Coloring,apple,"Entertainment, Games, Family, Puzzle",Entertainment,4+,20716544,9.0,2017-06-03T04:23:55Z,2025-08-05T08:22:19Z,1.8.15,0.0,True,4.73501,968634,4.73501,968634
Learn To Draw Kawaii Characters,1596137708,DrawCutie - Draw Cute Girls,apple,"Entertainment, Education",Entertainment,4+,47087616,12.0,2021-12-21T08:00:00Z,2025-08-26T19:06:11Z,2.0.10,0.0,True,4.71491,5707,4.71491,5707
Photo Designer - Write your name with shapes,309465525,Shutterfly: Prints Cards Gifts,apple,"Photo & Video, Shopping",Photo & Video,4+,184130560,15.0,2009-04-04T10:17:45Z,2025-09-17T17:47:55Z,15.18.0,0.0,True,4.67788,543691,4.67788,543691
350 Diy Room Decor Ideas,1413287364,Redecor - Home Design Game,apple,"Games, Graphics & Design, Casual, Simulation",Games,12+,165728256,12.4,2020-04-10T07:00:00Z,2025-09-21T08:14:13Z,3.49.6,0.0,True,4.71889,265611,4.71889,265611
FlipaClip - Cartoon animation,1101848914,FlipaClip: Create 2D Animation,apple,"Graphics & Design, Productivity",Graphics & Design,4+,217374720,13.0,2017-03-04T16:32:53Z,2025-09-25T16:47:09Z,4.2.21,0.0,True,4.61941,219283,4.61941,219283
ibis Paint X,450722833,ibis Paint X,apple,"Graphics & Design, Entertainment",Graphics & Design,12+,110107648,15.0,2011-08-01T21:09:00Z,2025-09-24T21:25:36Z,13.1.12,0.0,True,4.70317,250746,4.70317,250746
Logo Maker - Small Business,950802372,"Logo Maker, Design Creator.",apple,"Graphics & Design, Business",Graphics & Design,4+,394226688,13,2018-01-07T21:21:18Z,2025-09-25T21:06:27Z,7.70,0.0,True,4.69257,7130,4.69257,7130
Boys Photo Editor - Six Pack & Men's Suit,1238762798,SixPack Studio Cam : BodyBoost,apple,"Photo & Video, Social Networking",Photo & Video,17+,78594048,18.0,2017-05-22T14:13:56Z,2025-04-20T14:36:41Z,2.2,0.0,True,4.63663,2752,4.63663,2752
Superheroes Wallpapers | 4K Backgrounds,1348676585,"Wallcraft – Wallpapers, live",apple,"Entertainment, Photo & Video",Entertainment,12+,206869504,13.0,2018-03-16T03:23:03Z,2025-09-09T09:32:09Z,3.28,0.0,True,4.58636,147519,4.58636,147519
Mcqueen Coloring pages,1027352017,Recolor: Adult Coloring Book.,apple,Entertainment,Entertainment,12+,219126784,15.6,2015-08-24T12:17:44Z,2025-09-16T06:59:39Z,5.6.7,0.0,True,4.47394,106143,4.47394,106143
HD Mickey Minnie Wallpapers,1198467809,HD Wallpapers and Backgrounds.,apple,"Lifestyle, Utilities",Lifestyle,9+,86177792,14.0,2017-11-10T09:37:58Z,2023-09-06T18:12:40Z,3.1,0.0,True,4.49796,13822,4.49796,13822
Harley Quinn wallpapers HD,1155985220,HD Wallpapers For Harley Quinn Edition,apple,"Lifestyle, Entertainment",Lifestyle,4+,13068288,8.0,2016-09-22T13:27:59Z,2017-02-13T23:27:37Z,1.1,0.0,True,3.87264,212,3.87264,212
Colorfit - Drawing & Coloring,1062006344,Adult Coloring Book - Pigment,apple,"Lifestyle, Entertainment",Lifestyle,4+,233458688,16.0,2015-12-17T05:16:47Z,2025-09-24T17:18:53Z,3.7.1,0.0,True,4.59715,192100,4.59715,192100
Animated Photo Editor,1540719743,ToonApp: Cartoon Photo Editor,apple,"Photo & Video, Entertainment",Photo & Video,4+,138937344,15.0,2021-01-05T08:00:00Z,2025-09-05T10:57:12Z,2.31.0,0.0,True,4.73453,106477,4.73453,106477
Pencil Sketch Drawing,448162988,My Sketch - Pencil Sketches,apple,"Photo & Video, Entertainment",Photo & Video,4+,44449792,12.0,2011-08-03T00:12:22Z,2022-09-23T03:01:14Z,6.9,3.99,False,4.77374,12225,4.77374,12225
Easy Realistic Drawing Tutorial,1369587032,How To Draw Eyes with Steps,apple,"Education, Entertainment",Education,4+,102420480,9.0,2018-04-22T22:24:52Z,2018-04-22T22:24:52Z,1.0.1,0.0,True,4.25159,4078,4.25159,4078
Pink Silver Bow Keyboard Theme,1035199024,Kika Keyboard: Custom Themes,apple,"Utilities, Entertainment",Utilities,17+,172010496,13.0,2015-10-13T00:00:25Z,2025-09-20T04:17:55Z,5.4.0,0.0,True,4.56592,290570,4.56592,290570
Art Drawing Ideas,1477986704,Drawing ▫,apple,"Productivity, Photo & Video",Productivity,4+,218003456,14.0,2019-11-29T08:00:00Z,2025-03-20T05:44:53Z,4.12,0.0,True,4.08256,14462,4.08256,14462
Anime Manga Coloring Book,1638130066,Manga & Anime coloring book,apple,"Entertainment, Puzzle, Games, Trivia",Entertainment,4+,63773696,12.0,2022-08-08T07:00:00Z,2023-12-21T19:23:55Z,5.7,0.0,True,4.57639,1093,4.57639,1093
Easy Origami Ideas,1463736645,Origami Master: Create & Fold,apple,"Entertainment, Education",Entertainment,4+,125864960,13.0,2019-05-16T15:57:01Z,2025-08-31T19:46:04Z,3.0,0.0,True,4.77844,2004,4.77844,2004
I Creative Idea,694087970,Brainsparker Creativity Coach,apple,"Productivity, Education",Productivity,17+,40776704,15.0,2013-09-23T23:05:52Z,2025-04-24T11:28:23Z,8.2.3,0.0,True,4.65611,1326,4.65611,1326
How to draw Ladybug and Cat Noir,1300500620,Miraculous Ladybug & Cat Noir,apple,"Games, Racing, Family, Entertainment",Games,12+,417608704,13,2018-04-24T19:27:45Z,2025-08-27T09:35:25Z,5.9.56,0.0,True,4.68076,190433,4.68076,190433
UNICORN - Color By Number & Pixel Art Coloring,1293646758,UNICORN: Color by Number Games,apple,"Entertainment, Lifestyle",Entertainment,12+,161591296,13.0,2017-10-27T01:22:20Z,2025-07-25T06:19:01Z,6.2.0,0.0,True,4.69004,460782,4.69004,460782
Floor Plan Creator,986274256,ArcSite: Floor Plans and CAD,apple,"Productivity, Business",Productivity,4+,209488896,15.0,2015-05-07T21:53:14Z,2025-09-14T11:57:19Z,5.39.0,0.0,True,4.6765,6476,4.6765,6476
PIP Camera - PIP Collage Maker,1105359339,PIP Camera Photo Collage Maker,apple,"Photo & Video, Productivity",Photo & Video,4+,58638336,7.1,2016-04-29T23:10:20Z,2016-04-29T23:10:20Z,1.0,0.0,True,5.0,1,5.0,1
How To Color Disney Princess - Coloring Pages,1400326821,Disney Coloring World,apple,"Entertainment, Education",Entertainment,4+,1298546688,13.0,2018-12-20T08:52:32Z,2025-08-28T09:01:46Z,17.2.0,0.0,True,4.38417,204845,4.38417,204845
Drawing Clothes Fashion Ideas,1624421627,Fashion Illustration: Design,apple,"Graphics & Design, Productivity",Graphics & Design,4+,134667264,16.0,2022-06-10T07:00:00Z,2025-09-25T07:01:42Z,1.5.0,0.0,True,4.4065,1909,4.4065,1909
Sad Poetry Photo Frames 2018,1289057196,SCRL: Photo Collage Maker,apple,"Photo & Video, Graphics & Design",Photo & Video,4+,120071168,15.0,2017-10-18T00:03:43Z,2025-09-22T14:44:42Z,9.16,0.0,True,4.83021,83640,4.83021,83640
Textgram - write on photos,438429273,Phonto - Text on Photos,apple,"Photo & Video, Entertainment",Photo & Video,4+,68573184,17.6,2011-05-24T07:06:16Z,2025-09-20T04:24:30Z,4.9.46,0.0,True,4.81629,118521,4.81629,118521
Paint Splash!,1435571484,Helix Paint Ball - jump Stack,apple,"Games, Entertainment, Music, Word",Games,12+,243290112,12.0,2018-09-08T22:42:41Z,2024-03-04T12:07:37Z,1.9,0.0,True,4.65172,290,4.65172,290
Popsicle Sticks and Similar DIY Craft Ideas,445458809,Michaels Stores,apple,"Shopping, Lifestyle",Shopping,4+,369619968,15.0,2011-07-01T07:00:00Z,2025-09-12T14:31:04Z,25.9.1,0.0,True,4.78604,270683,4.78604,270683
"Canva: Poster, banner, card maker & graphic design",897446215,Canva: AI Photo & Video Editor,apple,"Photo & Video, Productivity",Photo & Video,4+,102373376,14.0,2014-10-15T10:23:37Z,2025-09-25T01:30:13Z,4.178.0,0.0,True,4.88181,2935397,4.88181,2935397
Install images with music to make video without Net - 2018,1006639052,Add Background Music To Video,apple,"Photo & Video, Utilities",Photo & Video,4+,109184000,13.0,2015-07-16T07:00:00Z,2025-09-22T07:34:48Z,5.4.29,0.0,True,4.31764,34171,4.31764,34171
Little Teddy Bear Colouring Book Game,1456596043,Gallery: Coloring book & decor,apple,"Games, Entertainment, Simulation, Puzzle",Games,4+,398706688,13.0,2019-07-12T22:33:44Z,2025-09-18T18:51:36Z,4.5.1,0.0,True,4.59576,34400,4.59576,34400
How To Draw Food,1489427799,How To Draw ⋆,apple,"Entertainment, Education",Entertainment,4+,61731840,13.0,2019-11-27T08:00:00Z,2025-09-24T11:45:41Z,5.3,0.0,True,4.41153,5873,4.41153,5873
Monster Truck Stunt 3D 2019,1585796853,"Monster Truck - 4x4,Stunt,Race",apple,"Games, Strategy, Entertainment, Racing",Games,4+,481905664,15.0,2021-09-17T07:00:00Z,2025-09-16T11:29:50Z,3.1.1,0.0,True,4.457,7116,4.457,7116
Real Tractor Farming,6449486184,Real Tractor Farming Game,apple,"Games, Simulation",Games,4+,178760704,12.0,2023-05-25T07:00:00Z,2024-10-29T10:53:21Z,1.2.2,0.0,True,4.48949,2429,4.48949,2429
Ultimate F1 Racing Championship,556164008,Real Racing 3: Car Race Game,apple,"Games, Action, Racing, Entertainment",Games,4+,1590960128,13,2013-02-28T08:00:00Z,2025-08-25T21:31:58Z,13.6.1,0.0,True,4.76689,449987,4.76689,449987
Used Cars and Trucks for Sale,353263352,Cars.com - New & Used Cars,apple,"Shopping, Lifestyle",Shopping,4+,68283392,16.0,2010-02-03T00:04:02Z,2025-09-16T21:27:27Z,9.62.1,0.0,True,4.82979,582836,4.82979,582836
American Muscle Car Race,1039264027,MotorTrend,apple,"Entertainment, Sports",Entertainment,12+,29205504,15.1,2015-10-16T01:26:54Z,2025-09-10T08:30:47Z,6.0.9,0.0,True,4.80703,56278,4.80703,56278
Offroad Oil Tanker Driver Transport Truck 2019,1247041373,Truck Driver Power - Truck GPS,apple,"Navigation, Weather",Navigation,9+,111714304,14.0,2017-10-25T02:22:15Z,2024-03-06T23:56:16Z,218.0.0,0.0,True,4.67229,1303,4.67229,1303
Tickets SDA 2018 and Exam from the State Traffic Safety Inspectorate with Drom.ru,1032930471,Off The Record: Ticket Lawyer,apple,"Productivity, Utilities",Productivity,4+,72957952,12.1,2015-09-23T18:40:45Z,2025-09-17T13:41:59Z,25.0.2,0.0,True,4.64702,9431,4.64702,9431
Gas Prices (Germany only),406719683,GasBuddy: Find & Pay for Gas,apple,"Travel, Navigation",Travel,12+,155268096,15.1,2010-12-17T17:48:52Z,2025-09-19T16:17:52Z,701.29.25333,0.0,True,4.69431,446735,4.69431,446735
Extreme Rally Championship,1437096541,Rush Rally 3,apple,"Games, Simulation, Racing, Sports",Games,4+,288782336,12.0,2019-03-27T19:32:34Z,2023-09-29T21:12:59Z,1.155,4.99,False,4.78247,2864,4.78247,2864
Restart Navigator,1450557920,Holland America Line Navigator,apple,"Travel, Lifestyle",Travel,4+,263449600,14.0,2019-02-15T11:47:46Z,2025-08-08T17:03:06Z,4.48.5,0.0,True,4.53667,35428,4.53667,35428
"REG - Check the regnumber, find information about Swedish vehicles",1191483515,VIN Check Report for Used Cars,apple,"Shopping, Reference",Shopping,4+,70850560,13.2,2017-01-26T03:25:03Z,2023-02-06T15:37:57Z,10.9.0,0.0,True,4.74285,2901,4.74285,2901
CityBus Lviv,1102770894,Lviv Transport Online,apple,"Travel, Navigation",Travel,4+,2117632,7.0,2016-04-19T06:23:51Z,2017-12-29T22:20:21Z,1.2,0.0,True,5.0,1,5.0,1
CDL Practice Test 2018 Edition,1447718378,CDL Prep · Practice Test 2025,apple,"Education, Utilities",Education,12+,48812032,13.0,2021-06-17T07:00:00Z,2025-07-08T16:16:32Z,2.0.11,0.0,True,4.75577,1818,4.75577,1818
"ezETC (ETC balance inquiry, meter trial, real-time traffic)",1503631764,Tolls NY,apple,"Travel, Navigation",Travel,12+,86268928,16,2020-06-15T07:00:00Z,2025-09-26T02:02:57Z,3.9,0.0,True,4.75786,213006,4.75786,213006
Free VIN Report for Used Cars,1181052583,VIN Report for Used Cars,apple,"Shopping, Lifestyle",Shopping,4+,11773952,13.0,2017-01-03T19:56:43Z,2024-10-02T22:58:43Z,1.26,0.0,True,4.69086,1805,4.69086,1805
DMV Permit Practice Test 2018 Edition,513850893,DMV Permit Practice Test Genie,apple,"Education, Reference",Education,4+,167764992,15.0,2012-04-25T00:53:12Z,2025-09-22T23:59:35Z,11.1.2,0.0,True,4.76898,175401,4.76898,175401
Check Vehicle Tax,482050344,H&R Block Tax Prep: File Taxes,apple,"Finance, Productivity",Finance,4+,114121728,15.0,2012-01-18T01:24:50Z,2025-08-25T16:38:57Z,14.8.0,0.0,True,4.76539,114974,4.76539,114974
Used Cars Mexico,353263352,Cars.com - New & Used Cars,apple,"Shopping, Lifestyle",Shopping,4+,68283392,16.0,2010-02-03T00:04:02Z,2025-09-16T21:27:27Z,9.62.1,0.0,True,4.82979,582836,4.82979,582836
Ulysse Speedometer,1460509229,Speedometer ⋙,apple,"Utilities, Travel",Utilities,4+,18640896,12.1,2019-04-24T09:08:59Z,2025-03-20T10:38:41Z,1.8,0.0,True,4.44072,13648,4.44072,13648
REPUVE,6472091070,MOT Check UK,apple,"Reference, Finance",Reference,4+,79100928,14.0,2023-11-14T08:00:00Z,2025-07-25T15:13:45Z,2.0,0.0,True,2.33333,3,2.33333,3
Used cars for sale - Trovit,353263352,Cars.com - New & Used Cars,apple,"Shopping, Lifestyle",Shopping,4+,68283392,16.0,2010-02-03T00:04:02Z,2025-09-16T21:27:27Z,9.62.1,0.0,True,4.82979,582836,4.82979,582836
"Fines of the State Traffic Safety Inspectorate are official: inspection, payment of fines",1198015583,NYC Pay or Dispute,apple,"Finance, Utilities",Finance,4+,10404864,14.0,2017-03-07T20:28:52Z,2025-06-11T21:03:36Z,5.8,0.0,True,4.73793,426086,4.73793,426086
SK Enca Direct Malls - Used Cars Search,353263352,Cars.com - New & Used Cars,apple,"Shopping, Lifestyle",Shopping,4+,68283392,16.0,2010-02-03T00:04:02Z,2025-09-16T21:27:27Z,9.62.1,0.0,True,4.82979,582836,4.82979,582836
"Android Auto - Maps, Media, Messaging & Voice",323229106,Waze Navigation & Live Traffic,apple,"Navigation, Travel",Navigation,17+,192705536,16.0,2009-08-01T21:14:40Z,2025-09-16T06:54:01Z,5.11.5.1,0.0,True,4.84508,3075844,4.84508,3075844
PDD-UA,911804296,"Циан. Недвижимость, квартиры",apple,"Lifestyle, Business",Lifestyle,4+,298753024,15.0,2014-12-21T15:12:07Z,2025-09-25T08:21:18Z,1.398,0.0,True,4.69216,2092,4.69216,2092
Tickets SDA 2019 + Exam RF,1484690932,BoardVitals Medical Exam Prep,apple,"Medical, Education",Medical,17+,47764480,15.5,2020-02-10T08:00:00Z,2025-07-09T13:23:51Z,1.8.3,0.0,True,4.91306,9535,4.91306,9535
Super Cars Wallpapers And Backgrounds,1198467809,HD Wallpapers and Backgrounds.,apple,"Lifestyle, Utilities",Lifestyle,9+,86177792,14.0,2017-11-10T09:37:58Z,2023-09-06T18:12:40Z,3.1,0.0,True,4.49796,13822,4.49796,13822
"Police Lights, Sirens & Follow Me",453598205,Police Siren Lights Pro,apple,"Entertainment, Utilities",Entertainment,9+,73126912,10.3,2011-08-04T00:16:35Z,2021-01-12T11:15:02Z,3.3,0.0,True,4.62085,13686,4.62085,13686
Police Detector (Speed Camera Radar),1099797635,Radarbot: Speed Cameras | GPS,apple,"Navigation, Travel",Navigation,4+,506330112,15.0,2016-09-04T04:10:49Z,2025-09-09T15:12:43Z,9.31,0.0,True,4.60231,95319,4.60231,95319
Best Car Wallpapers,1209665381,Best Car Wallpapers - All Cars,apple,"Photo & Video, Lifestyle",Photo & Video,4+,39598080,10.0,2017-03-05T13:49:20Z,2021-05-08T17:36:57Z,3.1,0.0,True,4.775,40,4.775,40
Tickets + PDA 2018 Exam,1501744813,Pocket Prep IT & Cybersecurity,apple,"Education, Reference",Education,4+,81523712,15.0,2020-04-20T07:00:00Z,2025-09-24T13:14:20Z,3.23.5,0.0,True,4.80488,5002,4.80488,5002
Pick Your Part Garage,1273929827,PYP Garage,apple,Shopping,Shopping,4+,46245888,14.3,2017-08-31T23:06:21Z,2024-06-20T16:41:41Z,2.0.1,0.0,True,1.41304,138,1.41304,138
PakWheels: Buy & Sell Cars,739776365,PakWheels: Buy & Sell Cars,apple,"Lifestyle, Utilities",Lifestyle,9+,217838592,15.0,2013-11-16T07:28:48Z,2025-09-25T07:31:23Z,10.5.4,0.0,True,4.5,794,4.5,794
Supervision service,1528074412,Tyler Supervision,apple,"Business, Productivity",Business,12+,45131776,13.4,2021-02-04T08:00:00Z,2025-06-04T18:23:26Z,1.8.1,0.0,True,5.0,2,5.0,2
Speed Camera Detector - Traffic & Speed Alert,323229106,Waze Navigation & Live Traffic,apple,"Navigation, Travel",Navigation,17+,192705536,16.0,2009-08-01T21:14:40Z,2025-09-16T06:54:01Z,5.11.5.1,0.0,True,4.84508,3075844,4.84508,3075844
Used car search Goo net whole car Go to net,353263352,Cars.com - New & Used Cars,apple,"Shopping, Lifestyle",Shopping,4+,68283392,16.0,2010-02-03T00:04:02Z,2025-09-16T21:27:27Z,9.62.1,0.0,True,4.82979,582836,4.82979,582836
CarMax – Cars for Sale: Search Used Car Inventory,571044395,CarMax: Used Cars for Sale,apple,"Lifestyle, Shopping",Lifestyle,4+,82195456,16.0,2012-11-02T21:53:19Z,2025-09-18T13:36:49Z,4.35.2,0.0,True,4.79688,395381,4.79688,395381
BEST CAR SOUNDS,1529805612,Real Car Sounds & Engine Noise,apple,"Entertainment, Lifestyle",Entertainment,4+,309770240,15.0,2020-09-17T07:00:00Z,2025-04-23T11:35:55Z,1.5.0,0.0,True,4.73123,2106,4.73123,2106
RST - Sale of cars on the PCT,353263352,Cars.com - New & Used Cars,apple,"Shopping, Lifestyle",Shopping,4+,68283392,16.0,2010-02-03T00:04:02Z,2025-09-16T21:27:27Z,9.62.1,0.0,True,4.82979,582836,4.82979,582836
AutoScout24 Switzerland – Find your new car,311785642,AutoScout24: Buy & sell cars,apple,"Productivity, Lifestyle",Productivity,4+,248123392,17.0,2015-05-20T15:19:51Z,2025-09-22T04:01:25Z,25.38.0,0.0,True,4.77055,22289,4.77055,22289
Zona Azul Digital Fácil SP CET - OFFICIAL São Paulo,384920861,São Paulo Travel Guide,apple,"Travel, Navigation",Travel,4+,85942272,13.0,2010-08-03T21:55:47Z,2023-01-25T18:30:46Z,3.0.24,0.0,True,4.28571,7,4.28571,7
SMS Park,449594317,EasyPark - Parking made easy,apple,"Travel, Navigation",Travel,4+,158964736,16.0,2011-07-25T07:00:00Z,2025-09-22T08:25:44Z,25.38.0,0.0,True,4.8291,7870,4.8291,7870
SKencar,6738948332,Skincare Time: Makeover ASMR,apple,"Games, Simulation, Entertainment, Casual",Games,12+,392381440,13.0,2024-12-04T08:00:00Z,2025-09-22T22:43:48Z,0.8.1,0.0,True,4.77951,26037,4.77951,26037
Fuelio: Gas log & costs,406719683,GasBuddy: Find & Pay for Gas,apple,"Travel, Navigation",Travel,12+,155268096,15.1,2010-12-17T17:48:52Z,2025-09-19T16:17:52Z,701.29.25333,0.0,True,4.69431,446735,4.69431,446735
auto fines,1032930471,Off The Record: Ticket Lawyer,apple,"Productivity, Utilities",Productivity,4+,72957952,12.1,2015-09-23T18:40:45Z,2025-09-17T13:41:59Z,25.0.2,0.0,True,4.64702,9431,4.64702,9431
"Used car is the first car - used car purchase, used car quotation, dealer information to",353263352,Cars.com - New & Used Cars,apple,"Shopping, Lifestyle",Shopping,4+,68283392,16.0,2010-02-03T00:04:02Z,2025-09-16T21:27:27Z,9.62.1,0.0,True,4.82979,582836,4.82979,582836
All of the parking lot - National Park application (parking lot search / parking sharing / discount payment),1414389805,Parking.com - Find Parking Now,apple,"Navigation, Travel",Navigation,4+,88934400,12.0,2018-08-07T15:59:38Z,2025-02-19T21:06:48Z,3.62.0,0.0,True,4.50106,16984,4.50106,16984
Inquiry Fines and Debits of Vehicles,1509721720,DARB,apple,"Business, Finance",Business,4+,113403904,11.0,2020-05-10T07:00:00Z,2025-08-07T06:23:40Z,11.0.0,0.0,True,4.58783,11078,4.58783,11078
Gas Station,406719683,GasBuddy: Find & Pay for Gas,apple,"Travel, Navigation",Travel,12+,155268096,15.1,2010-12-17T17:48:52Z,2025-09-19T16:17:52Z,701.29.25333,0.0,True,4.69431,446735,4.69431,446735
Hush - Beauty for Everyone,622434129,BeautyPlus-AI Figure Generator,apple,"Photo & Video, Graphics & Design",Photo & Video,9+,597657600,13.0,2013-04-25T02:33:30Z,2025-09-18T07:41:55Z,7.19.0,0.0,True,4.81998,337689,4.81998,337689
"ipsy: Makeup, Beauty, and Tips",393328150,Sephora US: Makeup & Skincare,apple,"Shopping, Lifestyle",Shopping,12+,251621376,15.0,2010-09-30T04:14:11Z,2025-09-12T11:13:47Z,25.18,0.0,True,4.88628,424690,4.88628,424690
Natural recipes for your beauty,1545961260,Green Chef: Healthy Recipes,apple,"Food & Drink, Health & Fitness",Food & Drink,4+,370510848,16.0,2021-02-25T08:00:00Z,2025-09-24T11:45:34Z,25.39,0.0,True,4.72578,23948,4.72578,23948
"BestCam Selfie-selfie, beauty camera, photo editor",592331499,BeautyCam-AI Photo Editor,apple,"Photo & Video, Social Networking",Photo & Video,12+,457980928,13.0,2013-01-27T08:00:00Z,2025-09-19T21:25:27Z,12.8.10,0.0,True,4.78282,18556,4.78282,18556
Mirror - Zoom & Exposure -,431471943,@Mirror,apple,"Lifestyle, Health & Fitness",Lifestyle,4+,115701760,11.0,2011-04-27T01:22:55Z,2020-03-26T08:32:53Z,4.6,0.0,True,4.61965,7877,4.61965,7877
Beauty Selfie Camera,768469908,YouCam Perfect: Beauty Camera,apple,"Photo & Video, Entertainment",Photo & Video,4+,272581632,16.0,2014-03-27T00:39:38Z,2025-09-18T12:19:55Z,6.11.0,0.0,True,4.77416,114330,4.77416,114330
Hairstyles step by step,764595159,Perfect Hairstyle and Hair Cut,apple,"Lifestyle, Entertainment",Lifestyle,4+,154335232,14.0,2013-12-08T23:31:12Z,2025-09-13T10:22:18Z,10.6,0.0,True,4.18182,15433,4.18182,15433
Filters for Selfie,1195525697,Sweet Face Camera: Selfie Edit,apple,Photo & Video,Photo & Video,9+,174605312,10.0,2017-03-15T04:13:59Z,2021-03-12T04:24:26Z,4.3.2,0.0,True,4.43099,32838,4.43099,32838
Tie - Always be happy,6463438950,Friendship Bracelets,apple,"Graphics & Design, Music",Graphics & Design,4+,100025344,13.0,2023-08-29T07:00:00Z,2025-04-16T07:57:36Z,1.42,0.0,True,3.99569,2086,3.99569,2086
Ulta Beauty,561930308,Ulta Beauty: Makeup & Skincare,apple,"Shopping, Lifestyle",Shopping,4+,232596480,17.6,2012-11-11T05:28:36Z,2025-09-23T13:49:36Z,10.5,0.0,True,4.87146,2008507,4.87146,2008507
Prom MakeUp Tutorial,1434594204,Prêt à Makeup,apple,"Graphics & Design, Lifestyle",Graphics & Design,4+,301735936,17.5,2019-02-22T23:34:33Z,2025-09-24T22:17:42Z,2.9.2,0.0,True,4.4177,37735,4.4177,37735
Selfie Camera,1437880869,SODA - Natural Beauty Camera,apple,"Photo & Video, Lifestyle",Photo & Video,4+,235264000,15.0,2018-10-20T08:07:59Z,2025-09-04T10:29:57Z,9.3.15,0.0,True,4.75096,10661,4.75096,10661
Sweet Selfie Beauty Camera,768469908,YouCam Perfect: Beauty Camera,apple,"Photo & Video, Entertainment",Photo & Video,4+,272581632,16.0,2014-03-27T00:39:38Z,2025-09-18T12:19:55Z,6.11.0,0.0,True,4.77416,114330,4.77416,114330
Colors of white in Urdu,1060422293,Rekhta: World of Urdu poetry,apple,"Reference, Entertainment",Reference,12+,75748352,14.0,2017-01-09T17:55:44Z,2025-09-18T19:11:36Z,5.0.2,0.0,True,4.82165,2097,4.82165,2097
Selfie Camera Photo Editor & Filter & Sticker,443354861,Camera360-Selfie Editor,apple,"Photo & Video, Entertainment",Photo & Video,4+,473050112,13.0,2011-06-22T05:17:58Z,2025-07-03T02:00:32Z,10.02.21,0.0,True,4.66496,14449,4.66496,14449
Wrinkles and rejuvenation,1558414615,Mimika: Face Yoga & Exercise,apple,"Health & Fitness, Lifestyle",Health & Fitness,4+,203533312,15.0,2021-04-30T07:00:00Z,2025-07-22T11:24:18Z,1.10.5,0.0,True,4.48719,1172,4.48719,1172
Eyes Makeup Beauty Tips,1434594204,Prêt à Makeup,apple,"Graphics & Design, Lifestyle",Graphics & Design,4+,301735936,17.5,2019-02-22T23:34:33Z,2025-09-24T22:17:42Z,2.9.2,0.0,True,4.4177,37735,4.4177,37735
Photo Editor 2018,530957470,Photo Editоr,apple,"Graphics & Design, Photo & Video",Graphics & Design,4+,166903808,13.0,2012-06-12T00:03:52Z,2025-09-25T10:35:57Z,10.1.7,0.0,True,4.6761,16141,4.6761,16141
Step By Step Eyes Makeup Tutorial,1434594204,Prêt à Makeup,apple,"Graphics & Design, Lifestyle",Graphics & Design,4+,301735936,17.5,2019-02-22T23:34:33Z,2025-09-24T22:17:42Z,2.9.2,0.0,True,4.4177,37735,4.4177,37735
Beauty Camera - Selfie Camera,1437880869,SODA - Natural Beauty Camera,apple,"Photo & Video, Lifestyle",Photo & Video,4+,235264000,15.0,2018-10-20T08:07:59Z,2025-09-04T10:29:57Z,9.3.15,0.0,True,4.75096,10661,4.75096,10661
Girls Hairstyles,1173935284,Girls Hairstyles - Cute Hairstyles for Girls,apple,"Lifestyle, Entertainment",Lifestyle,4+,7721984,8.0,2016-11-09T20:45:33Z,2016-11-09T20:45:33Z,1.0,0.0,True,3.84615,26,3.84615,26
Mirror Camera (Mirror + Selfie Camera),431471943,@Mirror,apple,"Lifestyle, Health & Fitness",Lifestyle,4+,115701760,11.0,2011-04-27T01:22:55Z,2020-03-26T08:32:53Z,4.6,0.0,True,4.61965,7877,4.61965,7877
Beauty Tips - Beauty Tips in Sinhala,393328150,Sephora US: Makeup & Skincare,apple,"Shopping, Lifestyle",Shopping,12+,251621376,15.0,2010-09-30T04:14:11Z,2025-09-12T11:13:47Z,25.18,0.0,True,4.88628,424690,4.88628,424690
Haircut Tutorials/Haircut Videos,1534118321,Haircut Master Fade Barber 3D,apple,"Games, Family, Casual",Games,4+,365752320,12.0,2020-10-01T07:00:00Z,2023-09-08T02:10:56Z,1.60,0.0,True,4.57927,6270,4.57927,6270
"Sephora: Skin Care, Beauty Makeup & Fragrance Shop",393328150,Sephora US: Makeup & Skincare,apple,"Shopping, Lifestyle",Shopping,12+,251621376,15.0,2010-09-30T04:14:11Z,2025-09-12T11:13:47Z,25.18,0.0,True,4.88628,424690,4.88628,424690
Manicure - nail design,492114299,Nail Designs - Manicures & Art,apple,"Lifestyle, Entertainment",Lifestyle,4+,52657152,18.5,2012-01-06T22:59:21Z,2025-08-27T15:58:43Z,5.02,0.0,True,3.95838,2499,3.95838,2499
"Sticker Camera - Selfie Filters, Beauty Camera",443354861,Camera360-Selfie Editor,apple,"Photo & Video, Entertainment",Photo & Video,4+,473050112,13.0,2011-06-22T05:17:58Z,2025-07-03T02:00:32Z,10.02.21,0.0,True,4.66496,14449,4.66496,14449
Filters for B Live,1325756279,Prequel: Photo & Video Editor,apple,"Photo & Video, Entertainment",Photo & Video,4+,268067840,15.0,2018-03-29T04:36:29Z,2025-09-04T11:50:09Z,2.80.0,0.0,True,4.74491,323302,4.74491,323302
Skin Care and Natural Beauty,561930308,Ulta Beauty: Makeup & Skincare,apple,"Shopping, Lifestyle",Shopping,4+,232596480,17.6,2012-11-11T05:28:36Z,2025-09-23T13:49:36Z,10.5,0.0,True,4.87146,2008507,4.87146,2008507
Facial Wrinkle Reduction,1485950159,Face Exercises,apple,"Health & Fitness, Reference",Health & Fitness,12+,120371200,11.0,2019-11-30T08:00:00Z,2023-10-02T05:47:40Z,1.4.21,0.0,True,4.39393,3988,4.39393,3988
Makeup Videos,1149994032,Facetune: Video & Photo Editor,apple,"Photo & Video, Lifestyle",Photo & Video,4+,467260416,17.0,2016-11-24T23:31:38Z,2025-09-21T12:14:00Z,3.104,0.0,True,4.61975,346587,4.61975,346587
"Secrets of beauty, youth and health",419188556,Vitacost,apple,"Shopping, Health & Fitness",Shopping,4+,33829888,13.4,2011-04-28T15:56:39Z,2025-09-10T15:11:42Z,7.4.0,0.0,True,4.80782,46041,4.80782,46041
Recipes and tips for losing weight,1079999103,Mealime Meal Plans & Recipes,apple,"Food & Drink, Health & Fitness",Food & Drink,4+,63213568,15.6,2016-02-24T03:26:11Z,2025-08-21T09:45:27Z,4.21.10,0.0,True,4.81383,53219,4.81383,53219
Discover Color,6498941931,Vivaldi Color Analysis,apple,"Lifestyle, Shopping",Lifestyle,4+,2842624,16.0,2024-05-01T07:00:00Z,2025-04-03T00:56:42Z,1.2.52,0.0,True,4.31224,1675,4.31224,1675
Eyeliner step by step 2018,1434594204,Prêt à Makeup,apple,"Graphics & Design, Lifestyle",Graphics & Design,4+,301735936,17.5,2019-02-22T23:34:33Z,2025-09-24T22:17:42Z,2.9.2,0.0,True,4.4177,37735,4.4177,37735
Dresses Ideas & Fashions +3000,1130649335,Azazie:Shop Bridesmaid Dresses,apple,"Shopping, Lifestyle",Shopping,4+,99288064,15.6,2016-09-02T15:23:26Z,2025-09-18T01:51:59Z,4.9.4,0.0,True,4.83023,14113,4.83023,14113
"Lady adviser (beauty, health)",1297230801,Fresha for customers,apple,"Lifestyle, Health & Fitness",Lifestyle,4+,102325248,16.0,2017-12-03T16:04:46Z,2025-09-25T07:21:41Z,3.25.2,0.0,True,4.91159,32893,4.91159,32893
Step By Step Hairstyles For Women,764595159,Perfect Hairstyle and Hair Cut,apple,"Lifestyle, Entertainment",Lifestyle,4+,154335232,14.0,2013-12-08T23:31:12Z,2025-09-13T10:22:18Z,10.6,0.0,True,4.18182,15433,4.18182,15433
Rainbow Camera,1422471180,Dazz Cam - Vintage Camera,apple,Photo & Video,Photo & Video,4+,134568960,15.6,2018-08-17T17:24:46Z,2025-09-21T03:37:19Z,2.10,0.0,True,4.75643,95305,4.75643,95305
Methods of teeth whitening,504156800,Teeth Whitener AI Photo Editor,apple,"Photo & Video, Lifestyle",Photo & Video,4+,681039872,15.0,2012-02-25T04:03:47Z,2025-07-07T21:10:28Z,5.1.2,0.0,True,4.69984,683,4.69984,683
Girls hairstyles 2018,764595159,Perfect Hairstyle and Hair Cut,apple,"Lifestyle, Entertainment",Lifestyle,4+,154335232,14.0,2013-12-08T23:31:12Z,2025-09-13T10:22:18Z,10.6,0.0,True,4.18182,15433,4.18182,15433
Wattpad 📖 Free Books,306310789,Wattpad - Read & Write Stories,apple,"Books, Entertainment",Book,17+,229455872,15.0,2009-03-08T08:00:00Z,2025-09-23T00:03:40Z,11.15.1,0.0,True,4.66689,704961,4.66689,704961
E-Book Read - Read Book for free,1357465979,"iReader-Story, Novel & E-book",apple,"Books, Magazines & Newspapers",Book,12+,107559936,12.4,2018-06-30T01:10:00Z,2024-09-19T08:30:26Z,10.8.41,0.0,True,4.77773,40300,4.77773,40300
Download free book with green book,416454511,eBook Search - download books,apple,Books,Book,12+,27556864,15.0,2011-09-22T03:16:39Z,2024-02-13T16:43:23Z,3.15,0.0,True,4.52521,3431,4.52521,3431
Wikipedia,324715238,Wikipedia,apple,"Reference, Education",Reference,4+,157989888,16.6,2009-08-17T22:47:11Z,2025-09-15T14:05:33Z,7.8.2,0.0,True,4.35832,5654,4.35832,5654
Amazon Kindle,302584613,Amazon Kindle,apple,Books,Book,12+,182419456,16.0,2009-03-04T08:00:00Z,2025-09-25T03:23:45Z,7.42.1,0.0,True,4.8571,5281450,4.8571,5281450
Cool Reader,1296870631,"Epub Reader -read epub,chm,txt",apple,"Books, Utilities",Book,4+,65667072,12.0,2017-10-19T00:28:33Z,2024-12-16T04:31:36Z,1.19,0.0,True,4.53751,9570,4.53751,9570
Dictionary - Merriam-Webster,399452287,Merriam-Webster Dictionary,apple,"Reference, Books",Reference,4+,220325888,15.0,2010-12-14T15:50:44Z,2025-05-12T05:48:27Z,5.8.3,0.0,True,4.80661,302287,4.80661,302287
NOOK: Read eBooks & Magazines,373582546,Barnes & Noble NOOK,apple,"Books, News",Book,4+,178519040,16.0,2010-05-27T04:14:05Z,2025-09-16T18:30:17Z,6.8.3,0.0,True,4.73562,115246,4.73562,115246
Free Panda Radio Music,1566586505,FM Radio App,apple,"Music, Entertainment",Music,4+,87600128,15.0,2021-05-19T07:00:00Z,2025-08-27T11:19:00Z,4.1.38,0.0,True,4.65665,20280,4.65665,20280
Book store,1627205148,NovelFlow: Unlimited Books,apple,"Books, Magazines & Newspapers",Book,17+,166757376,15.0,2022-06-06T07:00:00Z,2025-09-25T02:55:25Z,3.0.7,0.0,True,4.55607,5386,4.55607,5386
FBReader: Favorite Book Reader,302584613,Amazon Kindle,apple,Books,Book,12+,182419456,16.0,2009-03-04T08:00:00Z,2025-09-25T03:23:45Z,7.42.1,0.0,True,4.8571,5281450,4.8571,5281450
English Grammar Complete Handbook,488099900,LearnEnglish Grammar (UK ed.),apple,"Education, Reference",Education,4+,102660096,12.0,2012-03-19T04:54:32Z,2024-08-15T08:29:32Z,4.4.3,0.0,True,4.69604,39365,4.69604,39365
Free Books - Spirit Fanfiction and Stories,1627205148,NovelFlow: Unlimited Books,apple,"Books, Magazines & Newspapers",Book,17+,166757376,15.0,2022-06-06T07:00:00Z,2025-09-25T02:55:25Z,3.0.7,0.0,True,4.55607,5386,4.55607,5386
Google Play Books,400989007,Google Play Books & Audiobooks,apple,"Books, Reference",Book,4+,88590336,17.0,2010-12-06T17:46:27Z,2025-09-12T14:05:32Z,25.9.0,0.0,True,4.43152,9580,4.43152,9580
AlReader -any text book reader,1487572960,NaturalReader - Text To Speech,apple,"Productivity, Education",Productivity,4+,39171072,15.0,2020-08-10T07:00:00Z,2025-08-26T13:23:15Z,9.20,0.0,True,4.55133,7043,4.55133,7043
Offline English Dictionary,978674211,Oxford Dictionary,apple,"Reference, Education",Reference,4+,110791680,14.0,2015-06-26T07:50:37Z,2025-08-19T15:06:38Z,15.18,0.0,True,4.62423,26303,4.62423,26303
Oxford Dictionary of English : Free,308750436,Dictionary.com: English Words,apple,"Reference, Education",Reference,4+,32317440,16.0,2009-04-07T07:00:00Z,2025-08-04T14:24:43Z,12.0.5,0.0,True,4.78476,327730,4.78476,327730
Offline: English to Tagalog Dictionary,399452287,Merriam-Webster Dictionary,apple,"Reference, Books",Reference,4+,220325888,15.0,2010-12-14T15:50:44Z,2025-05-12T05:48:27Z,5.8.3,0.0,True,4.80661,302287,4.80661,302287
Spanish English Translator,414706506,Google Translate,apple,"Reference, Travel",Reference,4+,260252672,16.0,2011-02-08T18:59:55Z,2025-09-22T16:20:22Z,9.18.323,0.0,True,4.29896,80595,4.29896,80595
FamilySearch Tree,885982973,FamilySearch Tree,apple,"Reference, Lifestyle",Reference,4+,183580672,17.0,2014-07-15T07:00:00Z,2025-09-24T21:09:30Z,5.2.6,0.0,True,4.84002,453918,4.84002,453918
Cloud of Books,466446054,CloudLibrary,apple,"Books, Reference",Book,4+,166654976,15.0,2011-10-03T23:56:55Z,2025-08-12T14:11:51Z,5.12.2,0.0,True,4.75027,223938,4.75027,223938
Recipes of Prophetic Medicine for free,398436747,Fooducate: Nutrition Coach,apple,"Health & Fitness, Food & Drink",Health & Fitness,4+,239410176,13.0,2010-11-04T01:40:59Z,2025-09-22T02:59:16Z,7.23,0.0,True,4.64821,77179,4.64821,77179
ReadEra – free ebook reader,1436687796,Manobook: My Good Story Reader,apple,"Books, Magazines & Newspapers",Book,17+,63026176,13.0,2018-11-21T13:08:42Z,2025-09-11T15:43:27Z,8.0.8,0.0,True,4.60323,34216,4.60323,34216
NOOK App for NOOK Devices,349275540,Files - File Manager & Browser,apple,"Productivity, Utilities",Productivity,17+,35601408,14.5,2010-01-08T00:00:58Z,2025-06-24T22:46:31Z,8.3.1,0.0,True,4.70134,11686,4.70134,11686
Anonymous caller detection,448142450,Truecaller: Premium Caller ID,apple,"Utilities, Productivity",Utilities,4+,182107136,16.0,2012-03-28T21:20:44Z,2025-09-22T11:12:28Z,14.35,0.0,True,4.45099,246114,4.45099,246114
Ebook Reader,302584613,Amazon Kindle,apple,Books,Book,12+,182419456,16.0,2009-03-04T08:00:00Z,2025-09-25T03:23:45Z,7.42.1,0.0,True,4.8571,5281450,4.8571,5281450
Litnet - E-books,1357465979,"iReader-Story, Novel & E-book",apple,"Books, Magazines & Newspapers",Book,12+,107559936,12.4,2018-06-30T01:10:00Z,2024-09-19T08:30:26Z,10.8.41,0.0,True,4.77773,40300,4.77773,40300
Read books online,364709193,Apple Books,apple,"Books, Entertainment",Book,12+,11704320,10.0,2010-04-02T04:36:45Z,2025-09-15T17:58:10Z,5.2,0.0,True,4.38528,65122,4.38528,65122
English to Urdu Dictionary,1088565927,English to Urdu - Dictionary,apple,"Books, Education",Book,4+,42681344,14.0,2016-03-11T03:32:57Z,2025-05-30T13:06:46Z,2.3,0.0,True,4.23529,17,4.23529,17
eBoox: book reader fb2 epub zip,1489172068,eBoox - fb2 ePub book reader,apple,"Books, Productivity",Book,4+,185329664,9.0,2019-12-23T08:00:00Z,2025-09-18T14:04:15Z,2.20,0.0,True,4.76288,2775,4.76288,2775
English Persian Dictionary,522027459,Persian Dictionary - Dict Box,apple,"Reference, Education",Reference,9+,169428992,11.0,2012-05-01T18:25:32Z,2024-07-16T10:25:20Z,12.14.40,0.0,True,4.78988,83882,4.78988,83882
Flybook,1541374122,The Flybook,apple,Business,Business,4+,24332288,11.0,2020-12-09T08:00:00Z,2022-08-11T12:21:35Z,1.0.220810,0.0,True,2.0,11,2.0,11
All Maths Formulas,1668966787,All Maths Formulas app,apple,"Education, Reference",Education,4+,33490944,14.0,2023-02-08T08:00:00Z,2025-04-12T07:42:37Z,3.0,0.0,True,0.0,0,0.0,0
Ancestry,349554263,Ancestry: Family History & DNA,apple,"Reference, Productivity",Reference,12+,520572928,17.0,2010-01-19T03:17:36Z,2025-09-22T13:12:00Z,17.18.1,0.0,True,4.78484,525802,4.78484,525802
HTC Help,1226629284,Protection 360™,apple,Utilities,Utilities,4+,88790016,15.0,2017-05-05T11:56:57Z,2025-08-21T01:52:11Z,3.442.0,0.0,True,4.5448,49389,4.5448,49389
English translation from Bengali,399280635,Bangla Dictionary ++,apple,"Books, Education",Book,4+,109085696,13.0,2010-10-28T23:08:53Z,2021-06-28T21:53:07Z,21.1.0,0.0,True,4.58938,6551,4.58938,6551
Pdf Book Download - Read Pdf Book,469337564,Adobe Acrobat Reader: Edit PDF,apple,"Business, Productivity",Business,4+,467379200,17.0,2011-10-17T07:00:00Z,2025-09-25T22:42:33Z,25.09.00,0.0,True,4.67539,554768,4.67539,554768
Free Book Reader,1627205148,NovelFlow: Unlimited Books,apple,"Books, Magazines & Newspapers",Book,17+,166757376,15.0,2022-06-06T07:00:00Z,2025-09-25T02:55:25Z,3.0.7,0.0,True,4.55607,5386,4.55607,5386
eBoox new: Reader for fb2 epub zip books,1489172068,eBoox - fb2 ePub book reader,apple,"Books, Productivity",Book,4+,185329664,9.0,2019-12-23T08:00:00Z,2025-09-18T14:04:15Z,2.20,0.0,True,4.76288,2775,4.76288,2775
"Only 30 days in English, the guideline is guaranteed",1435063223,Lawfully Case Tracker,apple,"Utilities, Productivity",Utilities,4+,206840832,15.6,2019-01-27T20:13:44Z,2025-09-22T01:27:15Z,5.9.3,0.0,True,4.80715,142475,4.80715,142475
Moon+ Reader,1296870631,"Epub Reader -read epub,chm,txt",apple,"Books, Utilities",Book,4+,65667072,12.0,2017-10-19T00:28:33Z,2024-12-16T04:31:36Z,1.19,0.0,True,4.53751,9570,4.53751,9570
SH-02J Owner's Manual (Android 8.0),1541592138,Learn Japanese Kanji: Benkyō,apple,"Education, Reference",Education,4+,160370688,15.0,2020-12-30T08:00:00Z,2025-09-12T22:49:55Z,2.5,0.0,True,4.75064,2727,4.75064,2727
English-Myanmar Dictionary,1035153899,Eng-Mm Dictionary,apple,"Reference, Education",Reference,4+,92123136,10.0,2015-09-10T18:19:02Z,2023-01-25T20:38:53Z,1.4.2,0.0,True,4.53216,964,4.53216,964
Golden Dictionary (EN-AR),399452287,Merriam-Webster Dictionary,apple,"Reference, Books",Reference,4+,220325888,15.0,2010-12-14T15:50:44Z,2025-05-12T05:48:27Z,5.8.3,0.0,True,4.80661,302287,4.80661,302287
All Language Translator Free,306752957,Translate Free - Language Translator & Dictionary,apple,"Travel, Reference",Travel,4+,29793280,8.0,2009-03-10T14:53:27Z,2017-04-12T22:08:20Z,3.4.0,0.0,True,4.71136,13349,4.71136,13349
Azpen eReader,302584613,Amazon Kindle,apple,Books,Book,12+,182419456,16.0,2009-03-04T08:00:00Z,2025-09-25T03:23:45Z,7.42.1,0.0,True,4.8571,5281450,4.8571,5281450
URBANO V 02 instruction manual,686373726,Japan Travel - Smart Transit,apple,"Navigation, Travel",Navigation,4+,252889088,16.0,2013-10-18T04:35:53Z,2025-09-26T01:06:26Z,10.8.1,0.0,True,4.71,2400,4.71,2400
English Dictionary - Offline,308750436,Dictionary.com: English Words,apple,"Reference, Education",Reference,4+,32317440,16.0,2009-04-07T07:00:00Z,2025-08-04T14:24:43Z,12.0.5,0.0,True,4.78476,327730,4.78476,327730
Visual Voicemail by MetroPCS,318698524,Google Voice,apple,Productivity,Productivity,4+,176322560,18.0,2010-11-16T19:14:42Z,2025-09-19T18:26:55Z,25.37,0.0,True,4.30327,60790,4.30327,60790
Indeed Job Search,309735670,Indeed Job Search,apple,"Business, Utilities",Business,4+,248197120,16.0,2009-06-08T04:59:49Z,2025-09-22T01:31:26Z,280.0,0.0,True,4.7847,3604386,4.7847,3604386
Uber Driver,1131342792,Uber - Driver: Drive & Deliver,apple,"Business, Navigation",Business,4+,548155392,17.0,2016-10-18T19:07:11Z,2025-09-22T21:14:10Z,4.533.10001,0.0,True,4.45417,639900,4.45417,639900
ADP Mobile Solutions,444553167,ADP Mobile Solutions,apple,"Business, Finance",Business,4+,158493696,16.4,2011-07-13T14:01:08Z,2025-09-19T03:00:35Z,25.38.0,0.0,True,4.71371,3947578,4.71371,3947578
Snag - Jobs Hiring Now,333188676,Snagajob - Jobs Hiring Now,apple,Business,Business,4+,36471808,15.0,2009-11-03T22:02:38Z,2025-09-12T11:27:21Z,7.5.0,0.0,True,4.72495,138445,4.72495,138445
Docs To Go™ Free Office Suite,842842640,Google Docs,apple,"Productivity, Business",Productivity,4+,305206272,16.0,2014-04-30T16:02:23Z,2025-09-22T13:50:24Z,1.2025.38103,0.0,True,4.78807,2798447,4.78807,2798447
Google My Business,881599038,Google Analytics,apple,"Business, Productivity",Business,4+,81103872,15.0,2014-07-17T23:22:15Z,2025-07-09T22:59:48Z,4.13.6414,0.0,True,4.63199,5239,4.63199,5239
OfficeSuite : Free Office + PDF Editor,924005506,MobiOffice docs & PDF editor,apple,"Business, Productivity",Business,4+,224739328,17.0,2014-10-25T04:50:10Z,2025-09-23T11:16:48Z,12.10,0.0,True,4.70753,42709,4.70753,42709
USPS MOBILE®,339597578,USPS Mobile®,apple,"Business, Utilities",Business,4+,20929536,17.0,2009-12-03T04:50:12Z,2025-02-28T03:38:41Z,5.36.42,0.0,True,4.77677,1573154,4.77677,1573154
Job Search by ZipRecruiter,541933937,ZipRecruiter Job Search,apple,"Business, Lifestyle",Business,4+,78410752,16.0,2013-12-29T05:05:27Z,2025-09-17T23:48:06Z,125.0,0.0,True,4.86197,536553,4.86197,536553
Curriculum vitae App CV Builder Free Resume Maker,1047522998,Resume Builder⁺,apple,"Business, Productivity",Business,4+,50542592,14.0,2016-01-23T17:40:14Z,2025-05-27T19:34:31Z,4.5.6,0.0,True,4.82283,58169,4.82283,58169
Google Primer,881599038,Google Analytics,apple,"Business, Productivity",Business,4+,81103872,15.0,2014-07-17T23:22:15Z,2025-07-09T22:59:48Z,4.13.6414,0.0,True,4.63199,5239,4.63199,5239
Alba Heaven - Alvarez Job Portal Services,1580658663,randstad: jobs for workers,apple,Business,Business,4+,100379648,13.4,2021-11-12T08:00:00Z,2025-09-07T23:58:32Z,7.1.0,0.0,True,4.77053,7827,4.77053,7827
SuperLivePro,1058758642,SuperLive Plus,apple,"Business, Social Networking",Business,4+,129896448,12.1,2016-02-22T19:20:01Z,2025-09-25T05:04:13Z,1.16.5,0.0,True,3.87354,15799,3.87354,15799
Facebook Pages Manager,514643583,Meta Business Suite,apple,"Business, Social Networking",Business,4+,268607488,15.1,2012-05-22T00:21:31Z,2025-09-24T18:23:43Z,460.0,0.0,True,4.67234,422123,4.67234,422123
OfficeSuite Pro + PDF (Trial),364901807,Documents: File Manager & Docs,apple,"Productivity, Business",Productivity,17+,457869312,16.0,2010-04-01T20:43:11Z,2025-09-17T10:32:10Z,8.17.10,0.0,True,4.80227,603460,4.80227,603460
My Space - Employment Center,981800298,Ark of War: Aim for the cosmos,apple,"Games, Role Playing, Entertainment, Strategy",Games,12+,221743104,11.0,2016-03-30T01:24:23Z,2025-09-16T02:27:10Z,4.28.0,0.0,True,4.15299,8020,4.15299,8020
Box,290853822,Box: The Content Cloud,apple,"Productivity, Business",Productivity,4+,252390400,17.0,2019-02-12T08:00:00Z,2025-09-25T10:57:23Z,5.47.2,0.0,True,4.76504,188690,4.76504,188690
Polaris Office for LG,698070860,Polaris Office - PDF & Docs,apple,"Productivity, Business",Productivity,4+,242613248,13.0,2013-12-14T01:13:30Z,2025-09-17T08:50:12Z,9.8.19,0.0,True,4.42898,2450,4.42898,2450
Call Blocker,777875529,Verizon Call Filter,apple,"Utilities, Productivity",Utilities,4+,97399808,13.4,2017-06-22T13:28:16Z,2025-08-18T13:34:44Z,17.9,0.0,True,4.68932,243968,4.68932,243968
Jobs in Alabama - Jobs in Alba,548295291,AL.com: Alabama Football,apple,"Sports, News",Sports,4+,88907776,15.0,2012-08-10T21:54:58Z,2025-09-17T20:13:21Z,4.4.43,0.0,True,4.82078,6283,4.82078,6283
Square Point of Sale - POS,335393788,Square Point of Sale (POS),apple,"Business, Finance",Business,4+,1021613056,16.0,2010-04-03T04:42:05Z,2025-09-24T21:44:38Z,6.78,0.0,True,4.81222,563679,4.81222,563679
Plugin:AOT v5.0,979401801,Browser and Documents Manager,apple,"Utilities, Business",Utilities,17+,42122240,10.0,2016-02-20T10:32:32Z,2019-03-25T09:40:08Z,2.6,0.0,True,4.63718,123240,4.63718,123240
Kariyer.net,574794931,Kariyer.net job search,apple,"Business, Utilities",Business,4+,142056448,15.0,2012-11-08T18:20:18Z,2025-09-17T07:31:01Z,8.11.1,0.0,True,4.5956,999,4.5956,999
SEEK Job Search,309735670,Indeed Job Search,apple,"Business, Utilities",Business,4+,248197120,16.0,2009-06-08T04:59:49Z,2025-09-22T01:31:26Z,280.0,0.0,True,4.7847,3604386,4.7847,3604386
Become a Job - Find a job or advertise,309735670,Indeed Job Search,apple,"Business, Utilities",Business,4+,248197120,16.0,2009-06-08T04:59:49Z,2025-09-22T01:31:26Z,280.0,0.0,True,4.7847,3604386,4.7847,3604386
ZOOM Cloud Meetings,546505307,Zoom Workplace,apple,"Business, Productivity",Business,4+,351843328,15.0,2012-08-15T07:00:00Z,2025-09-15T18:03:46Z,6.6.0,0.0,True,4.64902,3016811,4.64902,3016811
Easy Installer - Apps On SD,979401801,Browser and Documents Manager,apple,"Utilities, Business",Utilities,17+,42122240,10.0,2016-02-20T10:32:32Z,2019-03-25T09:40:08Z,2.6,0.0,True,4.63718,123240,4.63718,123240
Facebook Ads Manager,964397083,Meta Ads Manager,apple,"Business, Social Networking",Business,4+,95269888,15.1,2015-02-24T12:36:14Z,2025-09-25T17:51:08Z,446.0,0.0,True,4.47192,40083,4.47192,40083
"IndiaMART: Search Products, Buy, Sell & Trade",668561641,IndiaMART: Buy & Sell Products,apple,"Business, Shopping",Business,12+,160898048,15.6,2014-04-18T03:53:02Z,2025-09-24T05:13:07Z,13.5.6,0.0,True,4.29157,3049,4.29157,3049
ViettelPost express delivery,1440565902,be - Multi-Service Platform,apple,"Navigation, Travel",Navigation,4+,288637952,13.0,2018-12-16T05:37:48Z,2025-09-19T04:22:06Z,3.6.151,0.0,True,4.83668,6270,4.83668,6270
MyASUS - Service Center,500929525,MyASUS,apple,Productivity,Productivity,4+,45860864,13.0,2012-02-22T22:06:30Z,2025-04-09T04:26:04Z,4.00.48,0.0,True,4.20497,644,4.20497,644
Job Korea - Career Jobs,589698942,Glassdoor | Jobs & Community,apple,"Business, Productivity",Business,17+,94831616,16.0,2013-01-11T01:31:30Z,2025-09-18T08:15:20Z,12.12.0,0.0,True,4.76455,707627,4.76455,707627
"104 Looking for a job - looking for a job, looking for a job, looking for a part-time job, health checkup, resume, treatment room",1436462309,JobGet: Search and Apply Fast,apple,Business,Business,4+,110076928,15.0,2019-02-25T04:19:15Z,2025-05-28T15:59:21Z,7.73.0,0.0,True,4.71584,10547,4.71584,10547
Myanmar 2D/3D,6446555600,2D3D Thailand,apple,Utilities,Utilities,4+,67130368,12.0,2023-04-10T07:00:00Z,2023-07-02T16:08:52Z,1.0.4,0.0,True,4.55307,179,4.55307,179
Quick PDF Scanner + OCR FREE,1291962681,Scanner ·,apple,"Business, Utilities",Business,4+,81673216,15.0,2017-10-05T07:21:24Z,2025-08-28T10:03:31Z,2.10.6,0.0,True,4.731,216557,4.731,216557
sABN,6449258793,Straight Arrow News | SAN,apple,"News, Magazines & Newspapers",News,12+,66068480,15.1,2023-08-04T07:00:00Z,2025-09-25T10:11:23Z,2.0.39,0.0,True,4.6742,4512,4.6742,4512
ATI Cargoes and Transportation,494386102,TQL Carrier Dashboard,apple,Business,Business,4+,48765952,16.0,2012-02-28T09:05:03Z,2025-09-24T02:00:23Z,10.0.0,0.0,True,4.9389,45021,4.9389,45021
Secure Folder,6740326416,Secure Folder : Private Vault,apple,Utilities,Utilities,4+,90224640,15.6,2025-03-28T07:00:00Z,2025-06-04T02:14:03Z,4.0,0.0,True,4.64179,67,4.64179,67
UPS Mobile,336377331,UPS,apple,"Business, Productivity",Business,4+,224744448,17.0,2009-10-29T03:14:23Z,2025-08-21T18:09:16Z,10.20.1,0.0,True,4.55591,581999,4.55591,581999
Y! Mobile menu,1545086676,Menu Maker: Design Creator,apple,"Food & Drink, Photo & Video",Food & Drink,4+,188477440,15.0,2021-01-22T08:00:00Z,2024-05-22T17:54:29Z,1.31.3,0.0,True,4.7716,2535,4.7716,2535
SignEasy | Sign and Fill PDF and other Documents,381786507,Signeasy－Sign Documents App,apple,"Productivity, Business",Productivity,12+,238559232,16.0,2010-07-20T16:12:05Z,2025-09-12T09:57:51Z,18.0.0,0.0,True,4.85784,33412,4.85784,33412
Genius Scan - PDF Scanner,377672876,Scanner App: Genius Scan,apple,"Business, Productivity",Business,4+,61124608,15.0,2010-06-22T07:04:27Z,2025-09-22T09:04:07Z,8.3,0.0,True,4.90048,1262332,4.90048,1262332
Tiny Scanner - PDF Scanner App,595563753,PDF Scanner App - Tiny Scanner,apple,"Business, Productivity",Business,4+,213683200,15.0,2013-01-31T21:11:16Z,2025-08-30T01:13:16Z,8.9.1,0.0,True,4.81747,160554,4.81747,160554
Fast Scanner : Free PDF Scan,1291962681,Scanner ·,apple,"Business, Utilities",Business,4+,81673216,15.0,2017-10-05T07:21:24Z,2025-08-28T10:03:31Z,2.10.6,0.0,True,4.731,216557,4.731,216557
Mobile Doc Scanner (MDScan) Lite,1291962681,Scanner ·,apple,"Business, Utilities",Business,4+,81673216,15.0,2017-10-05T07:21:24Z,2025-08-28T10:03:31Z,2.10.6,0.0,True,4.731,216557,4.731,216557
TurboScan: scan documents and receipts in PDF,342548956,TurboScan™ Pro: PDF scanner,apple,"Business, Productivity",Business,4+,20754432,12.0,2009-12-07T17:46:12Z,2025-09-12T21:03:03Z,3.3.8,9.99,False,4.92558,289711,4.92558,289711
Tiny Scanner Pro: PDF Doc Scan,1291962681,Scanner ·,apple,"Business, Utilities",Business,4+,81673216,15.0,2017-10-05T07:21:24Z,2025-08-28T10:03:31Z,2.10.6,0.0,True,4.731,216557,4.731,216557
Zenefits,1026354905,TriNet HR Platform,apple,"Business, Productivity",Business,4+,29603840,12.0,2016-01-27T08:03:10Z,2025-09-15T15:31:54Z,3.24.3,0.0,True,4.08941,425,4.08941,425
Google Ads,1037457231,Google Ads,apple,"Business, Utilities",Business,4+,252754944,15.0,2016-01-28T17:54:16Z,2025-09-24T03:23:57Z,3.16.807083888,0.0,True,4.4192,4282,4.4192,4282
Slack,618783545,Slack,apple,"Business, Productivity",Business,17+,417373184,16.0,2013-03-20T19:23:34Z,2025-09-24T19:01:15Z,25.09.40,0.0,True,3.89271,29472,3.89271,29472
FreshBooks Classic,584606479,QuickBooks Business Accounting,apple,"Business, Finance",Business,4+,597472256,16.0,2013-02-14T02:07:40Z,2025-09-23T15:40:28Z,25.09.5,0.0,True,4.73106,218774,4.73106,218774
Insightly CRM,563017797,Insightly CRM,apple,"Business, Productivity",Business,4+,214564864,13.0,2012-10-05T17:53:11Z,2024-11-08T20:15:38Z,4.12.1,0.0,True,4.32042,284,4.32042,284
QuickBooks Accounting: Invoicing & Expenses,584606479,QuickBooks Business Accounting,apple,"Business, Finance",Business,4+,597472256,16.0,2013-02-14T02:07:40Z,2025-09-23T15:40:28Z,25.09.5,0.0,True,4.73106,218774,4.73106,218774
HipChat - Chat Built for Teams,1163852619,Google Chat,apple,"Business, Productivity",Business,4+,421587968,16.0,2018-02-28T13:37:21Z,2025-09-22T18:50:41Z,1.0.390,0.0,True,4.64538,287621,4.64538,287621
Xero Accounting Software,441880705,Xero Accounting for business,apple,"Business, Finance",Business,4+,287613952,16.0,2011-07-29T04:43:19Z,2025-09-17T02:34:52Z,10.86.0,0.0,True,4.59675,1354,4.59675,1354
"MailChimp - Email, Marketing Automation",366794783,Mailchimp Email Marketing,apple,"Business, Productivity",Business,4+,231926784,17.0,2010-04-13T00:36:56Z,2025-09-15T14:03:20Z,6.82,0.0,True,4.85557,50341,4.85557,50341
Crew - Free Messaging and Scheduling,922995624,Sling: Employee Scheduling App,apple,"Business, Social Networking",Business,4+,50601984,13.4,2014-11-03T02:06:26Z,2025-05-21T07:33:49Z,1.90.74,0.0,True,4.6941,27251,4.6941,27251
Asana: organize team projects,489969512,Asana: Work Management,apple,"Business, Productivity",Business,4+,143586304,17.0,2011-12-21T17:00:32Z,2025-09-22T13:25:44Z,10.59.0,0.0,True,4.69315,15434,4.69315,15434
Google Analytics,881599038,Google Analytics,apple,"Business, Productivity",Business,4+,81103872,15.0,2014-07-17T23:22:15Z,2025-07-09T22:59:48Z,4.13.6414,0.0,True,4.63199,5239,4.63199,5239
AdWords Express,1037457231,Google Ads,apple,"Business, Utilities",Business,4+,252754944,15.0,2016-01-28T17:54:16Z,2025-09-24T03:23:57Z,3.16.807083888,0.0,True,4.4192,4282,4.4192,4282
Accounting App - Zoho Books,710446064,Accounting App - Zoho Books,apple,"Business, Finance",Business,4+,352132096,16.0,2014-01-02T11:30:37Z,2025-09-22T04:46:42Z,5.1.4,0.0,True,4.81253,3942,4.81253,3942
Invoice & Time Tracking - Zoho,413017364,Zoho Invoice Maker App,apple,"Business, Finance",Business,4+,414952448,16.0,2011-01-08T03:19:33Z,2025-09-21T02:30:50Z,5.1.1,0.0,True,4.86407,10358,4.86407,10358
join.me - Simple Meetings,409811927,join.me - Simple Meetings,apple,"Business, Productivity",Business,4+,122553344,10.0,2011-02-02T08:00:00Z,2020-12-07T07:11:20Z,5.7.7,0.0,True,4.20619,1906,4.20619,1906
Invoice 2go — Professional Invoices and Estimates,540236748,Invoice2go: Easy Invoice Maker,apple,"Business, Finance",Business,4+,188128256,15.0,2012-08-07T06:59:55Z,2025-07-24T08:30:27Z,11.166.0,0.0,True,4.85025,52886,4.85025,52886
Cisco Webex Meetings,298844386,Webex Meetings,apple,"Business, Productivity",Business,4+,213438464,13.0,2009-01-06T08:00:00Z,2025-08-20T22:18:23Z,45.6.1,0.0,True,4.62418,898207,4.62418,898207
ScreenMeet. Easy Phone Meeting,1144872364,TeamViewer Meeting,apple,"Productivity, Utilities",Productivity,4+,50444288,13.0,2016-11-10T08:53:17Z,2024-11-04T10:42:59Z,15.44.3,0.0,True,4.22128,940,4.22128,940
Cisco Webex Teams,833967564,Webex,apple,"Business, Productivity",Business,4+,733118464,16.0,2014-09-13T00:20:47Z,2025-09-24T17:16:26Z,45.9.2,0.0,True,4.57648,8368,4.57648,8368
Microsoft Remote Desktop,714464092,Windows App Mobile,apple,"Business, Productivity",Business,4+,179543040,17.0,2013-10-18T03:43:05Z,2025-09-22T15:51:32Z,11.2.0,0.0,True,4.11032,6499,4.11032,6499
Start Meeting,508871606,Start Meeting,apple,"Business, Productivity",Business,4+,120900608,10.0,2012-03-16T19:02:55Z,2022-06-20T10:15:44Z,3.0.57,0.0,True,4.15,180,4.15,180
ClickMeeting Webinars,1141803571,ClickMeeting Webinars Meetings,apple,"Business, Productivity",Business,4+,94557184,13.0,2016-10-13T12:31:05Z,2025-07-21T12:13:18Z,5.9.7,0.0,True,3.61765,34,3.61765,34
BlueJeans for Android,339041767,Abercrombie & Fitch,apple,"Shopping, Lifestyle",Shopping,9+,100646912,17.0,2009-12-10T17:30:58Z,2025-09-08T12:04:09Z,10.21.0,0.0,True,4.89015,270998,4.89015,270998
Skype for Business for Android,605841731,Skype for Business,apple,"Business, Productivity",Business,4+,84004864,15.0,2013-03-12T07:00:00Z,2025-06-10T03:45:59Z,6.34.119,0.0,True,4.31114,16240,4.31114,16240
Verify - Receipts & Expenses,1538521095,"SimplyWise: Receipts, Expenses",apple,"Finance, Business",Finance,17+,164654080,15.0,2020-12-05T08:00:00Z,2025-07-08T12:34:06Z,0.81.2,0.0,True,4.84748,28461,4.84748,28461
LINE WEBTOON - Free Comics,894546091,"WEBTOON: Manga, Comics, Manhwa",apple,Entertainment,Entertainment,12+,182919168,15.0,2014-07-13T04:40:12Z,2025-09-25T00:13:06Z,3.7.10,0.0,True,4.76596,431873,4.76596,431873
Manga Master - Best manga & comic reader,421486286,VIZ Manga,apple,"Books, Entertainment",Book,12+,37297152,16.4,2011-05-02T07:00:00Z,2025-09-17T14:19:20Z,7.6.7,0.0,True,4.84945,71080,4.84945,71080
GANMA! - All original stories free of charge for all original comics,1536116642,Manta: Comics & Novels,apple,"Books, Entertainment",Book,17+,86747136,15.1,2020-11-13T08:00:00Z,2025-09-25T01:36:41Z,25.9.429,0.0,True,4.70242,26356,4.70242,26356
Röhrich Werner Soundboard,1347840679,Meme Soundboard 2016-2025,apple,Entertainment,Entertainment,12+,283099136,15.0,2018-03-09T12:37:50Z,2025-09-21T06:57:11Z,3.16.5,0.0,True,4.83403,88469,4.83403,88469
Unicorn Pokez - Color By Number,1293646758,UNICORN: Color by Number Games,apple,"Entertainment, Lifestyle",Entertainment,12+,161591296,13.0,2017-10-27T01:22:20Z,2025-07-25T06:19:01Z,6.2.0,0.0,True,4.69004,460782,4.69004,460782
MangaToon - Comics updated Daily,1385287093,MangaToon: Comic & Manga,apple,Books,Book,12+,99574784,13.0,2018-07-03T22:45:23Z,2025-09-26T01:33:12Z,3.30.06,0.0,True,4.48184,4464,4.48184,4464
Manga Net – Best Online Manga Reader,421486286,VIZ Manga,apple,"Books, Entertainment",Book,12+,37297152,16.4,2011-05-02T07:00:00Z,2025-09-17T14:19:20Z,7.6.7,0.0,True,4.84945,71080,4.84945,71080
Manga Rock - Best Manga Reader,1579203943,Manga Reader ㅤ,apple,Books,Book,12+,66141184,15.0,2021-08-04T07:00:00Z,2025-08-19T11:20:45Z,1.5.9,0.0,True,4.49106,16452,4.49106,16452
Manga - read Thai translation,1385287093,MangaToon: Comic & Manga,apple,Books,Book,12+,99574784,13.0,2018-07-03T22:45:23Z,2025-09-26T01:33:12Z,3.30.06,0.0,True,4.48184,4464,4.48184,4464
The Vietnam Story - Fun Stories,6596772399,Find a Name - Vietnam Memorial,apple,"Reference, Travel",Reference,4+,92390400,16.4,2024-11-04T08:00:00Z,2025-07-16T20:32:38Z,1.0.1,0.0,True,5.0,1,5.0,1
Dragon Ball Wallpaper - Ringtones,1358222641,DRAGON BALL LEGENDS,apple,"Games, Role Playing, Entertainment, Action",Games,12+,495709184,13.0,2018-05-31T09:06:23Z,2025-09-22T06:20:18Z,6.9.0,0.0,True,4.76752,770654,4.76752,770654
Funny Jokes Photos,448999087,theCHIVE,apple,"Entertainment, Photo & Video",Entertainment,4+,49673216,15.0,2011-10-24T07:00:00Z,2025-09-10T12:53:27Z,2.8.2,0.0,True,4.56111,168069,4.56111,168069
Truyện Vui Tý Quậy,1441121601,Fun Of Magnetic Car Driving,apple,"Games, Casual, Simulation, Entertainment",Games,4+,172661760,6.0,2018-12-23T08:02:59Z,2018-12-23T08:02:59Z,1.0,0.0,True,0.0,0,0.0,0
Comic Es - Shojo manga / love comics free of charge ♪ ♪,1536116642,Manta: Comics & Novels,apple,"Books, Entertainment",Book,17+,86747136,15.1,2020-11-13T08:00:00Z,2025-09-25T01:36:41Z,25.9.429,0.0,True,4.70242,26356,4.70242,26356
comico Popular Original Cartoon Updated Everyday Comico,1508120751,ToonMe: AI Cartoon Face Maker,apple,Photo & Video,Photo & Video,4+,204465152,13.0,2020-04-20T07:00:00Z,2025-09-22T09:41:38Z,0.11.26,0.0,True,4.74084,112380,4.74084,112380
Daily Manga - Comic & Webtoon,894546091,"WEBTOON: Manga, Comics, Manhwa",apple,Entertainment,Entertainment,12+,182919168,15.0,2014-07-13T04:40:12Z,2025-09-25T00:13:06Z,3.7.10,0.0,True,4.76596,431873,4.76596,431873
"漫咖 Comics - Manga,Novel and Stories",974639132,漫咖-不只有漫畫,apple,Books,Book,12+,138262528,12.0,2018-03-28T06:40:53Z,2025-01-03T03:31:05Z,4.9.9,0.0,True,4.36118,335,4.36118,335
Emmanuella Funny Videos 2018,429610587,iFunny－funny videos，memes，GIFs,apple,"Entertainment, Photo & Video",Entertainment,17+,249390080,15.0,2011-04-26T07:02:57Z,2025-09-10T08:24:36Z,10.25.12,0.0,True,4.27787,118416,4.27787,118416
DC Comics,1329018000,DC UNIVERSE INFINITE,apple,"Entertainment, Books",Entertainment,12+,158582784,16.0,2018-09-14T16:48:36Z,2025-08-26T19:06:39Z,3.25.0,0.0,True,4.67867,57981,4.67867,57981
Manga Zero - Japanese cartoon and comic reader,894546091,"WEBTOON: Manga, Comics, Manhwa",apple,Entertainment,Entertainment,12+,182919168,15.0,2014-07-13T04:40:12Z,2025-09-25T00:13:06Z,3.7.10,0.0,True,4.76596,431873,4.76596,431873
Marvel Unlimited,607205403,Marvel Unlimited,apple,"Books, Entertainment",Book,12+,71900160,16.0,2013-03-07T08:00:00Z,2025-09-25T14:37:00Z,7.93.0,0.0,True,4.77108,59121,4.77108,59121
"Tapas – Comics, Novels, and Stories",578836126,Tapas – Comics and Novels,apple,"Books, Entertainment",Book,17+,83884032,14.0,2012-11-28T08:00:00Z,2025-05-26T02:07:08Z,7.11.0,0.0,True,4.56783,43710,4.56783,43710
Children's cartoons (Mithu-Mina-Raju),936971630,YouTube Kids,apple,"Entertainment, Education",Entertainment,4+,197515264,16.0,2015-02-23T15:43:34Z,2025-09-23T00:07:17Z,10.38,0.0,True,4.65613,2675975,4.65613,2675975
Narrator's Voice,1061319002,Narrator's voice,apple,Entertainment,Entertainment,4+,110863360,15.6,2015-11-30T22:54:09Z,2025-09-25T09:51:10Z,15.0.4,0.0,True,4.54035,9405,4.54035,9405
【Ranobbe complete free】 Novelba - Free app that you can read and write novels,1547565419,BueNovela - leer novela libro,apple,Books,Book,12+,99922944,13.0,2021-01-15T08:00:00Z,2025-09-17T12:44:32Z,2.2.3,0.0,True,4.75567,13322,4.75567,13322
Faustop Sounds,417935072,Fun Sounds LOL,apple,"Entertainment, Family, Music, Games",Entertainment,4+,20997120,12.0,2011-03-04T22:22:27Z,2020-11-28T21:44:26Z,2021.3,0.0,True,4.01241,403,4.01241,403
Manga Mania - Best online manga reader,421486286,VIZ Manga,apple,"Books, Entertainment",Book,12+,37297152,16.4,2011-05-02T07:00:00Z,2025-09-17T14:19:20Z,7.6.7,0.0,True,4.84945,71080,4.84945,71080
- Free Comics - Comic Apps,1536116642,Manta: Comics & Novels,apple,"Books, Entertainment",Book,17+,86747136,15.1,2020-11-13T08:00:00Z,2025-09-25T01:36:41Z,25.9.429,0.0,True,4.70242,26356,4.70242,26356
Manga AZ - Manga Comic Reader,421486286,VIZ Manga,apple,"Books, Entertainment",Book,12+,37297152,16.4,2011-05-02T07:00:00Z,2025-09-17T14:19:20Z,7.6.7,0.0,True,4.84945,71080,4.84945,71080
Buff Thun - Daily Free Webtoon / Comics / Web Fiction / Mini Game,894546091,"WEBTOON: Manga, Comics, Manhwa",apple,Entertainment,Entertainment,12+,182919168,15.0,2014-07-13T04:40:12Z,2025-09-25T00:13:06Z,3.7.10,0.0,True,4.76596,431873,4.76596,431873
pixiv comic - everyone's manga app,337248563,pixiv,apple,"Social Networking, Lifestyle",Social Networking,17+,94935040,15.0,2009-12-09T05:43:57Z,2025-09-25T01:44:29Z,8.2.11,0.0,True,4.56254,6220,4.56254,6220
Funny Jokes and Stories 2018,892525499,Laugh My App Off - Funny Jokes,apple,"Entertainment, Reference",Entertainment,12+,172602368,15.0,2014-07-24T20:07:21Z,2024-09-21T23:45:46Z,5.66.0,0.0,True,4.66438,24972,4.66438,24972
Hojiboy Tojiboyev Life Hacks,1374403536,BitLife - Life Simulator,apple,"Games, Role Playing, Simulation",Games,17+,302018560,13.0,2018-09-30T04:46:01Z,2025-09-19T20:15:13Z,3.20.6,0.0,True,4.76112,1736151,4.76112,1736151
Perfect Viewer,1309007086,Manga Viewer - CBZ(CBR) Reader,apple,"Books, Lifestyle",Book,4+,74161152,14.0,2017-11-09T00:09:00Z,2025-08-29T22:16:39Z,1.352,0.0,True,4.75884,311,4.75884,311
"Best Wallpapers Backgrounds(100,000+ 4K HD)",1198467809,HD Wallpapers and Backgrounds.,apple,"Lifestyle, Utilities",Lifestyle,9+,86177792,14.0,2017-11-10T09:37:58Z,2023-09-06T18:12:40Z,3.1,0.0,True,4.49796,13822,4.49796,13822
think Comics,894546091,"WEBTOON: Manga, Comics, Manhwa",apple,Entertainment,Entertainment,12+,182919168,15.0,2014-07-13T04:40:12Z,2025-09-25T00:13:06Z,3.7.10,0.0,True,4.76596,431873,4.76596,431873
Memes Button,1644081939,Meme Instants,apple,"Entertainment, Utilities",Entertainment,17+,135370752,15.1,2022-09-14T07:00:00Z,2025-03-18T18:40:39Z,5.2.1,0.0,True,4.74847,163,4.74847,163
"Laftel - Watching and Announcing Snooping, Streaming",1531467766,"ViX: TV, Sports and News",apple,"Entertainment, Sports",Entertainment,12+,174368768,15.0,2021-02-28T08:00:00Z,2025-09-19T14:12:19Z,4.38.1,0.0,True,4.65719,130616,4.65719,130616
Messenger – Text and Video Chat for Free,454638411,Messenger,apple,"Social Networking, Productivity",Social Networking,12+,184194048,15.1,2011-08-09T19:49:28Z,2025-09-23T23:35:16Z,526.0.0,0.0,True,4.64637,9916482,4.64637,9916482
WhatsApp Messenger,310633997,WhatsApp Messenger,apple,"Social Networking, Utilities",Social Networking,12+,239306752,15.1,2009-05-04T02:43:49Z,2025-09-22T15:45:33Z,25.26.72,0.0,True,4.69197,16504953,4.69197,16504953
Messenger for SMS,454638411,Messenger,apple,"Social Networking, Productivity",Social Networking,12+,184194048,15.1,2011-08-09T19:49:28Z,2025-09-23T23:35:16Z,526.0.0,0.0,True,4.64637,9916482,4.64637,9916482
Google Chrome: Fast & Secure,535886823,Google Chrome,apple,"Utilities, Productivity",Utilities,17+,331735040,17.0,2012-06-28T19:57:38Z,2025-09-24T17:19:23Z,141.0.7390.41,0.0,True,4.68565,2616907,4.68565,2616907
Messenger Lite: Free Calls & Messages,454638411,Messenger,apple,"Social Networking, Productivity",Social Networking,12+,184194048,15.1,2011-08-09T19:49:28Z,2025-09-23T23:35:16Z,526.0.0,0.0,True,4.64637,9916482,4.64637,9916482
Gmail,422689480,Gmail - Email by Google,apple,"Productivity, Social Networking",Productivity,4+,714161152,17.0,2011-11-02T17:13:30Z,2025-09-22T19:45:37Z,6.0.250915,0.0,True,4.71638,2351628,4.71638,2351628
Hangouts,1163852619,Google Chat,apple,"Business, Productivity",Business,4+,421587968,16.0,2018-02-28T13:37:21Z,2025-09-22T18:50:41Z,1.0.390,0.0,True,4.64538,287621,4.64538,287621
Viber Messenger,382617920,Rakuten Viber Messenger,apple,"Social Networking, Utilities",Social Networking,12+,319066112,15.2,2010-12-02T11:10:02Z,2025-09-18T17:52:11Z,26.2.0,0.0,True,4.6047,802204,4.6047,802204
My Tele2,1541641406,Tele2 Kazakhstan,apple,Utilities,Utilities,4+,116604928,15.0,2020-11-29T08:00:00Z,2025-09-22T05:58:54Z,1.73.0,0.0,True,4.59075,562,4.59075,562
Firefox Browser fast & private,989804926,Firefox: Private Web Browser,apple,"Utilities, Productivity",Utilities,17+,373603328,15.0,2015-11-12T05:17:25Z,2025-09-18T13:38:46Z,143.0.1,0.0,True,4.6331,171245,4.6331,171245
Yahoo Mail – Stay Organized,577586159,Yahoo Mail,apple,"Productivity, Utilities",Productivity,4+,329981952,17.0,2012-12-11T04:22:39Z,2025-09-10T03:16:55Z,7.72.1,0.0,True,4.70213,4286202,4.70213,4286202
imo beta free calls and text,397648381,Talkatone: WiFi Text & Calls,apple,"Social Networking, Lifestyle",Social Networking,17+,72583168,14.0,2010-10-27T19:33:26Z,2025-08-30T13:39:39Z,6.8.6,0.0,True,4.70538,134257,4.70538,134257
imo free video calls and chat,627958823,JusTalk - Video Chat & Calls,apple,"Social Networking, Utilities",Social Networking,12+,270980096,12.0,2013-04-05T21:29:48Z,2025-09-23T13:29:02Z,8.9.18,0.0,True,4.41916,64916,4.41916,64916
Contacts,1069512615,Contacts,apple,Utilities,Utilities,4+,3545088,10.0,2016-05-26T21:15:49Z,2025-09-15T22:27:09Z,1.5,0.0,True,3.51267,2881,3.51267,2881
Call Free – Free Call,338088432,Free Tone - Calling & Texting,apple,"Social Networking, Utilities",Social Networking,4+,206149632,16.0,2010-03-02T18:34:29Z,2025-08-29T22:39:03Z,3.44.7,1.99,False,4.70728,62371,4.70728,62371
Web Browser & Explorer,1411869974,Opera: AI browser with VPN,apple,Utilities,Utilities,17+,97125376,15.0,2018-10-02T04:10:26Z,2025-09-18T17:13:24Z,6.1.2,0.0,True,4.70113,208986,4.70113,208986
Opera Mini - fast web browser,1411869974,Opera: AI browser with VPN,apple,Utilities,Utilities,17+,97125376,15.0,2018-10-02T04:10:26Z,2025-09-18T17:13:24Z,6.1.2,0.0,True,4.70113,208986,4.70113,208986
Browser 4G,1411869974,Opera: AI browser with VPN,apple,Utilities,Utilities,17+,97125376,15.0,2018-10-02T04:10:26Z,2025-09-18T17:13:24Z,6.1.2,0.0,True,4.70113,208986,4.70113,208986
MegaFon Dashboard,1581302645,Seis: banca móvil en español,apple,"Finance, Utilities",Finance,4+,130037760,16.4,2021-09-17T07:00:00Z,2025-09-05T10:47:25Z,3.8.7,0.0,True,4.85608,67592,4.85608,67592
ZenUI Dialer & Contacts,318698524,Google Voice,apple,Productivity,Productivity,4+,176322560,18.0,2010-11-16T19:14:42Z,2025-09-19T18:26:55Z,25.37,0.0,True,4.30327,60790,4.30327,60790
Cricket Visual Voicemail,626392754,myCricket App,apple,"Utilities, Productivity",Utilities,12+,91508736,15.0,2013-05-06T07:00:00Z,2025-08-19T15:29:34Z,4.3.3,0.0,True,4.66561,128285,4.66561,128285
Opera Browser: Fast and Secure,1411869974,Opera: AI browser with VPN,apple,Utilities,Utilities,17+,97125376,15.0,2018-10-02T04:10:26Z,2025-09-18T17:13:24Z,6.1.2,0.0,True,4.70113,208986,4.70113,208986
TracFone My Account,960103387,Tracfone Wireless My Account,apple,"Utilities, Productivity",Utilities,4+,137924608,16.0,2015-02-13T23:50:42Z,2025-09-04T06:04:42Z,8.3.8,0.0,True,4.72401,53541,4.72401,53541
Firefox Focus: The privacy browser,1055677337,Firefox Focus: Privacy browser,apple,"Utilities, Productivity",Utilities,17+,85016576,15.0,2015-12-08T15:04:41Z,2025-09-14T22:10:47Z,143.0,0.0,True,4.66212,76399,4.66212,76399
Google Voice,318698524,Google Voice,apple,Productivity,Productivity,4+,176322560,18.0,2010-11-16T19:14:42Z,2025-09-19T18:26:55Z,25.37,0.0,True,4.30327,60790,4.30327,60790
Chrome Dev,535886823,Google Chrome,apple,"Utilities, Productivity",Utilities,17+,331735040,17.0,2012-06-28T19:57:38Z,2025-09-24T17:19:23Z,141.0.7390.41,0.0,True,4.68565,2616907,4.68565,2616907
Xperia Link™,6443686328,Link to Windows,apple,"Productivity, Utilities",Productivity,4+,103833600,16.6,2023-02-28T08:00:00Z,2025-09-09T01:03:43Z,1.25082.12,0.0,True,3.88421,7721,3.88421,7721
TouchPal Keyboard - Fun Emoji & Android Keyboard,1035199024,Kika Keyboard: Custom Themes,apple,"Utilities, Entertainment",Utilities,17+,172010496,13.0,2015-10-13T00:00:25Z,2025-09-20T04:17:55Z,5.4.0,0.0,True,4.56592,290570,4.56592,290570
Who,6444837964,whoo - Meet Your Friends,apple,"Social Networking, Entertainment",Social Networking,9+,544803840,15.0,2022-12-14T08:00:00Z,2025-09-23T10:22:58Z,0.38.1,0.0,True,4.58503,1082,4.58503,1082
Skype Lite - Free Video Call & Chat,627958823,JusTalk - Video Chat & Calls,apple,"Social Networking, Utilities",Social Networking,12+,270980096,12.0,2013-04-05T21:29:48Z,2025-09-23T13:29:02Z,8.9.18,0.0,True,4.41916,64916,4.41916,64916
WeChat,414478124,WeChat,apple,"Social Networking, Productivity",Social Networking,12+,759285760,14.0,2011-01-21T01:32:15Z,2025-09-05T02:00:54Z,8.0.63,0.0,True,3.969,77095,3.969,77095
UC Browser Mini -Tiny Fast Private & Secure,1411869974,Opera: AI browser with VPN,apple,Utilities,Utilities,17+,97125376,15.0,2018-10-02T04:10:26Z,2025-09-18T17:13:24Z,6.1.2,0.0,True,4.70113,208986,4.70113,208986
WhatsApp Business,1386412985,WhatsApp Business,apple,"Business, Productivity",Business,12+,256041984,15.1,2019-04-05T05:53:41Z,2025-09-22T15:47:10Z,25.26.72,0.0,True,4.71711,1227724,4.71711,1227724
My magenta,407932476,MeinMagenta: Handy & Festnetz,apple,"Utilities, Productivity",Utilities,4+,497725440,16.0,2014-06-12T03:39:10Z,2025-09-01T09:11:40Z,26.2514.3,0.0,True,4.01955,2251,4.01955,2251
Android Messages,1163852619,Google Chat,apple,"Business, Productivity",Business,4+,421587968,16.0,2018-02-28T13:37:21Z,2025-09-22T18:50:41Z,1.0.390,0.0,True,4.64538,287621,4.64538,287621
Telegram,686449807,Telegram Messenger,apple,"Social Networking, Productivity",Social Networking,17+,153098240,13.0,2013-08-14T07:00:00Z,2025-09-05T22:07:56Z,12.0,0.0,True,4.01689,235998,4.01689,235998
Google Duo - High Quality Video Calls,422663827,Duo Mobile,apple,"Business, Utilities",Business,4+,33065984,16.0,2011-03-08T19:13:05Z,2025-09-22T16:47:27Z,4.98.0,0.0,True,4.87798,1783463,4.87798,1783463
Puffin Web Browser,472937654,Puffin Cloud Browser,apple,"Utilities, Productivity",Utilities,17+,89274368,8.0,2012-01-07T03:08:12Z,2023-02-15T22:17:28Z,5.2.9,0.0,True,3.95672,6677,3.95672,6677
Seznam.cz,950278657,Seznam.cz,apple,"Utilities, Productivity",Utilities,17+,182973440,17.0,2015-01-08T23:31:51Z,2025-09-12T17:23:37Z,14.3.0,0.0,True,4.77304,141,4.77304,141
Antillean Gold Telegram (original version),592278970,Harem Altın - Gold & Currency,apple,"Finance, Reference",Finance,4+,18865152,11.0,2013-01-11T23:43:34Z,2025-09-19T15:10:10Z,5.3.5,0.0,True,4.72326,6974,4.72326,6974
AT&T Visual Voicemail,309172177,myAT&T,apple,"Utilities, Productivity",Utilities,4+,114181120,17.0,2009-05-01T07:00:00Z,2025-08-25T09:15:48Z,2025.8.0,0.0,True,4.03031,4052616,4.03031,4052616
GMX Mail,417352269,GMX - Mail & Cloud,apple,"Productivity, News",Productivity,4+,86552576,17.0,2011-04-01T18:46:08Z,2025-09-23T13:27:10Z,9.39,0.0,True,4.67311,15990,4.67311,15990
Omlet Chat,6742767989,Lazzi: Video & Private Chat,apple,Social Networking,Social Networking,17+,18920448,13,2025-06-03T07:00:00Z,2025-06-03T07:00:00Z,1.0.4,0.0,True,4.86383,235,4.86383,235
UC Browser - Fast Download Private & Secure,1048518592,UC Browser,apple,"Utilities, Entertainment",Utilities,17+,586945536,12.0,2015-11-23T08:21:48Z,2025-09-22T01:51:10Z,12.0.8.1224,0.0,True,4.39093,4699,4.39093,4699
My Vodacom SA,386764438,My Vodafone,apple,"Utilities, Business",Utilities,4+,222671872,16.0,2016-09-16T15:04:57Z,2025-09-24T07:48:19Z,4.17.0,0.0,True,2.87363,546,2.87363,546
Microsoft Edge,1288723196,Microsoft Edge: AI Browser,apple,"Utilities, Productivity",Utilities,17+,420459520,17.0,2017-11-30T08:21:03Z,2025-09-22T02:19:56Z,140.3485.81,0.0,True,4.71681,408050,4.71681,408050
Hangouts Dialer - Call Phones,444741112,Pinger: Call Plus Texting App,apple,"Utilities, Productivity",Utilities,12+,174068736,16.0,2012-06-04T17:39:20Z,2025-09-16T17:22:13Z,v13.1.1,0.0,True,4.6717,59887,4.6717,59887
"Talkatone: Free Texts, Calls & Phone Number",397648381,Talkatone: WiFi Text & Calls,apple,"Social Networking, Lifestyle",Social Networking,17+,72583168,14.0,2010-10-27T19:33:26Z,2025-08-30T13:39:39Z,6.8.6,0.0,True,4.70538,134257,4.70538,134257
Calls & Text by Mo+,314716233,TextNow: Call + Text Unlimited,apple,"Social Networking, Utilities",Social Networking,4+,279130112,15.0,2009-05-07T01:45:28Z,2025-09-23T15:29:10Z,25.37.1,0.0,True,4.81121,854039,4.81121,854039
free video calls and chat,6745136657,Video Chat，Online Share - Rliy,apple,Social Networking,Social Networking,17+,74813440,14.0.0,2025-06-24T07:00:00Z,2025-08-13T02:50:53Z,1.6.0,0.0,True,4.84211,76,4.84211,76
Skype - free IM & video calls,627958823,JusTalk - Video Chat & Calls,apple,"Social Networking, Utilities",Social Networking,12+,270980096,12.0,2013-04-05T21:29:48Z,2025-09-23T13:29:02Z,8.9.18,0.0,True,4.41916,64916,4.41916,64916
"GO SMS Pro - Messenger, Free Themes, Emoji",454638411,Messenger,apple,"Social Networking, Productivity",Social Networking,12+,184194048,15.1,2011-08-09T19:49:28Z,2025-09-23T23:35:16Z,526.0.0,0.0,True,4.64637,9916482,4.64637,9916482
"Messaging+ SMS, MMS Free",399355755,Text Free: Second Call Number,apple,"Social Networking, Lifestyle",Social Networking,12+,173544448,16.0,2010-12-15T00:57:09Z,2025-09-17T16:33:13Z,v13.1.1,0.0,True,4.6834,526518,4.6834,526518
chomp SMS,1201534974,Reach: Fast SMS Text and Email,apple,"Productivity, Business",Productivity,4+,29589504,11.0,2017-02-02T22:39:17Z,2025-09-08T19:36:48Z,3.94,0.0,True,4.76598,6337,4.76598,6337
Glide - Video Chat Messenger,454638411,Messenger,apple,"Social Networking, Productivity",Social Networking,12+,184194048,15.1,2011-08-09T19:49:28Z,2025-09-23T23:35:16Z,526.0.0,0.0,True,4.64637,9916482,4.64637,9916482
Text SMS,314716233,TextNow: Call + Text Unlimited,apple,"Social Networking, Utilities",Social Networking,4+,279130112,15.0,2009-05-07T01:45:28Z,2025-09-23T15:29:10Z,25.37.1,0.0,True,4.81121,854039,4.81121,854039
Google Allo,1163852619,Google Chat,apple,"Business, Productivity",Business,4+,421587968,16.0,2018-02-28T13:37:21Z,2025-09-22T18:50:41Z,1.0.390,0.0,True,4.64538,287621,4.64538,287621
Talkray - Free Calls & Texts,627958823,JusTalk - Video Chat & Calls,apple,"Social Networking, Utilities",Social Networking,12+,270980096,12.0,2013-04-05T21:29:48Z,2025-09-23T13:29:02Z,8.9.18,0.0,True,4.41916,64916,4.41916,64916
LINE: Free Calls & Messages,443904275,LINE,apple,Social Networking,Social Networking,12+,383441920,17.0,2011-06-23T06:26:02Z,2025-09-24T02:00:04Z,15.16.0,0.0,True,3.2671,16896,3.2671,16896
GroupMe,392796698,GroupMe,apple,"Social Networking, Lifestyle",Social Networking,12+,401434624,15.0,2010-09-25T23:16:39Z,2025-09-09T19:03:06Z,7.137,0.0,True,4.72187,1559084,4.72187,1559084
mysms SMS Text Messaging Sync,1201534974,Reach: Fast SMS Text and Email,apple,"Productivity, Business",Productivity,4+,29589504,11.0,2017-02-02T22:39:17Z,2025-09-08T19:36:48Z,3.94,0.0,True,4.76598,6337,4.76598,6337
BBM - Free Calls & Messages,399355755,Text Free: Second Call Number,apple,"Social Networking, Lifestyle",Social Networking,12+,173544448,16.0,2010-12-15T00:57:09Z,2025-09-17T16:33:13Z,v13.1.1,0.0,True,4.6834,526518,4.6834,526518
KakaoTalk: Free Calls & Text,362057947,KakaoTalk : Messenger,apple,"Social Networking, Productivity",Social Networking,4+,545846272,16.0,2010-03-18T10:14:33Z,2025-09-25T23:22:26Z,25.8.2,0.0,True,3.22525,6708,3.22525,6708
2ndLine - Second Phone Number,1479964130,2nd Line - Second phone number,apple,"Business, Productivity",Business,4+,117895168,13.0,2019-12-30T08:00:00Z,2025-09-12T05:06:05Z,4.8,0.0,True,4.58936,12405,4.58936,12405
"CM Browser - Ad Blocker , Fast Download , Privacy",1052879175,Brave Browser & Search Engine,apple,"Utilities, Productivity",Utilities,17+,319734784,17.0,2016-02-19T18:55:32Z,2025-09-19T16:46:07Z,1.82,0.0,True,4.79452,511549,4.79452,511549
Ninesky Browser,1411869974,Opera: AI browser with VPN,apple,Utilities,Utilities,17+,97125376,15.0,2018-10-02T04:10:26Z,2025-09-18T17:13:24Z,6.1.2,0.0,True,4.70113,208986,4.70113,208986
"Dolphin Browser - Fast, Private & Adblock🐬",1411869974,Opera: AI browser with VPN,apple,Utilities,Utilities,17+,97125376,15.0,2018-10-02T04:10:26Z,2025-09-18T17:13:24Z,6.1.2,0.0,True,4.70113,208986,4.70113,208986
Ghostery Privacy Browser,663592361,"DuckDuckGo Browser, Search, AI",apple,"Utilities, Productivity",Utilities,17+,215536640,15.0,2013-06-27T07:00:00Z,2025-09-24T14:16:56Z,7.187.2,0.0,True,4.85144,2197325,4.85144,2197325
InBrowser - Incognito Browsing,6472513080,"Arc Search — Find it, Faster",apple,"Utilities, Productivity",Utilities,17+,228630528,16.0,2024-01-28T08:00:00Z,2025-09-24T12:00:57Z,1.44.3,0.0,True,4.88628,22055,4.88628,22055
Web Browser for Android,1411869974,Opera: AI browser with VPN,apple,Utilities,Utilities,17+,97125376,15.0,2018-10-02T04:10:26Z,2025-09-18T17:13:24Z,6.1.2,0.0,True,4.70113,208986,4.70113,208986
DU Browser—Browse fast & fun,940076212,Desktop Browser,apple,"Utilities, Productivity",Utilities,17+,9915392,17.0,2014-12-02T09:10:51Z,2025-05-20T08:13:40Z,10.00,0.0,True,4.47591,15543,4.47591,15543
Lightning Web Browser,940076212,Desktop Browser,apple,"Utilities, Productivity",Utilities,17+,9915392,17.0,2014-12-02T09:10:51Z,2025-05-20T08:13:40Z,10.00,0.0,True,4.47591,15543,4.47591,15543
Web Browser,989804926,Firefox: Private Web Browser,apple,"Utilities, Productivity",Utilities,17+,373603328,15.0,2015-11-12T05:17:25Z,2025-09-18T13:38:46Z,143.0.1,0.0,True,4.6331,171245,4.6331,171245
Puffin Browser Pro,472937654,Puffin Cloud Browser,apple,"Utilities, Productivity",Utilities,17+,89274368,8.0,2012-01-07T03:08:12Z,2023-02-15T22:17:28Z,5.2.9,0.0,True,3.95672,6677,3.95672,6677
Contacts+,579616837,Contacts+ | Address Book,apple,"Productivity, Utilities",Productivity,4+,54453248,15.0,2012-12-06T08:00:00Z,2024-07-02T17:24:36Z,24.7.0,0.0,True,4.54933,5727,4.54933,5727
ExDialer - Dialer & Contacts,319185557,Line2 - Second Phone Number,apple,"Productivity, Social Networking",Productivity,4+,50716672,14.0,2009-09-01T02:28:25Z,2025-09-23T15:17:00Z,12.22.4,0.0,True,4.39577,19337,4.39577,19337
PHONE for Google Voice & GTalk,318698524,Google Voice,apple,Productivity,Productivity,4+,176322560,18.0,2010-11-16T19:14:42Z,2025-09-19T18:26:55Z,25.37,0.0,True,4.30327,60790,4.30327,60790
Safest Call Blocker,986999874,Hiya: Spam Blocker & Caller ID,apple,"Utilities, Productivity",Utilities,4+,82128896,14.0,2015-07-29T23:18:18Z,2024-09-25T17:32:14Z,8.34,0.0,True,4.53843,233902,4.53843,233902
Full Screen Caller ID,448142450,Truecaller: Premium Caller ID,apple,"Utilities, Productivity",Utilities,4+,182107136,16.0,2012-03-28T21:20:44Z,2025-09-22T11:12:28Z,14.35,0.0,True,4.45099,246114,4.45099,246114
Hiya - Caller ID & Block,986999874,Hiya: Spam Blocker & Caller ID,apple,"Utilities, Productivity",Utilities,4+,82128896,14.0,2015-07-29T23:18:18Z,2024-09-25T17:32:14Z,8.34,0.0,True,4.53843,233902,4.53843,233902
Mr. Number-Block calls & spam,1047334922,Mr. Number Lookup & Call Block,apple,"Utilities, Reference",Utilities,4+,43782144,13.0,2015-10-29T10:22:33Z,2023-07-10T23:45:54Z,5.31,0.0,True,4.55478,99447,4.55478,99447
Should I Answer?,1199812713,Should I Answer,apple,Utilities,Utilities,4+,116712448,10,2017-03-21T17:36:14Z,2021-10-04T16:36:28Z,1.196,0.0,True,2.61339,463,2.61339,463
RocketDial Dialer & Contacts,448142450,Truecaller: Premium Caller ID,apple,"Utilities, Productivity",Utilities,4+,182107136,16.0,2012-03-28T21:20:44Z,2025-09-22T11:12:28Z,14.35,0.0,True,4.45099,246114,4.45099,246114
"CallApp: Caller ID, Blocker & Phone Call Recorder",986999874,Hiya: Spam Blocker & Caller ID,apple,"Utilities, Productivity",Utilities,4+,82128896,14.0,2015-07-29T23:18:18Z,2024-09-25T17:32:14Z,8.34,0.0,True,4.53843,233902,4.53843,233902
Whoscall - Caller ID & Block,929968679,Whoscall: Safer Together,apple,"Utilities, Productivity",Utilities,4+,472725504,17.0,2014-12-17T06:49:38Z,2025-09-22T06:17:02Z,4.2.0,0.0,True,4.72647,2753,4.72647,2753
CIA - Caller ID & Call Blocker,986999874,Hiya: Spam Blocker & Caller ID,apple,"Utilities, Productivity",Utilities,4+,82128896,14.0,2015-07-29T23:18:18Z,2024-09-25T17:32:14Z,8.34,0.0,True,4.53843,233902,4.53843,233902
Calls Blacklist - Call Blocker,6747810108,Calls Blacklist - Call Blocker,apple,"Utilities, Productivity",Utilities,17+,33889280,16,2025-06-26T07:00:00Z,2025-06-26T19:11:07Z,1.0,0.0,True,1.0,1,1.0,1
Call Control - Call Blocker,986999874,Hiya: Spam Blocker & Caller ID,apple,"Utilities, Productivity",Utilities,4+,82128896,14.0,2015-07-29T23:18:18Z,2024-09-25T17:32:14Z,8.34,0.0,True,4.53843,233902,4.53843,233902
True Contact - Real Caller ID,732367255,Real Caller : Caller id,apple,"Utilities, Social Networking",Utilities,4+,24764416,15.0,2013-12-03T07:14:05Z,2024-12-31T12:37:53Z,10.21,0.0,True,4.1335,3251,4.1335,3251
Video Caller Id,448142450,Truecaller: Premium Caller ID,apple,"Utilities, Productivity",Utilities,4+,182107136,16.0,2012-03-28T21:20:44Z,2025-09-22T11:12:28Z,14.35,0.0,True,4.45099,246114,4.45099,246114
Sync.ME – Caller ID & Block,340787494,Sync.ME - Caller ID & Contacts,apple,"Social Networking, Productivity",Social Networking,4+,157441024,15.6,2009-12-04T08:00:00Z,2025-09-16T13:11:23Z,11.23.7,0.0,True,4.39107,22093,4.39107,22093
Burner - Free Phone Number,505800761,Burner: Second Phone Number,apple,"Utilities, Productivity",Utilities,4+,185357312,16.0,2012-04-01T07:00:00Z,2025-09-23T15:38:52Z,6.18.0,0.0,True,4.70017,87203,4.70017,87203
"Truecaller: Caller ID, SMS spam blocking & Dialer",448142450,Truecaller: Premium Caller ID,apple,"Utilities, Productivity",Utilities,4+,182107136,16.0,2012-03-28T21:20:44Z,2025-09-22T11:12:28Z,14.35,0.0,True,4.45099,246114,4.45099,246114
Caller ID +,877286524,TrapCall: Reveal No Caller ID,apple,"Business, Lifestyle",Business,4+,117775360,15.6,2014-05-21T20:41:21Z,2025-09-22T10:17:03Z,8.0.34,0.0,True,4.20512,24162,4.20512,24162
K-9 Mail,979659905,Proton Mail - Encrypted Email,apple,"Productivity, Business",Productivity,4+,222797824,17.2,2016-03-17T05:30:26Z,2025-09-24T09:00:56Z,7.0.3,0.0,True,4.7477,35935,4.7477,35935
"myMail – Email for Hotmail, Gmail and Outlook Mail",951937596,Microsoft Outlook,apple,"Productivity, Business",Productivity,4+,369514496,18.0,2015-01-29T05:22:59Z,2025-09-23T19:50:13Z,4.2537.0,0.0,True,4.79517,8299325,4.79517,8299325
Email TypeApp - Mail App,577586159,Yahoo Mail,apple,"Productivity, Utilities",Productivity,4+,329981952,17.0,2012-12-11T04:22:39Z,2025-09-10T03:16:55Z,7.72.1,0.0,True,4.70213,4286202,4.70213,4286202
All Email Providers,922793622,Email - Edison Mail,apple,"Productivity, Business",Productivity,4+,203052032,15.0,2016-04-27T11:20:32Z,2025-08-27T10:15:55Z,1.65.01,0.0,True,4.52759,74888,4.52759,74888
"Newton Mail - Email App for Gmail, Outlook, IMAP",951937596,Microsoft Outlook,apple,"Productivity, Business",Productivity,4+,369514496,18.0,2015-01-29T05:22:59Z,2025-09-23T19:50:13Z,4.2537.0,0.0,True,4.79517,8299325,4.79517,8299325
GO Notifier,6748288936,Notify - Web & Script Notifier,apple,"Productivity, Utilities",Productivity,4+,20586496,18.5,2025-07-09T07:00:00Z,2025-09-18T14:39:15Z,4.09.18,0.0,True,4.71429,21,4.71429,21
Mail.Ru - Email App,511310430,"Mail: Email, Cloud, Calendar",apple,"Productivity, Business",Productivity,4+,489296896,16.0,2012-03-29T01:17:40Z,2025-09-25T10:14:58Z,15.55.0,0.0,True,4.75516,48179,4.75516,48179
Mail1Click - Secure Mail,766229946,Mail1Click - Secure Mail,apple,"Productivity, Business",Productivity,4+,10280960,6.0,2014-01-08T00:01:06Z,2014-07-15T23:48:06Z,1.31,0.0,True,5.0,1,5.0,1
Daum Mail - Next Mail,511310430,"Mail: Email, Cloud, Calendar",apple,"Productivity, Business",Productivity,4+,489296896,16.0,2012-03-29T01:17:40Z,2025-09-25T10:14:58Z,15.55.0,0.0,True,4.75516,48179,4.75516,48179
mail.com mail,461316429,mail.com - email & cloud,apple,"Productivity, News",Productivity,4+,80893952,17.0,2011-09-06T23:56:55Z,2025-09-23T13:25:17Z,9.39,0.0,True,4.7214,98099,4.7214,98099
SolMail - All-in-One email app,922793622,Email - Edison Mail,apple,"Productivity, Business",Productivity,4+,203052032,15.0,2016-04-27T11:20:32Z,2025-08-27T10:15:55Z,1.65.01,0.0,True,4.52759,74888,4.52759,74888
Vonage Mobile® Call Video Text,456697646,Vonage Business Communications,apple,"Productivity, Utilities",Productivity,4+,157912064,14.0,2011-08-25T00:36:54Z,2025-09-25T04:44:21Z,9.3.0,0.0,True,4.6936,20144,4.6936,20144
JusTalk - Free Video Calls and Fun Video Chat,627958823,JusTalk - Video Chat & Calls,apple,"Social Networking, Utilities",Social Networking,12+,270980096,12.0,2013-04-05T21:29:48Z,2025-09-23T13:29:02Z,8.9.18,0.0,True,4.41916,64916,4.41916,64916
"Moco+ - Chat, Meet People",369971145,"Moco - Chat, Meet People",apple,"Lifestyle, Social Networking",Lifestyle,17+,209116160,13.0,2010-05-05T23:13:42Z,2024-10-31T19:09:36Z,2.6.143,0.0,True,4.13785,24244,4.13785,24244
Calculator,1069511488,Calculator,apple,Utilities,Utilities,4+,11399168,10.0,2016-05-10T18:17:10Z,2025-09-15T18:34:42Z,2.1,0.0,True,2.93969,8672,2.93969,8672
Truth or Dare Pro,1455948570,Truth or Dare',apple,"Games, Card, Trivia, Entertainment",Games,17+,51780608,11.0,2019-07-09T07:00:00Z,2023-12-29T11:16:56Z,2.8.3,0.0,True,4.3168,1411,4.3168,1411
"Private Dating, Hide App- Blue for PrivacyHider",359478823,Ashley Madison Discreet Dating,apple,"Social Networking, Lifestyle",Social Networking,17+,166747136,16.0,2011-01-31T21:24:38Z,2025-09-24T13:44:35Z,7.18.1,0.0,True,4.05504,71544,4.05504,71544
Ad Blocker for SayHi,1018301773,AdBlock Pro for Safari,apple,"Utilities, Productivity",Utilities,4+,158825472,12.0,2015-11-01T03:15:26Z,2025-09-19T09:44:12Z,12.0.1,0.0,True,4.47193,63281,4.47193,63281
AMBW Dating App: Asian Men Black Women Interracial,1253586891,BLK: Black Singles Dating App,apple,"Social Networking, Lifestyle",Social Networking,17+,243133440,16.0,2017-08-07T21:14:49Z,2025-09-17T14:14:18Z,11.11.1,0.0,True,4.57745,517124,4.57745,517124
Zoosk Dating App: Meet Singles,349160522,Zoosk - Social Dating App,apple,"Social Networking, Lifestyle",Social Networking,17+,357452800,15.0,2010-01-12T01:18:56Z,2025-05-27T08:27:38Z,10.4.1,0.0,True,4.16237,105412,4.16237,105412
OkCupid Dating,338701294,OkCupid Dating: Date Singles,apple,"Lifestyle, Social Networking",Lifestyle,17+,101894144,16.0,2009-11-25T20:52:52Z,2025-09-22T16:59:31Z,105.2.1,0.0,True,4.31846,280095,4.31846,280095
Match™ Dating - Meet Singles,305939712,Match Dating App : Chat & Meet,apple,"Social Networking, Lifestyle",Social Networking,17+,161206272,16.0,2009-03-27T01:30:46Z,2025-08-14T13:29:36Z,25.08.01,0.0,True,3.88563,196828,3.88563,196828
"Hily: Dating, Chat, Match, Meet & Hook up",1250946975,Hily Dating App: Meet. Date.,apple,"Lifestyle, Social Networking",Lifestyle,17+,139975680,15.0,2017-08-14T21:27:38Z,2025-09-24T07:55:29Z,6.36.0,0.0,True,4.27065,272189,4.27065,272189
Hinge: Dating & Relationships,595287172,Hinge Dating App: Match & Meet,apple,"Lifestyle, Social Networking",Lifestyle,17+,177198080,16.0,2013-02-06T06:50:22Z,2025-09-22T14:30:34Z,9.92.0,0.0,True,4.4231,990626,4.4231,990626
Casual Dating & Adult Singles - Joyride,1080102131,Wild: Adult Casual Dating App,apple,"Lifestyle, Social Networking",Lifestyle,17+,75967488,14.0,2016-03-09T02:45:38Z,2025-09-12T02:41:24Z,2.6.6,0.0,True,4.41693,65865,4.41693,65865
BBW Dating & Plus Size Chat,1465195027,VPlus: BBW Dating & Video Chat,apple,Social Networking,Social Networking,17+,79037440,12.2,2019-06-20T10:30:52Z,2025-07-15T11:27:20Z,5.1.0,0.0,True,4.39513,2179,4.39513,2179
"Moco - Chat, Meet People",369971145,"Moco - Chat, Meet People",apple,"Lifestyle, Social Networking",Lifestyle,17+,209116160,13.0,2010-05-05T23:13:42Z,2024-10-31T19:09:36Z,2.6.143,0.0,True,4.13785,24244,4.13785,24244
CMB Free Dating App,6502307144,Coffee Meets Bagel: Dating App,apple,"Lifestyle, Social Networking",Lifestyle,17+,102258688,15.0,2024-06-24T07:00:00Z,2025-09-25T01:32:51Z,9.21.0,0.0,True,4.38474,14875,4.38474,14875
Hot or Not - Find someone right now,601174087,DOWN: The Casual Dating App,apple,"Lifestyle, Social Networking",Lifestyle,17+,193944576,16.0,2013-05-01T06:03:46Z,2025-09-24T02:02:41Z,67.3,0.0,True,4.29631,103789,4.29631,103789
eharmony - Online Dating App,458272450,eharmony: dating & real love,apple,"Lifestyle, Social Networking",Lifestyle,17+,118238208,15.2,2011-09-08T18:15:13Z,2025-09-24T10:29:44Z,10.67,0.0,True,4.0472,43160,4.0472,43160
Free Dating App & Flirt Chat - Match with Singles,305939712,Match Dating App : Chat & Meet,apple,"Social Networking, Lifestyle",Social Networking,17+,161206272,16.0,2009-03-27T01:30:46Z,2025-08-14T13:29:36Z,25.08.01,0.0,True,3.88563,196828,3.88563,196828
"Chispa, the Dating App for Latino, Latina Singles",1289684085,Chispa: Dating App for Latinos,apple,"Social Networking, Lifestyle",Social Networking,17+,250543104,16.0,2017-11-16T18:22:40Z,2025-09-17T14:04:19Z,11.11.1,0.0,True,4.53322,352302,4.53322,352302
Clover Dating App,930441707,Bumble Dating App: Meet & Date,apple,"Lifestyle, Social Networking",Lifestyle,17+,233446400,16.0,2014-11-19T02:18:55Z,2025-09-22T17:10:32Z,5.431.1,0.0,True,4.3105,1687018,4.3105,1687018
Black People Meet Singles Date,1009499861,Black People Meet,apple,"Social Networking, Lifestyle",Social Networking,17+,146574336,16.0,2015-07-31T09:17:27Z,2025-08-27T14:30:20Z,25.06.01,0.0,True,4.07414,17493,4.07414,17493
Mingle2 - Free Online Dating & Singles Chat Rooms,1265035248,Mingle2 - Dating & Meet People,apple,"Lifestyle, Social Networking",Lifestyle,17+,309337088,16.0,2017-09-29T01:10:56Z,2025-09-02T22:38:02Z,3.28.0,0.0,True,4.41068,77983,4.41068,77983
Free Dating App & Flirt Chat - Cheers,1571274697,Kismia Dating - Meet Singles,apple,"Lifestyle, Social Networking",Lifestyle,17+,195439616,16.0,2021-08-12T07:00:00Z,2025-09-20T04:16:42Z,1.9.21,0.0,True,4.49748,87905,4.49748,87905
stranger chat - anonymous chat,832556482,Connected2.me - Chat & Meet,apple,Social Networking,Social Networking,17+,110382080,11.0,2014-03-17T13:39:31Z,2025-07-16T09:31:09Z,1.343,0.0,True,4.3816,30524,4.3816,30524
"Blendr - Chat, Flirt & Meet",351331194,Badoo Dating: Meet New People,apple,"Lifestyle, Social Networking",Lifestyle,17+,163871744,16.0,2022-01-19T08:00:00Z,2025-09-15T10:25:32Z,5.430.0,0.0,True,4.56444,135149,4.56444,135149
Free Dating Hook Up Messenger,1595390736,Instinct: Casual Dating App,apple,"Lifestyle, Social Networking",Lifestyle,17+,87569408,13.0,2021-11-24T08:00:00Z,2025-09-09T08:26:51Z,9.35.0,0.0,True,4.88138,108904,4.88138,108904
Find Real Love — YouLove Premium Dating,6449464256,RAW - Date 100% real people,apple,"Lifestyle, Social Networking",Lifestyle,17+,94731264,14.0,2023-06-28T07:00:00Z,2025-09-20T08:26:23Z,1.34.0,0.0,True,4.35403,4816,4.35403,4816
Once - Quality Matches Every day,595287172,Hinge Dating App: Match & Meet,apple,"Lifestyle, Social Networking",Lifestyle,17+,177198080,16.0,2013-02-06T06:50:22Z,2025-09-22T14:30:34Z,9.92.0,0.0,True,4.4231,990626,4.4231,990626
BLK - Swipe. Match. Chat.,1253586891,BLK: Black Singles Dating App,apple,"Social Networking, Lifestyle",Social Networking,17+,243133440,16.0,2017-08-07T21:14:49Z,2025-09-17T14:14:18Z,11.11.1,0.0,True,4.57745,517124,4.57745,517124
Cougar Dating Life : Date Older Women Sugar Mummy,1051198166,Cougar Dating App - CougarD,apple,Social Networking,Social Networking,17+,123095040,13.0,2016-03-21T02:41:09Z,2025-09-20T04:54:30Z,3.5.3,0.0,True,4.19756,43374,4.19756,43374
Howlr,1526984545,BARQ!,apple,"Social Networking, Entertainment",Social Networking,17+,106687488,15.8,2022-04-05T07:00:00Z,2025-07-11T09:03:18Z,2.8.1,0.0,True,3.34228,149,3.34228,149
Stranger Chat & Date,358899126,Tagged Dating: Chat & Go Live!,apple,"Social Networking, Lifestyle",Social Networking,17+,315591680,15.0,2010-03-17T23:54:55Z,2025-09-24T08:17:58Z,210.0,0.0,True,4.48784,460181,4.48784,460181
Free Dating & Flirt Chat - Choice of Love,445338486,LOVOO - Dating App & Chat App,apple,"Lifestyle, Entertainment",Lifestyle,17+,316988416,15.0,2012-08-07T06:53:27Z,2025-09-24T08:21:00Z,210.0,0.0,True,4.55295,9346,4.55295,9346
RandoChat - Chat roulette,832556482,Connected2.me - Chat & Meet,apple,Social Networking,Social Networking,17+,110382080,11.0,2014-03-17T13:39:31Z,2025-07-16T09:31:09Z,1.343,0.0,True,4.3816,30524,4.3816,30524
BeWild Free Dating & Chat App,351331194,Badoo Dating: Meet New People,apple,"Lifestyle, Social Networking",Lifestyle,17+,163871744,16.0,2022-01-19T08:00:00Z,2025-09-15T10:25:32Z,5.430.0,0.0,True,4.56444,135149,4.56444,135149
"FastMeet: Chat, Dating, Love",372648912,"MeetMe - Meet, Chat & Go Live",apple,"Social Networking, Entertainment",Social Networking,17+,319122432,15.0,2010-05-28T04:56:10Z,2025-09-24T08:23:06Z,210.0,0.0,True,4.29413,369811,4.29413,369811
"Free Dating App - YoCutie - Flirt, Chat & Meet",1571274697,Kismia Dating - Meet Singles,apple,"Lifestyle, Social Networking",Lifestyle,17+,195439616,16.0,2021-08-12T07:00:00Z,2025-09-20T04:16:42Z,1.9.21,0.0,True,4.49748,87905,4.49748,87905
OurTime Dating for Singles 50+,1009499048,Ourtime - Meet 50+ Singles,apple,"Social Networking, Lifestyle",Social Networking,17+,141569024,16.0,2015-07-31T09:17:36Z,2025-08-27T14:30:40Z,25.06.01,0.0,True,3.89167,52339,3.89167,52339
FarmersOnly Dating,6448507990,Farmers Only - Country Dating,apple,"Lifestyle, Social Networking",Lifestyle,17+,29278208,13.0,2025-02-24T08:00:00Z,2025-08-01T07:41:35Z,1.1.7,0.0,True,4.02564,78,4.02564,78
Dating for 50 plus Mature Singles – FINALLY,1009499048,Ourtime - Meet 50+ Singles,apple,"Social Networking, Lifestyle",Social Networking,17+,141569024,16.0,2015-07-31T09:17:36Z,2025-08-27T14:30:40Z,25.06.01,0.0,True,3.89167,52339,3.89167,52339
Sudy – Meet Elite & Rich Single,873518909,Luxy - Selective Dating App,apple,"Social Networking, Lifestyle",Social Networking,17+,305246208,14.0,2014-05-20T19:43:53Z,2025-09-22T01:48:43Z,7.29.11,0.0,True,4.72536,100556,4.72536,100556
Christian Dating For Free App,1499137942,Upward: Christian Dating App,apple,"Social Networking, Lifestyle",Social Networking,17+,235478016,16.0,2020-03-04T08:00:00Z,2025-09-17T14:13:38Z,11.11.1,0.0,True,4.35592,145795,4.35592,145795
Just She - Top Lesbian Dating,573328837,HER:Lesbian&Queer LGBTQ Dating,apple,"Lifestyle, Social Networking",Lifestyle,17+,294447104,16.0,2012-11-24T08:00:00Z,2025-09-24T00:32:03Z,6.25.9,0.0,True,4.40737,56852,4.40737,56852
Single Parent Meet #1 Dating,1576261708,Stir: Single Parent Dating App,apple,"Social Networking, Lifestyle",Social Networking,17+,85858304,16.0,2021-10-26T07:00:00Z,2025-08-22T16:22:54Z,25.04.01,0.0,True,4.28063,54767,4.28063,54767
EliteSingles – Dating for Single Professionals,6444870384,EliteSingles: Serious Dating,apple,"Social Networking, Lifestyle",Social Networking,17+,95271936,15.0,2023-01-19T08:00:00Z,2025-04-28T20:00:21Z,6.0.12,0.0,True,4.02799,1822,4.02799,1822
Millionaire Match: Rich Singles Dating App,305939712,Match Dating App : Chat & Meet,apple,"Social Networking, Lifestyle",Social Networking,17+,161206272,16.0,2009-03-27T01:30:46Z,2025-08-14T13:29:36Z,25.08.01,0.0,True,3.88563,196828,3.88563,196828
InterracialCupid - Interracial Dating App,1253586891,BLK: Black Singles Dating App,apple,"Social Networking, Lifestyle",Social Networking,17+,243133440,16.0,2017-08-07T21:14:49Z,2025-09-17T14:14:18Z,11.11.1,0.0,True,4.57745,517124,4.57745,517124
Sugar Mommas Dating And Single Search,873518909,Luxy - Selective Dating App,apple,"Social Networking, Lifestyle",Social Networking,17+,305246208,14.0,2014-05-20T19:43:53Z,2025-09-22T01:48:43Z,7.29.11,0.0,True,4.72536,100556,4.72536,100556
"Hide App, Private Dating, Safe Chat - PrivacyHider",359478823,Ashley Madison Discreet Dating,apple,"Social Networking, Lifestyle",Social Networking,17+,166747136,16.0,2011-01-31T21:24:38Z,2025-09-24T13:44:35Z,7.18.1,0.0,True,4.05504,71544,4.05504,71544
"muzmatch: Muslim & Arab Singles, Marriage & Dating",969997496,Muzz: Where Muslims Marry,apple,"Lifestyle, Social Networking",Lifestyle,17+,277865472,15.0,2015-03-04T04:50:05Z,2025-09-25T09:55:53Z,8.65.0,0.0,True,4.54384,43643,4.54384,43643
NoBuffDating - Free Dating App,1571274697,Kismia Dating - Meet Singles,apple,"Lifestyle, Social Networking",Lifestyle,17+,195439616,16.0,2021-08-12T07:00:00Z,2025-09-20T04:16:42Z,1.9.21,0.0,True,4.49748,87905,4.49748,87905
Sugar Daddy Dating App,873518909,Luxy - Selective Dating App,apple,"Social Networking, Lifestyle",Social Networking,17+,305246208,14.0,2014-05-20T19:43:53Z,2025-09-22T01:48:43Z,7.29.11,0.0,True,4.72536,100556,4.72536,100556
Adult Dirty Emojis,871132166,Adult Emoji for Lovers,apple,Social Networking,Social Networking,17+,106763264,13.0,2014-06-02T18:32:14Z,2025-07-30T12:59:07Z,3.8.6,0.0,True,4.72503,37160,4.72503,37160
Free Dating App - Meet Local Singles - Flirt Chat,1571274697,Kismia Dating - Meet Singles,apple,"Lifestyle, Social Networking",Lifestyle,17+,195439616,16.0,2021-08-12T07:00:00Z,2025-09-20T04:16:42Z,1.9.21,0.0,True,4.49748,87905,4.49748,87905
"Meet4U - Chat, Love, Singles!",358899126,Tagged Dating: Chat & Go Live!,apple,"Social Networking, Lifestyle",Social Networking,17+,315591680,15.0,2010-03-17T23:54:55Z,2025-09-24T08:17:58Z,210.0,0.0,True,4.48784,460181,4.48784,460181
SnpCupid Dating,489185828,happn: dating app,apple,"Lifestyle, Social Networking",Lifestyle,17+,114561024,16.4,2012-03-07T23:04:15Z,2025-09-23T08:07:06Z,2025.18.0,0.0,True,4.32399,44032,4.32399,44032
"Chat Rooms, Avatars, Date - Galaxy",1163852619,Google Chat,apple,"Business, Productivity",Business,4+,421587968,16.0,2018-02-28T13:37:21Z,2025-09-22T18:50:41Z,1.0.390,0.0,True,4.64538,287621,4.64538,287621
Adult Dating - AdultFinder,1472984800,Adult Friend Flirt App: XFun,apple,Lifestyle,Lifestyle,17+,87475200,15.6,2019-08-17T07:00:00Z,2025-09-19T22:12:55Z,6.6.8,0.0,True,4.61937,20500,4.61937,20500
Gay Sugar Daddy Dating & Hookup – Sudy Gay,380015247,SCRUFF - Gay Dating & Chat,apple,"Social Networking, Lifestyle",Social Networking,17+,207273984,17.0,2010-07-24T20:35:26Z,2025-09-23T20:14:13Z,7.57.1,0.0,True,4.39682,25152,4.39682,25152
"Meet24 - Love, Chat, Singles",1571274697,Kismia Dating - Meet Singles,apple,"Lifestyle, Social Networking",Lifestyle,17+,195439616,16.0,2021-08-12T07:00:00Z,2025-09-20T04:16:42Z,1.9.21,0.0,True,4.49748,87905,4.49748,87905
BBWCupid - BBW Dating App,1571274697,Kismia Dating - Meet Singles,apple,"Lifestyle, Social Networking",Lifestyle,17+,195439616,16.0,2021-08-12T07:00:00Z,2025-09-20T04:16:42Z,1.9.21,0.0,True,4.49748,87905,4.49748,87905
ChatVideo Meet new people,466970942,"Paltalk: Chat, Meet New People",apple,"Social Networking, Entertainment",Social Networking,17+,209891328,13.0,2011-09-30T22:24:50Z,2025-08-08T13:12:24Z,9.18,0.0,True,4.26823,15006,4.26823,15006
"TryDate - Free Online Dating App, Chat Meet Adults",1571274697,Kismia Dating - Meet Singles,apple,"Lifestyle, Social Networking",Lifestyle,17+,195439616,16.0,2021-08-12T07:00:00Z,2025-09-20T04:16:42Z,1.9.21,0.0,True,4.49748,87905,4.49748,87905
Black White Interracial Dating - Interracial Match,1253586891,BLK: Black Singles Dating App,apple,"Social Networking, Lifestyle",Social Networking,17+,243133440,16.0,2017-08-07T21:14:49Z,2025-09-17T14:14:18Z,11.11.1,0.0,True,4.57745,517124,4.57745,517124
"USA Singles Meet, Match and Date Free - Date",305939712,Match Dating App : Chat & Meet,apple,"Social Networking, Lifestyle",Social Networking,17+,161206272,16.0,2009-03-27T01:30:46Z,2025-08-14T13:29:36Z,25.08.01,0.0,True,3.88563,196828,3.88563,196828
FlirtChat - ♥Free Dating/Flirting App♥,1571274697,Kismia Dating - Meet Singles,apple,"Lifestyle, Social Networking",Lifestyle,17+,195439616,16.0,2021-08-12T07:00:00Z,2025-09-20T04:16:42Z,1.9.21,0.0,True,4.49748,87905,4.49748,87905
The League,893653132,The League: Intelligent Dating,apple,"Lifestyle, Social Networking",Lifestyle,17+,195139584,15.0,2014-07-15T13:28:31Z,2025-09-09T19:26:21Z,2.9.9912,0.0,True,4.19116,48884,4.19116,48884
"Herpes Dating: 1,000K+ Singles",1419085637,Positive Singles®: Herpes Date,apple,"Social Networking, Entertainment",Social Networking,17+,311037952,14.0,2018-08-13T06:30:46Z,2025-09-16T23:26:36Z,6.4.2,0.0,True,4.25394,6261,4.25394,6261
Heart mill,398890666,Hearts+,apple,"Games, Family, Card, Entertainment",Games,17+,129227776,15.0,2010-12-10T18:24:47Z,2025-09-22T12:48:31Z,2025.05,0.0,True,4.7996,91287,4.7996,91287
95Live -SG#1 Live Streaming App,1294578643,Streamlabs: Live Streaming App,apple,"Social Networking, Photo & Video",Social Networking,4+,88027136,14.0,2017-10-13T20:11:05Z,2025-08-05T09:18:32Z,4.1.0,0.0,True,3.73902,410,3.73902,410
Mutual - LDS Dating,1084591612,Mutual LDS Dating: Meet & Date,apple,"Social Networking, Lifestyle",Social Networking,17+,152045568,15.0,2016-04-26T15:43:16Z,2025-09-16T17:15:22Z,6.3.8,0.0,True,4.12192,37025,4.12192,37025
2RedBeans,837590707,2RedBeans两颗红豆 Asian dating app,apple,"Social Networking, Lifestyle",Social Networking,17+,45895680,13.0,2014-06-23T23:10:54Z,2024-04-23T15:30:08Z,3.9.1,0.0,True,4.55029,4643,4.55029,4643
"SweetRing - Meet, Match, Date",305939712,Match Dating App : Chat & Meet,apple,"Social Networking, Lifestyle",Social Networking,17+,161206272,16.0,2009-03-27T01:30:46Z,2025-08-14T13:29:36Z,25.08.01,0.0,True,3.88563,196828,3.88563,196828
"BiggerCity: Chat for gay bears, chubs & chasers",920099264,BiggerCity,apple,"Social Networking, Lifestyle",Social Networking,17+,73956352,15.6,2014-12-02T16:21:21Z,2025-09-16T07:19:40Z,6.5.2,0.0,True,4.47618,6359,4.47618,6359
SilverSingles: The 50+ Dating App,6448954405,SilverSingles: Mature Dating,apple,"Social Networking, Lifestyle",Social Networking,17+,97639424,15.0,2023-08-17T07:00:00Z,2025-09-22T06:49:51Z,6.0.15,0.0,True,4.47355,3497,4.47355,3497
Herpes Positive Singles Dating,1419085637,Positive Singles®: Herpes Date,apple,"Social Networking, Entertainment",Social Networking,17+,311037952,14.0,2018-08-13T06:30:46Z,2025-09-16T23:26:36Z,6.4.2,0.0,True,4.25394,6261,4.25394,6261
Glam - Premium Dating App,1571274697,Kismia Dating - Meet Singles,apple,"Lifestyle, Social Networking",Lifestyle,17+,195439616,16.0,2021-08-12T07:00:00Z,2025-09-20T04:16:42Z,1.9.21,0.0,True,4.49748,87905,4.49748,87905
"iDates - Chats, Flirts, Dating, Love & Relations",1571274697,Kismia Dating - Meet Singles,apple,"Lifestyle, Social Networking",Lifestyle,17+,195439616,16.0,2021-08-12T07:00:00Z,2025-09-20T04:16:42Z,1.9.21,0.0,True,4.49748,87905,4.49748,87905
JustDating,1501507539,JD Dating App,apple,"Social Networking, Lifestyle",Social Networking,17+,161319936,15.6,2020-03-24T07:00:00Z,2025-09-15T02:09:25Z,4.2.8,0.0,True,4.51765,170,4.51765,170
Interracial Match Dating App,1253586891,BLK: Black Singles Dating App,apple,"Social Networking, Lifestyle",Social Networking,17+,243133440,16.0,2017-08-07T21:14:49Z,2025-09-17T14:14:18Z,11.11.1,0.0,True,4.57745,517124,4.57745,517124
Russian Dating & Chat for Russian speaking RusDate,1571274697,Kismia Dating - Meet Singles,apple,"Lifestyle, Social Networking",Lifestyle,17+,195439616,16.0,2021-08-12T07:00:00Z,2025-09-20T04:16:42Z,1.9.21,0.0,True,4.49748,87905,4.49748,87905
Sky People (SPI): A secure blind date through authentication by Seoul National University,957215308,Raya,apple,Lifestyle,Lifestyle,17+,149467136,16.0,2015-02-25T20:38:44Z,2025-09-25T12:26:43Z,5.16.0,0.0,True,4.05733,13710,4.05733,13710
Sweet mi - unlimited hunnam hunting blind date,1380362212,Galatea: Books & Audiobooks,apple,"Books, Magazines & Newspapers",Book,17+,152821760,15.1,2018-05-14T17:52:01Z,2025-09-23T09:32:59Z,14.5.0,0.0,True,4.59151,212294,4.59151,212294
Mingle - Online Dating App to Chat & Meet People,595287172,Hinge Dating App: Match & Meet,apple,"Lifestyle, Social Networking",Lifestyle,17+,177198080,16.0,2013-02-06T06:50:22Z,2025-09-22T14:30:34Z,9.92.0,0.0,True,4.4231,990626,4.4231,990626
BBW Dating & Curvy Singles Chat- LargeFriends,1488231111,BBW Match - Date Curvy Singles,apple,Social Networking,Social Networking,17+,40137728,11.0,2020-03-31T07:00:00Z,2020-10-15T19:35:12Z,1.3,0.0,True,4.37692,1300,4.37692,1300
Hitwe - meet people and chat,469609836,SayHi Chat - Meet New People,apple,"Social Networking, Photo & Video",Social Networking,17+,165417984,15.0,2011-10-15T00:50:54Z,2025-09-25T02:11:54Z,11.01,0.0,True,4.34839,5600,4.34839,5600
A hundred,1519742558,The Hundred,apple,"Sports, News",Sports,4+,53677056,15.0,2021-06-30T07:00:00Z,2025-09-10T13:47:07Z,5.0.4,0.0,True,4.60465,43,4.60465,43
JustSayHi- Dating App. Chat & Meet Singles Nearby,1571274697,Kismia Dating - Meet Singles,apple,"Lifestyle, Social Networking",Lifestyle,17+,195439616,16.0,2021-08-12T07:00:00Z,2025-09-20T04:16:42Z,1.9.21,0.0,True,4.49748,87905,4.49748,87905
FERZU - Furries Social Network,305343404,Tumblr: Art & Blog for Fandoms,apple,"Social Networking, Lifestyle",Social Networking,17+,153698304,17.0,2009-02-25T04:36:53Z,2025-09-22T10:39:52Z,41.4,0.0,True,4.17802,356580,4.17802,356580
WannaMeet – Dating & Chat App,1571274697,Kismia Dating - Meet Singles,apple,"Lifestyle, Social Networking",Lifestyle,17+,195439616,16.0,2021-08-12T07:00:00Z,2025-09-20T04:16:42Z,1.9.21,0.0,True,4.49748,87905,4.49748,87905
Luxy Pro- Elite Dating Single,873518909,Luxy - Selective Dating App,apple,"Social Networking, Lifestyle",Social Networking,17+,305246208,14.0,2014-05-20T19:43:53Z,2025-09-22T01:48:43Z,7.29.11,0.0,True,4.72536,100556,4.72536,100556
Dating Network,1089481539,Luxy PRO: Elite & Quality Date,apple,Social Networking,Social Networking,17+,234966016,14.0,2016-03-28T23:42:54Z,2025-09-18T01:49:54Z,6.13.22,0.0,True,4.77963,8218,4.77963,8218
"Chatting - Free chat, random chat, boyfriend, girlfriend",627958823,JusTalk - Video Chat & Calls,apple,"Social Networking, Utilities",Social Networking,12+,270980096,12.0,2013-04-05T21:29:48Z,2025-09-23T13:29:02Z,8.9.18,0.0,True,4.41916,64916,4.41916,64916
"iPair-Meet, Chat, Dating",389638243,Plenty of Fish : Dating App,apple,"Social Networking, Lifestyle",Social Networking,17+,91314176,17.0,2010-09-17T02:54:10Z,2025-09-19T16:38:53Z,27.00,0.0,True,4.28081,1788466,4.28081,1788466
