App,as_app_id,as_title,as_store,as_genres,as_primary_genre,as_content_rating,as_size,as_required_os_version,as_released,as_updated,as_version,as_price,as_free,as_score,as_reviews,as_current_version_score,as_current_version_reviews
Jetpack Joyride,457446957,Jetpack Joyride,apple,"Games, Action, Entertainment, Casual",Games,9+,353659904,13.0,2011-09-01T05:22:24Z,2025-09-25T10:42:11Z,1.102.2,0.0,True,4.74308,98540,4.74308,98540
Racing in Car 2,1199925903,Racing in Car 2,apple,"Games, Racing, Casual",Games,4+,186563584,9.0,2017-02-28T07:54:53Z,2020-07-07T02:41:00Z,1.3,0.0,True,4.16478,795,4.16478,795
Dog Run - Pet Dog Simulator,919880151,Dog Simulator 2022,apple,"Games, Entertainment, Simulation, Family",Games,4+,287628288,13.0,2014-12-02T23:55:59Z,2025-05-08T18:56:36Z,5.6.2,0.0,True,4.67567,33198,4.67567,33198
Jewels Crush- Match 3 Puzzle,1367054026,Jewel Crush®- Match 3 Games,apple,"Games, Entertainment, Puzzle, Casual",Games,4+,211227648,13.0,2018-04-22T05:55:36Z,2025-08-28T19:49:30Z,13.3,0.0,True,4.71922,28036,4.71922,28036
Coloring & Learn,1440363353,Coloring Book - Draw & Learn,apple,"Entertainment, Education",Entertainment,4+,27157504,12.0,2018-10-29T12:52:25Z,2024-05-03T01:15:34Z,2.0,0.0,True,3.23171,82,3.23171,82
Mahjong,6468921495,Vita Mahjong,apple,"Games, Card, Board, Entertainment",Games,4+,368718848,15.0,2023-12-01T08:00:00Z,2025-09-24T11:29:01Z,2.60.3,0.0,True,4.92009,1059921,4.92009,1059921
Super ABC! Learning games for kids! Preschool apps,533412119,KidloLand Kids Toddler Games,apple,"Education, Games, Puzzle, Family",Education,4+,484676608,12.0,2012-07-28T07:00:00Z,2025-09-23T11:12:15Z,35.6,0.0,True,4.26703,117321,4.26703,117321
Toy Pop Cubes,1460757957,Toy Cubes Pop:Blast Cubes,apple,"Games, Family, Entertainment, Puzzle",Games,4+,130684928,11.0,2019-06-14T11:17:26Z,2024-02-01T11:43:08Z,11.00.5068,0.0,True,4.63494,6188,4.63494,6188
Educational Games 4 Kids,586328581,ABCmouse: Kids Learning Games,apple,"Education, Entertainment",Education,4+,644759552,13.0,2012-12-14T21:10:46Z,2025-09-25T00:25:31Z,8.71.0,0.0,True,4.47851,965926,4.47851,965926
Candy Pop Story,6670773988,Candy Pop Story : Match 3,apple,"Games, Puzzle, Family",Games,4+,383612928,12.0,2024-09-23T07:00:00Z,2025-09-17T08:25:45Z,1.28.0916,0.0,True,4.78788,825,4.78788,825
Candy Smash,1448992461,Candy Smash Mania - Match 3,apple,"Games, Puzzle, Entertainment, Family",Games,4+,171789312,11.0,2019-02-22T01:36:21Z,2024-04-22T01:13:52Z,10.27.1241,0.0,True,4.57869,4918,4.57869,4918
Happy Fruits Bomb - Cube Blast,1476014768,Toy Bomb: Pop Cube Blast Mania,apple,"Games, Entertainment, Puzzle, Family",Games,4+,171969536,12.0,2019-09-10T07:00:00Z,2024-07-15T05:32:21Z,12.10.5090,0.0,True,4.76755,4014,4.76755,4014
Princess Adventures Puzzles,768769263,Charm King™,apple,"Games, Puzzle, Family",Games,4+,288838656,13.0,2014-04-18T08:24:54Z,2023-10-25T18:23:23Z,8.15.6,0.0,True,4.70403,17941,4.70403,17941
Kids Educational Game 3 Free,1004562049,ABC Kids: Fun Learning Games,apple,"Education, Entertainment",Education,4+,644425728,12.0,2016-01-24T19:32:29Z,2025-09-04T07:48:42Z,5.25.0,0.0,True,4.45891,48713,4.45891,48713
Puzzle Kids - Animals Shapes and Jigsaw Puzzles,495583717,Jigsaw Puzzle,apple,"Games, Board, Puzzle, Entertainment",Games,4+,278109184,13.0,2012-04-05T01:03:36Z,2025-07-10T17:09:02Z,2025.6.0,0.0,True,4.63818,394294,4.63818,394294
Baby Panda Care,951391381,Baby Panda Care - BabyBus,apple,Education,Education,4+,392726528,12.0,2015-01-15T18:41:35Z,2025-07-25T08:00:45Z,9.87.0700,0.0,True,3.84217,811,3.84217,811
Kids Educational :All in One,586328581,ABCmouse: Kids Learning Games,apple,"Education, Entertainment",Education,4+,644759552,13.0,2012-12-14T21:10:46Z,2025-09-25T00:25:31Z,8.71.0,0.0,True,4.47851,965926,4.47851,965926
Number Counting games for toddler preschool kids,1171350534,123 Toddler games for 2-5 year,apple,"Education, Puzzle, Family, Games",Education,4+,332858368,12.0,2016-12-11T09:14:36Z,2025-09-02T10:00:18Z,6.25,0.0,True,4.47654,20296,4.47654,20296
Toca Kitchen 2,943869618,Toca Boca Jr,apple,"Education, Entertainment",Education,4+,921708544,13.0,2014-12-18T08:00:00Z,2025-08-29T19:30:58Z,3.6.789,0.0,True,3.95744,32328,3.95744,32328
PJ Masks: Moonlight Heroes,1113977625,PJ Masks™: Moonlight Heroes,apple,"Entertainment, Family, Casual, Games",Entertainment,4+,159010816,9.0,2016-06-15T17:09:47Z,2024-01-09T10:27:25Z,3.6.5,0.0,True,3.80514,3074,3.80514,3074
Learn To Draw Glow Flower,6742448523,Doodle Magic: Glow Art Drawing,apple,"Graphics & Design, Entertainment",Graphics & Design,4+,73233408,15.6,2025-02-26T08:00:00Z,2025-07-29T02:50:46Z,1.0.9,0.0,True,4.66214,8338,4.66214,8338
"No. Color - Color by Number, Number Coloring",1407852246,Happy Color by Numbers Game,apple,"Games, Board, Puzzle, Entertainment",Games,17+,389724160,13.0,2018-07-29T22:10:47Z,2025-09-25T07:38:39Z,1.18.2,0.0,True,4.80232,3157027,4.80232,3157027
Draw.ly - Color by Number Pixel Art Coloring,1274972321,Pixel Art － Color by Number,apple,"Games, Entertainment, Board, Puzzle",Games,12+,215057408,15.0,2017-10-16T16:13:15Z,2025-09-07T19:21:07Z,10.2.0,0.0,True,4.72057,722682,4.72057,722682
Baby puzzles,1531625504,Baby Puzzle Games 2-5 yr kids,apple,"Games, Education, Puzzle, Family",Games,4+,354368512,12.0,2020-09-18T07:00:00Z,2025-06-19T11:29:17Z,15.01.11,0.0,True,4.79119,1499,4.79119,1499
Garden Fruit Legend,403858572,Fruit Ninja®,apple,"Games, Entertainment, Casual, Action",Games,4+,310706176,13.0,2010-12-20T08:00:00Z,2025-08-08T08:02:03Z,3.83.0,0.0,True,4.75434,332844,4.75434,332844
Candy Day,553834731,Candy Crush Saga,apple,"Games, Entertainment, Puzzle, Casual",Games,4+,325058560,12.0.0,2012-11-14T14:41:32Z,2025-09-24T07:29:44Z,1.312.1.1,0.0,True,4.70801,3737555,4.70801,3737555
Learn To Draw Glow Princess,1260895318,Kids Drawing Games for Girls 5,apple,"Education, Entertainment",Education,4+,261655552,12.0,2019-05-16T01:03:23Z,2025-09-25T08:23:39Z,6.8.0,0.0,True,4.61345,36383,4.61345,36383
ABC Kids - Tracing & Phonics,1112482869,ABC Kids - Tracing & Phonics,apple,"Education, Family, Games",Education,4+,240037888,12.0,2016-05-18T06:32:55Z,2025-09-17T09:18:32Z,2.0.6,0.0,True,4.50678,28333,4.50678,28333
Barbie Magical Fashion,927559995,Barbie Magical Fashion,apple,"Entertainment, Education",Entertainment,4+,233865216,13.0,2014-11-19T08:00:00Z,2025-06-19T15:05:30Z,2025.3.0,0.0,True,4.41237,194561,4.41237,194561
Piano Kids - Music & Songs,1617828703,Piano Kids Music Learning Game,apple,"Games, Music, Casual, Education",Games,4+,308404224,12.0,2022-04-25T07:00:00Z,2024-12-06T21:56:53Z,2.0,0.0,True,4.23278,305,4.23278,305
Farming Simulator 14,738717933,Farming Simulator 14,apple,"Games, Family, Entertainment, Simulation",Games,4+,141093888,6.0,2013-11-18T08:00:00Z,2018-03-21T14:58:50Z,1.3.4,0.0,True,4.11874,2695,4.11874,2695
Educational Games for Kids,1615516683,Math & Logic Games for Kids,apple,"Education, Action, Games, Family",Education,4+,314035200,13.0,2022-03-28T07:00:00Z,2025-09-18T05:47:38Z,5.4.1,0.0,True,4.66676,3475,4.66676,3475
Fruit Boom,6471572249,Fruit Merge: Match Game,apple,"Games, Casual, Puzzle",Games,17+,411826176,13.0,2023-11-10T08:00:00Z,2025-09-10T00:59:36Z,7.2,0.0,True,4.55757,208631,4.55757,208631
Hot Wheels: Race Off,1523486249,Hot Wheels Unlimited,apple,"Entertainment, Action, Racing, Games",Entertainment,4+,1158762496,13.0,2020-09-29T07:00:00Z,2025-09-08T13:35:15Z,2025.2.0,0.0,True,4.48085,91033,4.48085,91033
Baby Tiger Care - My Cute Virtual Pet Friend,909351158,My Talking Angela,apple,"Games, Simulation, Entertainment, Family",Games,4+,505407488,13.0,2014-12-03T18:05:28Z,2025-09-25T11:00:17Z,25.4.2,0.0,True,4.36252,354440,4.36252,354440
Strawberry Shortcake Ice Cream Island,658439903,Strawberry Shortcake Bake Shop,apple,"Entertainment, Education",Entertainment,4+,212188160,13.0,2013-11-06T12:31:10Z,2025-06-27T16:36:31Z,2025.1.0,0.0,True,4.44085,132675,4.44085,132675
Rhythm Patrol,1335529760,BanG Dream! Girls Band Party!,apple,"Games, Adventure, Music",Games,4+,464030720,12.0,2018-04-04T04:30:54Z,2025-08-29T08:40:44Z,8.4.0,0.0,True,4.78568,36199,4.78568,36199
Kiddopia - Preschool Learning Games,1223397201,Kiddopia - Kids Learning Games,apple,Education,Education,4+,1816983552,13.0,2017-06-06T11:19:00Z,2025-09-15T16:09:47Z,9.9.3,0.0,True,4.34727,128460,4.34727,128460
Toca Mystery House,1208138685,Toca Boca World,apple,"Education, Entertainment",Education,4+,804529152,13.0,2018-11-21T18:39:24Z,2025-09-21T21:09:03Z,1.116,0.0,True,4.25706,712101,4.25706,712101
DisneyNOW – TV Shows & Games,1017551780,Disney Emoji Blitz Game,apple,"Games, Casual, Puzzle, Entertainment",Games,4+,521086976,13.0,2016-07-14T08:43:50Z,2025-09-09T18:57:52Z,72.0.0,0.0,True,4.66819,294480,4.66819,294480
Papumba Academy - Fun Learning For Kids,1267322870,Papumba: Kids Learning Games,apple,"Education, Games, Family",Education,4+,480172032,13.0,2017-12-29T17:51:01Z,2025-01-31T18:34:59Z,9.9,0.0,True,4.60473,1690,4.60473,1690
Drawing for Kids Learning Games for Toddlers age 3,533412119,KidloLand Kids Toddler Games,apple,"Education, Games, Puzzle, Family",Education,4+,484676608,12.0,2012-07-28T07:00:00Z,2025-09-23T11:12:15Z,35.6,0.0,True,4.26703,117321,4.26703,117321
Baby Panda’s Juice Shop,1264951751,Baby Panda World - BabyBus,apple,Education,Education,4+,513737728,13.0,2018-02-02T07:43:56Z,2025-09-25T01:08:59Z,10.01.7975,0.0,True,4.37779,2451,4.37779,2451
Dr. Panda Restaurant 3,1289589935,Dr. Panda Restaurant 3,apple,Education,Education,4+,275243008,10.0,2018-03-08T08:00:00Z,2021-05-13T08:46:32Z,1.91,0.0,True,3.96934,1533,3.96934,1533
LEGO® Friends: Heartlake Rush,1280277415,LEGO® Friends Heartlake Rush,apple,"Games, Racing, Family, Entertainment",Games,4+,385446912,13.0,2017-12-05T11:12:55Z,2025-04-29T04:25:08Z,3.1.0,0.0,True,4.25207,2420,4.25207,2420
Baby ABC in box! Kids alphabet games for toddlers!,533412119,KidloLand Kids Toddler Games,apple,"Education, Games, Puzzle, Family",Education,4+,484676608,12.0,2012-07-28T07:00:00Z,2025-09-23T11:12:15Z,35.6,0.0,True,4.26703,117321,4.26703,117321
Henry Danger Crime Warp,1276746755,Henry Danger Crime Warp,apple,"Games, Action, Casual, Entertainment",Games,9+,465579008,8.0,2017-11-15T22:50:52Z,2018-02-08T15:24:36Z,1.1,0.0,True,4.39056,763,4.39056,763
Thomas & Friends: Race On!,943432325,Thomas & Friends: Go Go Thomas,apple,"Entertainment, Education",Entertainment,4+,471945216,13.0,2014-12-17T08:00:00Z,2025-06-10T18:09:18Z,2025.3.0,0.0,True,4.50752,31307,4.50752,31307
Super School: Educational Kids Games & Rhymes,1565113819,LogicLike: Kids Learning Games,apple,"Education, Games, Family, Puzzle",Education,4+,231939072,15.1,2021-06-15T07:00:00Z,2025-09-22T07:26:25Z,2.89.0,0.0,True,4.45498,26748,4.45498,26748
Fruit Cube Blast,1313169477,Fruit Cube Blast: Match 3 Game,apple,"Games, Puzzle, Family",Games,4+,326261760,15.0,2017-12-06T19:45:00Z,2025-09-12T18:59:16Z,2.1.7,0.0,True,4.7309,1806,4.7309,1806
Toddler Kids Puzzles PUZZINGO,444722625,Kids Puzzles Games Puzzingo,apple,"Education, Puzzle, Games",Education,4+,101652480,11.0,2011-07-05T20:31:29Z,2025-09-22T05:44:36Z,7.97,0.0,True,4.65263,12753,4.65263,12753
Happy Street,517545499,Happy Street,apple,"Games, Adventure, Entertainment, Simulation",Games,9+,132025344,11.0,2012-08-01T19:39:00Z,2023-05-11T21:35:48Z,3.1.750,0.0,True,4.80708,10144,4.80708,10144
Intellijoy Early Learning Academy,1380452295,Adventure Academy,apple,"Education, Games",Education,4+,247670784,13.0,2018-12-21T19:14:19Z,2025-07-07T17:28:48Z,1.065.000,0.0,True,4.6189,119047,4.6189,119047
Dr. Panda Town: Vacation,1319740876,Dr. Panda Town: Vacation,apple,Education,Education,4+,256867328,8.0,2018-05-24T07:00:00Z,2019-06-20T06:59:39Z,2.0,0.0,True,3.60257,1477,3.60257,1477
Leo and Tig,1095795448,Kidjo TV: Kids Videos to Learn,apple,"Entertainment, Education",Entertainment,4+,119524352,13.0,2016-04-25T22:07:58Z,2025-08-14T08:46:05Z,6.11,0.0,True,4.5061,164,4.5061,164
School of Dragons,667461862,Dragons: Rise of Berk,apple,"Games, Entertainment, Simulation, Family",Games,4+,1242640384,13.0,2014-05-21T19:34:34Z,2025-09-12T19:05:52Z,1.100.14,0.0,True,4.76384,85437,4.76384,85437
Fuzzy Seasons: Animal Forest,1318628198,Zoo 2: Animal Park,apple,"Games, Adventure, Simulation",Games,4+,758506496,13.0,2018-08-03T11:07:29Z,2025-09-22T08:34:49Z,11.1.2,0.0,True,4.42733,14064,4.42733,14064
Montessori Preschool,610303073,Splash Jr: PreK & Kindergarten,apple,"Education, Family, Games, Puzzle",Education,4+,456461312,13.0,2013-04-24T18:56:16Z,2025-09-15T09:14:54Z,7.3.4,0.0,True,4.39669,4830,4.39669,4830
Kids Corner: Interactive Tales and Games for kids,533412119,KidloLand Kids Toddler Games,apple,"Education, Games, Puzzle, Family",Education,4+,484676608,12.0,2012-07-28T07:00:00Z,2025-09-23T11:12:15Z,35.6,0.0,True,4.26703,117321,4.26703,117321
Cutie Cubies,1638891214,Marsaction: Infinite Ambition,apple,"Games, Simulation, Entertainment, Strategy",Games,9+,924709888,13.0,2022-08-25T07:00:00Z,2025-07-30T01:46:09Z,2.1.1,0.0,True,4.5324,10105,4.5324,10105
My Little Princess : Stores,1226366014,My Little Princess : Stores,apple,"Education, Role Playing, Family, Games",Education,4+,285793280,12.0,2017-11-15T09:07:42Z,2024-09-12T05:25:35Z,3.03,3.99,False,4.53095,2407,4.53095,2407
Sago Mini Big City,1149434716,Sago Mini,apple,"Entertainment, Lifestyle",Entertainment,4+,7044096,10.0,2016-09-12T20:53:55Z,2016-09-12T20:53:55Z,1.0,0.0,True,3.76667,150,3.76667,150
Pinkalicious Party,1300332499,Pinkalicious Party,apple,"Games, Role Playing, Education, Music",Games,4+,235470848,9.0,2018-02-26T14:47:44Z,2018-06-28T15:38:47Z,1.5.0,2.99,False,3.08889,45,3.08889,45
Moana Island Life,1464689103,Family Island — Farming game,apple,"Games, Adventure, Entertainment, Simulation",Games,12+,695773184,13.0,2019-11-18T08:00:00Z,2025-09-22T09:34:13Z,2025172.0.81050,0.0,True,4.75955,412337,4.75955,412337
Basketball FRVR - Shoot the Hoop and Slam Dunk!,976173170,Basketball Stars™: Multiplayer,apple,"Games, Sports, Sports, Simulation",Games,4+,227134464,13.0,2016-03-16T13:07:19Z,2025-09-19T10:54:09Z,2.1.4,0.0,True,4.75481,336446,4.75481,336446
My Oasis - Calming and Relaxing Idle Clicker Game,1247889896,My Oasis: Anxiety Relief Game,apple,"Games, Family, Health & Fitness, Simulation",Games,4+,320537600,12.0,2017-10-11T22:05:33Z,2024-10-15T07:19:30Z,2.6.7,0.0,True,4.66669,9181,4.66669,9181
My Little Pony Rainbow Runners,1195841989,My Little Pony Rainbow Runners,apple,"Entertainment, Action, Family, Games",Entertainment,4+,202411008,12.0,2017-06-20T21:34:10Z,2024-12-12T13:33:40Z,2024.2.0,0.0,True,4.54349,26626,4.54349,26626
Extreme Racing 2 - Real driving RC cars game!,887947640,CSR 2 - Realistic Drag Racing,apple,"Games, Sports, Racing, Sports",Games,4+,3757059072,13.0,2016-06-29T15:33:50Z,2025-09-24T11:00:32Z,6.0.1,0.0,True,4.70878,863167,4.70878,863167
Cars: Lightning League,964436963,Drive Ahead! - Pixel Car Fight,apple,"Games, Racing, Action",Games,9+,628098048,13.0,2015-05-14T07:00:00Z,2025-09-11T11:48:06Z,5.1.6,0.0,True,4.61917,147207,4.61917,147207
Little Panda Run,1264951751,Baby Panda World - BabyBus,apple,Education,Education,4+,513737728,13.0,2018-02-02T07:43:56Z,2025-09-25T01:08:59Z,10.01.7975,0.0,True,4.37779,2451,4.37779,2451
Snoopy's Town Tale - City Building Simulator,1013992870,Peanuts: Snoopy Town Tale,apple,"Games, Entertainment, Simulation, Family",Games,4+,177173504,12.0,2015-11-05T03:08:08Z,2025-08-29T14:15:16Z,4.6.2,0.0,True,4.46936,9954,4.46936,9954
Car Racing game for Kids - Beepzz Dogs 🐕,1478453789,Car Games ·,apple,"Games, Racing, Simulation",Games,4+,322075648,13.0,2019-11-05T08:00:00Z,2025-09-22T15:28:42Z,8.9,0.0,True,4.59309,99168,4.59309,99168
Pony Friends 🦄 - Beepzz racing game for kids,533173905,MY LITTLE PONY: MAGIC PRINCESS,apple,"Games, Simulation, Entertainment, Adventure",Games,4+,2096636928,11.0,2012-11-08T08:00:00Z,2025-09-12T07:17:18Z,10.5.1,0.0,True,4.3166,21952,4.3166,21952
LEGO® Juniors Create & Cruise,6443582961,LEGO® Hill Climb Adventures,apple,"Games, Racing, Adventure",Games,4+,925194240,16.0,2024-05-29T07:00:00Z,2025-06-26T08:50:54Z,2.2.2,0.0,True,4.46727,2001,4.46727,2001
Xtreme Racing 2018 - Jeep & 4x4 off road simulator,1087085679,4x4 Mania,apple,"Games, Simulation, Racing",Games,4+,1540431872,13.0,2016-04-02T18:24:20Z,2025-09-23T02:30:11Z,4.34.03,0.0,True,4.62664,20868,4.62664,20868
Thomas & Friends: Go Go Thomas,943432325,Thomas & Friends: Go Go Thomas,apple,"Entertainment, Education",Entertainment,4+,471945216,13.0,2014-12-17T08:00:00Z,2025-06-10T18:09:18Z,2025.3.0,0.0,True,4.50752,31307,4.50752,31307
Ninja Dash - Ronin Jump RPG,1296210917,Ninja Dash - Ronin Jump RPG,apple,"Games, Casual, Entertainment, Role Playing",Games,9+,82622464,9.0,2018-05-31T13:18:28Z,2018-06-12T21:51:14Z,1.1.11,0.0,True,4.78728,2628,4.78728,2628
Paw Patrol by ShuffleCards,1551375407,PAW Patrol Rescue World,apple,"Entertainment, Education",Entertainment,4+,693810176,13.0,2021-07-26T07:00:00Z,2025-08-25T12:47:38Z,2025.6.0,0.0,True,4.28368,473192,4.28368,473192
Plants vs. Zombies™ Heroes,1000876192,Plants vs. Zombies™ Heroes,apple,"Games, Card, Entertainment, Strategy",Games,9+,175144960,13.0,2016-10-18T08:23:51Z,2025-07-22T06:34:20Z,1.62.10,0.0,True,4.686,131697,4.686,131697
Transformers Rescue Bots: Disaster Dash,1198584568,Transformers Rescue Bots: Dash,apple,"Entertainment, Education",Entertainment,4+,268133376,12.0,2017-04-25T22:46:26Z,2024-12-17T14:31:33Z,2024.2.0,0.0,True,4.5145,40653,4.5145,40653
PAC-MAN Pop,1002340615,PAC-MAN 256 - Arcade Run,apple,"Games, Action, Casual",Games,4+,143326208,11.0,2015-08-19T08:47:30Z,2023-11-29T13:53:31Z,2.1.0,0.0,True,4.64968,19254,4.64968,19254
L.O.L. Surprise Ball Pop,1592653448,L.O.L. Surprise! Beauty Salon,apple,"Games, Entertainment, Role Playing, Family",Games,4+,372916224,13.0,2022-04-12T07:00:00Z,2025-05-02T14:07:37Z,3.6,0.0,True,4.47824,2597,4.47824,2597
Little Fire Station,1218897494,Little Fire Station For Kids,apple,"Education, Entertainment",Education,4+,392883200,10.0,2017-05-22T11:03:46Z,2021-08-13T09:02:02Z,1.5,3.99,False,4.3741,556,4.3741,556
Ice Cream Jump,555647513,Ice Cream Jump,apple,"Games, Entertainment, Casual, Family",Games,4+,16147456,8.0,2012-09-04T00:38:54Z,2018-05-22T19:52:03Z,1.21,0.0,True,4.40994,805,4.40994,805
Disney Magic Kingdoms: Build Your Own Magical Park,731592936,Disney Magic Kingdoms,apple,"Games, Simulation, Family, Entertainment",Games,4+,1872783360,13.0,2016-03-16T17:52:43Z,2025-09-09T07:19:31Z,10.8.0g,0.0,True,4.65425,184059,4.65425,184059
Turbo FAST,1561479393,Mask VPN Secure Unlimited,apple,Productivity,Productivity,12+,27354112,12.0,2021-04-27T07:00:00Z,2025-09-18T08:56:59Z,1.8,0.0,True,4.03212,2366,4.03212,2366
My Little Pony: Harmony Quest,1072380719,My Little Pony: Harmony Quest,apple,"Entertainment, Puzzle, Family, Games",Entertainment,4+,255984640,12.0,2016-06-21T21:33:15Z,2024-12-20T15:00:55Z,2024.2.0,0.0,True,4.48691,51783,4.48691,51783
Transformers Rescue Bots: Hero Adventures,1058526204,Transformers: Earth Wars,apple,"Games, Strategy, Simulation",Games,12+,295691264,15.0,2016-05-31T14:01:00Z,2025-09-22T10:32:32Z,27.0,0.0,True,4.62387,32651,4.62387,32651
Robots Vs Zombies: Transform To Race And Fight,1017311881,Dead Ahead: Zombie Warfare,apple,"Games, Strategy, Entertainment, Adventure",Games,12+,216041472,13.0,2017-03-08T15:52:35Z,2025-08-27T09:32:02Z,4.2.3,0.0,True,4.61655,55799,4.61655,55799
Equestria Girls,533173905,MY LITTLE PONY: MAGIC PRINCESS,apple,"Games, Simulation, Entertainment, Adventure",Games,4+,2096636928,11.0,2012-11-08T08:00:00Z,2025-09-12T07:17:18Z,10.5.1,0.0,True,4.3166,21952,4.3166,21952
Disney Crossy Road,924373886,Crossy Road,apple,"Games, Casual, Family, Entertainment",Games,9+,327169024,13.0,2014-11-20T08:00:00Z,2025-09-23T23:08:07Z,7.6.1,0.0,True,4.66787,696910,4.66787,696910
Touch Racing 2 - Mini RC Race,887947640,CSR 2 - Realistic Drag Racing,apple,"Games, Sports, Racing, Sports",Games,4+,3757059072,13.0,2016-06-29T15:33:50Z,2025-09-24T11:00:32Z,6.0.1,0.0,True,4.70878,863167,4.70878,863167
Doctor Pets,952172720,Doctor Pets - Animal Vet Games,apple,"Games, Simulation, Family, Entertainment",Games,4+,61372416,13.0,2015-01-08T22:02:52Z,2025-01-31T20:17:33Z,1.45,0.0,True,4.48148,54,4.48148,54
Supermarket – Game for Kids,1326517659,Kid-E-Cats: Supermarket Game!,apple,"Games, Family, Role Playing, Entertainment",Games,4+,215539712,13.0,2017-12-31T04:44:30Z,2025-03-03T08:43:39Z,1.7.7,0.0,True,4.54994,791,4.54994,791
Supermarket Manager: Cashier Simulator Kids Games,1519029260,Cashier 3D,apple,"Games, Casual",Games,12+,300860416,13.0,2020-06-18T07:00:00Z,2025-09-19T09:04:44Z,63.2.9,0.0,True,4.48949,116984,4.48949,116984
Kids Animals Jigsaw Puzzles 😄,6479604972,Jigsaw Master - Jigsaw Puzzles,apple,"Games, Board",Games,4+,256607232,13.0,2024-04-09T07:00:00Z,2025-08-14T11:51:50Z,1.0.16,0.0,True,4.88569,7401,4.88569,7401
Inside Out Thought Bubbles,918780702,Inside Out Thought Bubbles,apple,"Games, Puzzle, Casual, Entertainment",Games,4+,469773312,13.0,2015-06-18T04:45:18Z,2025-07-24T16:29:43Z,2.9.4,0.0,True,4.17976,9407,4.17976,9407
Monster High™,1289152098,Monster High™ Beauty Salon,apple,"Games, Family, Role Playing, Entertainment",Games,12+,241562624,13,2017-10-26T07:33:32Z,2025-09-18T19:43:00Z,5.7.0,0.0,True,4.62531,352523,4.62531,352523
Cute Pet Puppies,1587657530,FLOOF - My Pet House,apple,"Education, Entertainment",Education,4+,654242816,13.0,2021-10-06T07:00:00Z,2025-08-26T16:53:51Z,15.1.73,0.0,True,4.22686,3663,4.22686,3663
Frozen Free Fall,692412579,Disney Frozen Free Fall Game,apple,"Games, Family, Entertainment, Puzzle",Games,4+,599804928,12.0,2013-11-21T05:25:29Z,2025-09-24T16:26:01Z,14.9.1,0.0,True,4.69346,78240,4.69346,78240
Monster High™ Minis Mania,1289152098,Monster High™ Beauty Salon,apple,"Games, Family, Role Playing, Entertainment",Games,12+,241562624,13,2017-10-26T07:33:32Z,2025-09-18T19:43:00Z,5.7.0,0.0,True,4.62531,352523,4.62531,352523
Shopkins World!,658439903,Strawberry Shortcake Bake Shop,apple,"Entertainment, Education",Entertainment,4+,212188160,13.0,2013-11-06T12:31:10Z,2025-06-27T16:36:31Z,2025.1.0,0.0,True,4.44085,132675,4.44085,132675
Monica Toy TV,936971630,YouTube Kids,apple,"Entertainment, Education",Entertainment,4+,197515264,16.0,2015-02-23T15:43:34Z,2025-09-23T00:07:17Z,10.38,0.0,True,4.65613,2675975,4.65613,2675975
Toy Guitar with songs for kids,405338085,Guitar : Play & Learn Chords,apple,"Education, Music",Education,4+,235908096,16.0,2011-01-25T01:19:12Z,2025-07-17T17:02:52Z,9.6.9,0.0,True,4.55219,7617,4.55219,7617
Endless Numbers,804360921,Endless Numbers,apple,"Education, Entertainment",Education,4+,111582208,10.0,2014-03-27T02:27:31Z,2022-08-15T18:19:17Z,3.2,0.0,True,4.40513,1365,4.40513,1365
Toddler Learning Games - Little Kids Games,533412119,KidloLand Kids Toddler Games,apple,"Education, Games, Puzzle, Family",Education,4+,484676608,12.0,2012-07-28T07:00:00Z,2025-09-23T11:12:15Z,35.6,0.0,True,4.26703,117321,4.26703,117321
Sworkit Kids - Fitness Meets Fun,527219710,Sworkit Fitness & Wellness App,apple,"Health & Fitness, Travel",Health & Fitness,4+,171475968,16.6,2012-05-22T00:24:14Z,2025-09-23T16:47:10Z,11.4.0,0.0,True,4.70735,29858,4.70735,29858
Earth to Luna! Watch and Play,1039841501,TerraGenesis - Space Settlers,apple,"Games, Simulation, Entertainment, Strategy",Games,4+,366164992,15.6,2016-07-06T21:15:44Z,2025-05-29T13:43:58Z,6.36,0.0,True,4.62291,32102,4.62291,32102
Nancy Drew Codes and Clues,1627128639,An Elmwood Trail,apple,"Games, Adventure, Puzzle",Games,9+,252601344,13.4,2023-03-30T07:00:00Z,2025-07-24T15:06:37Z,3.1.1,0.0,True,4.87777,152219,4.87777,152219
Masha and the Bear Child Games,6447357542,Masha and the Bear: Cooking 3D,apple,"Games, Entertainment, Family, Role Playing",Games,4+,687154176,13.0,2023-08-22T07:00:00Z,2025-08-18T22:05:26Z,1.9.3,0.0,True,4.35072,978,4.35072,978
codeSpark Academy & The Foos,923441570,codeSpark - Coding for Kids,apple,"Education, Puzzle, Games, Family",Education,4+,142272512,12.0,2014-11-03T02:07:21Z,2025-08-27T21:50:07Z,4.25.00,0.0,True,4.57325,39998,4.57325,39998
Toca Builders,1208138685,Toca Boca World,apple,"Education, Entertainment",Education,4+,804529152,13.0,2018-11-21T18:39:24Z,2025-09-21T21:09:03Z,1.116,0.0,True,4.25706,712101,4.25706,712101
LEGO® Friends,1280277415,LEGO® Friends Heartlake Rush,apple,"Games, Racing, Family, Entertainment",Games,4+,385446912,13.0,2017-12-05T11:12:55Z,2025-04-29T04:25:08Z,3.1.0,0.0,True,4.25207,2420,4.25207,2420
My Little Work – Garage,720288164,My Little Work – Garage,apple,"Games, Family, Education",Games,4+,220097536,12.0,2013-10-24T07:00:00Z,2025-06-12T11:56:33Z,2.4.3,3.99,False,3.61538,13,3.61538,13
"Alizay, pirate girl",645423397,"Alizay, pirate girl - Free",apple,"Books, Games, Adventure",Book,4+,221907968,6.0,2013-06-01T07:00:00Z,2016-05-26T14:13:04Z,4.0.0,0.0,True,3.83333,6,3.83333,6
Word Search Games in english,1357802596,Word Search ·,apple,"Games, Board, Education, Word",Games,4+,200924160,13.0,2018-03-19T18:15:51Z,2025-09-02T14:13:20Z,6.7,0.0,True,4.64738,121286,4.64738,121286
Chess Free,329218549,Chess - Play & Learn Online,apple,"Games, Strategy, Board, Entertainment",Games,4+,308273152,16.0,2009-10-29T03:18:55Z,2025-09-22T04:17:06Z,4.9.16,0.0,True,4.81324,634929,4.81324,634929
Tic Tac Toe,1606703142,Tic Tac Toe - 2 Player Game,apple,"Games, Casual, Board",Games,12+,255889408,13.0,2022-01-26T08:00:00Z,2025-09-23T01:10:35Z,4.5,0.0,True,4.85152,52800,4.85152,52800
Dominos Game ✔️,1225888584,Dominos - Best Dominoes Game,apple,"Games, Puzzle, Board, Entertainment",Games,12+,178860032,13.0,2017-05-08T16:29:25Z,2024-12-10T15:50:51Z,2.7.1,0.0,True,4.59537,218792,4.59537,218792
Checkers ✔️,1490271170,Checkers - Online & Offline,apple,"Games, Board",Games,4+,249799680,15.1,2020-04-14T07:00:00Z,2025-09-12T16:47:39Z,2.9.2,0.0,True,4.80454,13159,4.80454,13159
Crazy Colors: Bubbles Matching,1532850907,Bubble Pop-Pop Bubbles,apple,"Games, Puzzle, Board, Entertainment",Games,4+,111869952,13.0,2020-11-06T08:00:00Z,2024-09-21T01:17:25Z,24.0917.02,0.0,True,4.71454,8926,4.71454,8926
Chess for Kids - Play & Learn,629375826,Chess for Kids - Play & Learn,apple,"Games, Family, Board, Education",Games,4+,333421568,14.4,2013-04-06T19:47:24Z,2025-09-04T06:42:21Z,9.0,0.0,True,4.70404,86765,4.70404,86765
Block Puzzle : Night in Egypt,1356820483,Block Puzzle ·,apple,"Games, Puzzle, Board, Entertainment",Games,4+,166549504,12.5,2018-03-13T21:36:04Z,2025-09-24T13:05:48Z,8.8,0.0,True,4.50866,128915,4.50866,128915
Mosaic puzzles,1566877564,Mosaic Puzzles Kids Art Games,apple,"Games, Family, Puzzle, Education",Games,4+,281569280,10.0,2021-06-01T07:00:00Z,2021-06-01T17:08:58Z,1.0,0.0,True,5.0,2,5.0,2
Chess School for Beginners,329218549,Chess - Play & Learn Online,apple,"Games, Strategy, Board, Entertainment",Games,4+,308273152,16.0,2009-10-29T03:18:55Z,2025-09-22T04:17:06Z,4.9.16,0.0,True,4.81324,634929,4.81324,634929
RISK: Global Domination,1051334048,RISK: Global Domination,apple,"Games, Strategy, Board",Games,9+,1441555456,13.5,2015-12-03T13:38:39Z,2025-09-17T06:24:02Z,3.20.1,0.0,True,4.74828,181977,4.74828,181977
Pino chess,329218549,Chess - Play & Learn Online,apple,"Games, Strategy, Board, Entertainment",Games,4+,308273152,16.0,2009-10-29T03:18:55Z,2025-09-22T04:17:06Z,4.9.16,0.0,True,4.81324,634929,4.81324,634929
Chess PRO Free,329218549,Chess - Play & Learn Online,apple,"Games, Strategy, Board, Entertainment",Games,4+,308273152,16.0,2009-10-29T03:18:55Z,2025-09-22T04:17:06Z,4.9.16,0.0,True,4.81324,634929,4.81324,634929
Children Educational Game Full,1004562049,ABC Kids: Fun Learning Games,apple,"Education, Entertainment",Education,4+,644425728,12.0,2016-01-24T19:32:29Z,2025-09-04T07:48:42Z,5.25.0,0.0,True,4.45891,48713,4.45891,48713
All-in-One Mahjong 3 FREE,347878114,Mahjong!!,apple,"Games, Board, Puzzle",Games,4+,75375616,9.3,2009-12-24T11:45:44Z,2022-06-30T16:25:35Z,7.5,0.0,True,4.69618,318511,4.69618,318511
Hactar Go,1465746992,SmartGo One,apple,"Games, Books, Strategy, Board",Games,4+,98989056,16.0,2022-04-07T07:00:00Z,2025-09-12T21:40:54Z,2.6,0.0,True,4.80485,1481,4.80485,1481
All-in-One Mahjong 3,1217925171,Mahjong City Tours: Tile Match,apple,"Games, Board, Puzzle",Games,4+,349395968,15.2,2017-10-11T12:39:36Z,2025-09-03T17:00:08Z,65.2.2,0.0,True,4.85904,254495,4.85904,254495
World Racers family board game,1384105520,Car Game for Kids & Toddlers,apple,"Education, Family, Games, Racing",Education,4+,210821120,12.0,2018-08-04T03:37:48Z,2025-06-05T06:44:45Z,3.9.0,0.0,True,4.31104,66400,4.31104,66400
SweetLand — Family Board Game,1464689103,Family Island — Farming game,apple,"Games, Adventure, Entertainment, Simulation",Games,12+,695773184,13.0,2019-11-18T08:00:00Z,2025-09-22T09:34:13Z,2025172.0.81050,0.0,True,4.75955,412337,4.75955,412337
Steam: Rails to Riches,1016459121,Steam: Rails to Riches,apple,"Games, Board, Entertainment, Family",Games,4+,349003776,9.0,2015-11-03T17:25:38Z,2021-03-31T20:45:38Z,3.4.9,4.99,False,4.34074,135,4.34074,135
Whoowasit? - Best kids game!,1462117269,Sky: Children of the Light,apple,"Games, Family, Social Networking, Role Playing",Games,9+,2690498560,13.0,2019-07-21T12:38:07Z,2025-09-16T18:58:03Z,0.30.8,0.0,True,4.82815,251554,4.82815,251554
Lanterns: The Harvest Festival,1155269699,Lanterns: The Harvest Festival,apple,"Games, Board, Strategy",Games,4+,240618496,12.0,2016-10-31T23:22:20Z,2025-09-23T17:20:05Z,2.3.0,4.99,False,4.61594,138,4.61594,138
Tsuro - The Game of the Path,957124541,Tsuro - The Game of the Path,apple,"Games, Family, Board, Entertainment",Games,4+,168201216,8.0,2016-02-03T05:06:58Z,2021-10-20T05:40:13Z,1.12,3.99,False,4.64516,1519,4.64516,1519
THE aMAZEing Labyrinth,1475280731,Tomb of the Mask: Color Maze,apple,"Games, Casual, Puzzle",Games,4+,178625536,13.0,2019-10-23T07:00:00Z,2025-07-18T08:23:30Z,1.10.53,0.0,True,4.74909,81073,4.74909,81073
Chess and Mate,329218549,Chess - Play & Learn Online,apple,"Games, Strategy, Board, Entertainment",Games,4+,308273152,16.0,2009-10-29T03:18:55Z,2025-09-22T04:17:06Z,4.9.16,0.0,True,4.81324,634929,4.81324,634929
Kids Balloon Pop Game Free 🎈,1498726683,Balloon Pop Toddler Baby Game,apple,"Games, Family, Education, Casual",Games,4+,229491712,13.0,2020-02-29T08:00:00Z,2025-09-22T07:21:08Z,19.01.08,0.0,True,4.75692,7323,4.75692,7323
Sounds for Toddlers FREE,533412119,KidloLand Kids Toddler Games,apple,"Education, Games, Puzzle, Family",Education,4+,484676608,12.0,2012-07-28T07:00:00Z,2025-09-23T11:12:15Z,35.6,0.0,True,4.26703,117321,4.26703,117321
Elmo Calls by Sesame Street,467703220,Elmo Calls,apple,"Education, Family, Games",Education,4+,179206144,15.0,2011-12-09T08:00:00Z,2025-08-21T14:05:03Z,4.6.1,1.99,False,4.36104,950,4.36104,950
Sago Mini Friends,874425722,Sago Mini World: Kids Games,apple,"Education, Entertainment",Education,4+,1127249920,12.0,2014-08-07T07:00:00Z,2025-09-25T12:58:58Z,8.3.1538,0.0,True,4.35852,56125,4.35852,56125
Tee and Mo Bath Time Free,1045596671,Tee and Mo Bath Time,apple,"Games, Education, Family",Games,4+,938157056,11.0,2015-10-27T10:48:21Z,2023-08-01T03:32:02Z,1.2.6,1.99,False,0.0,0,0.0,0
Bita and the Animals - Pelos Ares,698689773,"Animals for Kids, toddler game",apple,"Education, Games, Family, Word",Education,4+,130554880,12.0,2013-09-28T20:02:10Z,2024-10-05T05:44:21Z,9.5.2,0.0,True,4.30096,1977,4.30096,1977
TO-FU Oh!SUSHI,1131656141,TO-FU Oh!SUSHI,apple,"Education, Family, Games",Education,4+,157263872,8.0,2016-09-29T07:20:15Z,2020-03-16T05:48:33Z,3.2,0.0,True,4.14872,390,4.14872,390
DreamWorks Friends,1466454746,Blink - Make New Friends,apple,"Social Networking, Entertainment",Social Networking,12+,110735360,17.0,2019-09-07T07:00:00Z,2025-07-21T13:41:11Z,1.9.3,0.0,True,4.32922,5507,4.32922,5507
Avokiddo Emotions,661758013,Avokiddo Emotions,apple,"Education, Family, Games",Education,4+,233683968,11.0,2013-07-11T07:00:00Z,2023-11-27T06:57:13Z,1.9.2,4.99,False,4.37201,3465,4.37201,3465
Nighty Night Circus,931936670,Nighty Night Circus,apple,"Education, Books",Education,4+,480967680,10.0,2014-11-06T01:08:54Z,2021-03-25T16:03:38Z,4.8,3.99,False,4.35354,99,4.35354,99
Sago Mini Babies,874425722,Sago Mini World: Kids Games,apple,"Education, Entertainment",Education,4+,1127249920,12.0,2014-08-07T07:00:00Z,2025-09-25T12:58:58Z,8.3.1538,0.0,True,4.35852,56125,4.35852,56125
Dr. Panda & Toto's Treehouse,899441948,Dr. Panda & Toto's Treehouse,apple,"Education, Entertainment",Education,4+,202673152,10.0,2014-08-14T07:00:00Z,2022-09-01T19:16:22Z,1.83,3.99,False,4.32203,118,4.32203,118
Fun Kid Racing - Motocross,695531774,Mad Skills Motocross 2,apple,"Games, Racing, Sports, Action",Games,9+,286872576,12.0,2014-02-20T08:00:00Z,2025-01-06T07:00:23Z,2.54,0.0,True,4.18604,5085,4.18604,5085
Barbie Life™,1296796112,Barbie Dreamhouse Adventures,apple,"Entertainment, Education",Entertainment,4+,544501760,13.0,2018-08-04T10:10:00Z,2025-08-18T12:25:08Z,2025.6.0,0.0,True,4.38957,499588,4.38957,499588
Palace Pets in Whisker Haven,1660950862,Princess Palace Pets World,apple,"Games, Simulation, Entertainment, Role Playing",Games,4+,453941248,12.0,2023-01-04T08:00:00Z,2025-08-06T11:09:07Z,1.8,0.0,True,3.88214,1400,3.88214,1400
Sweet Baby Girl - Dream House and Play Time,1530385088,Tizi Home Design Girl Games,apple,"Games, Family, Role Playing, Entertainment",Games,4+,654556160,13.0,2020-09-27T07:00:00Z,2025-09-15T09:56:21Z,7.2,0.0,True,4.70838,56951,4.70838,56951
Hello Kitty Lunchbox,969589921,Hello Kitty Lunchbox,apple,"Entertainment, Education",Entertainment,4+,155473920,12.0,2015-06-24T21:15:26Z,2025-08-14T14:19:50Z,2025.1.0,0.0,True,4.51077,81833,4.51077,81833
Sweet Baby Girl Newborn Baby,993662590,Sweet Baby Girl Newborn,apple,"Games, Family, Education",Games,4+,86922240,8.0,2015-05-27T09:46:12Z,2018-12-18T23:10:06Z,1.2.2,0.0,True,4.26316,38,4.26316,38
COOKING MAMA Let's Cook!,987360477,Cooking Mama: Let's cook!,apple,"Games, Trivia, Education, Family",Games,4+,212145152,13.0,2015-05-14T10:32:31Z,2025-09-25T07:59:50Z,1.123.0,0.0,True,4.04964,9408,4.04964,9408
Ever After High™ Charmed Style,1289152098,Monster High™ Beauty Salon,apple,"Games, Family, Role Playing, Entertainment",Games,12+,241562624,13,2017-10-26T07:33:32Z,2025-09-18T19:43:00Z,5.7.0,0.0,True,4.62531,352523,4.62531,352523
Fun Kid Racing,1527978047,Toddler Games for 3+ years old,apple,"Education, Racing, Games, Family",Education,4+,191074304,12.0,2020-09-22T07:00:00Z,2025-07-23T11:03:35Z,1.9.0,0.0,True,4.29545,47700,4.29545,47700
Learn to Read with Tommy Turtle,1209815023,Speechify – Text to Speech,apple,"Productivity, Books",Productivity,4+,389056512,16.0,2017-03-02T21:01:03Z,2025-09-22T13:15:01Z,5.0.4,0.0,True,4.65944,396292,4.65944,396292
Mad Libs,326885152,Mad Libs,apple,"Entertainment, Books",Entertainment,4+,111046656,8.0,2009-08-18T21:50:00Z,2018-12-12T23:31:32Z,3.4.1,0.0,True,4.14196,2860,4.14196,2860
ABCmouse.com,586328581,ABCmouse: Kids Learning Games,apple,"Education, Entertainment",Education,4+,644759552,13.0,2012-12-14T21:10:46Z,2025-09-25T00:25:31Z,8.71.0,0.0,True,4.47851,965926,4.47851,965926
My Little Pony Celebration,533173905,MY LITTLE PONY: MAGIC PRINCESS,apple,"Games, Simulation, Entertainment, Adventure",Games,4+,2096636928,11.0,2012-11-08T08:00:00Z,2025-09-12T07:17:18Z,10.5.1,0.0,True,4.3166,21952,4.3166,21952
Thomas & Friends: Delivery,6469109492,Thomas & Friends™: Let's Roll,apple,"Education, Games",Education,4+,451091456,13.0,2024-04-04T07:00:00Z,2025-09-25T09:08:13Z,7.2.0,0.0,True,4.36135,5604,4.36135,5604
Nasty Goats,969247886,Sky Whale - a Game Shakers App,apple,"Entertainment, Games, Action, Casual",Entertainment,4+,386746368,9.0,2015-09-02T20:16:18Z,2019-07-09T02:24:47Z,3.1.1,0.0,True,4.38612,2753,4.38612,2753
Starfall Free & Member,1176011642,Galaxy Attack: Alien Shooter,apple,"Games, Casual, Action",Games,9+,360009728,15.0,2016-11-15T01:06:30Z,2025-09-24T01:23:43Z,5.14.6,0.0,True,4.71889,622160,4.71889,622160
Animal Jam - Play Wild!,1003820457,Animal Jam,apple,"Entertainment, Simulation, Family, Games",Entertainment,9+,133246976,11.0,2015-08-18T00:21:20Z,2025-09-20T04:46:36Z,113.1,0.0,True,4.30287,81618,4.30287,81618
Video Editor,997362197,InShot - Video Editor,apple,"Photo & Video, Entertainment",Photo & Video,4+,202256384,15.0,2015-06-11T17:51:54Z,2025-09-22T23:08:21Z,1.90.1,0.0,True,4.85686,2307211,4.85686,2307211
Real Racing 3,556164008,Real Racing 3: Car Race Game,apple,"Games, Action, Racing, Entertainment",Games,4+,1590960128,13,2013-02-28T08:00:00Z,2025-08-25T21:31:58Z,13.6.1,0.0,True,4.76689,449987,4.76689,449987
Minecraft,479516143,"Minecraft: Dream it, Build it!",apple,"Games, Simulation, Adventure",Games,9+,1173650432,13.0,2011-11-17T08:00:00Z,2025-08-13T20:50:59Z,1.21.101,6.99,False,4.50124,773872,4.50124,773872
Card Wars - Adventure Time,1163805393,Mighty Party: Battle Heroes,apple,"Games, Role Playing, Strategy",Games,9+,617435136,13.0,2017-09-13T16:03:56Z,2025-09-18T17:20:24Z,47.0.6,0.0,True,4.13934,27688,4.13934,27688
Monash Uni Low FODMAP Diet,586149216,Monash FODMAP Diet,apple,"Medical, Health & Fitness",Medical,12+,28507136,16,2012-12-17T18:43:36Z,2025-09-22T04:23:02Z,4.1.1,7.99,False,4.27843,2453,4.27843,2453
iBP Blood Pressure,306526794,iBP Blood Pressure,apple,"Medical, Health & Fitness",Medical,4+,2758656,11.4,2009-03-03T01:36:04Z,2019-03-17T05:48:26Z,10.1,0.99,False,4.80987,2493,4.80987,2493
Pedi STAT,327963391,Pedi STAT,apple,"Medical, Health & Fitness",Medical,17+,35005440,15.0,2009-08-29T03:28:38Z,2025-09-23T00:05:09Z,5.1.2,5.99,False,4.51613,62,4.51613,62
ASCCP Mobile,1498550832,ASCCP Management Guidelines,apple,Medical,Medical,17+,48359424,11.2,2020-06-05T07:00:00Z,2025-07-31T00:47:35Z,2.3,14.99,False,4.75953,7610,4.75953,7610
Journal Club: Medicine,512153051,Journal Club: Medicine,apple,"Medical, Education",Medical,17+,11000832,11.2,2012-04-24T22:55:50Z,2019-08-13T15:49:13Z,1.8.3,6.99,False,4.2622,164,4.2622,164
Paramedic Protocol Provider,323130614,Paramedic Protocol Provider,apple,"Medical, Health & Fitness",Medical,17+,1586176,14.0,2009-07-18T22:38:29Z,2023-07-08T18:34:24Z,4.5,14.99,False,3.5625,48,3.5625,48
MommyMeds,669222544,MommyMeds,apple,"Medical, Health & Fitness",Medical,12+,18082816,13.0,2013-07-31T03:01:01Z,2025-05-04T22:40:28Z,3.2.6,0.0,True,4.74854,1030,4.74854,1030
Medical ID - In Case of Emergency (ICE),641388921,MyID – Medical ID Profile,apple,"Health & Fitness, Medical",Health & Fitness,4+,85665792,13.0,2013-06-11T17:32:04Z,2025-09-20T04:29:26Z,5.7.3,0.0,True,4.79319,4207,4.79319,4207
Human Anatomy Atlas 2018: Complete 3D Human Body,1117998129,Human Anatomy Atlas 2026,apple,"Medical, Education",Medical,12+,1292391424,15.0,2016-07-28T05:17:20Z,2025-06-02T12:35:30Z,2026.0.19,24.99,False,4.85025,19726,4.85025,19726
Essential Anatomy 3,596684220,Essential Anatomy 5,apple,"Medical, Education",Medical,12+,850763776,9.0,2013-02-14T08:00:00Z,2022-01-22T03:19:54Z,5.0.11,19.99,False,4.84168,19322,4.84168,19322
Vargo Anesthesia Mega App,791467318,Vargo Anesthesia Mega App,apple,"Medical, Reference",Medical,17+,272220160,13.0,2014-01-09T00:00:51Z,2025-09-18T14:46:56Z,9.30,99.99,False,4.74834,151,4.74834,151
EMT Review Plus,404658834,EMT Review Plus,apple,"Medical, Education",Medical,17+,52612096,17.6,2010-11-24T06:28:36Z,2025-05-12T12:45:33Z,4.0.5,13.99,False,3.51111,45,3.51111,45
Muscle Trigger Point Anatomy,348867501,Muscle Trigger Points,apple,"Medical, Health & Fitness",Medical,12+,257827840,12.0,2010-01-06T03:11:25Z,2022-10-28T16:43:51Z,6.6,4.99,False,4.83364,529,4.83364,529
2017 EMRA Antibiotic Guide,863196620,Sanford Guide Antimicrobial,apple,"Medical, Reference",Medical,17+,33977344,15.0,2014-08-28T18:53:16Z,2025-09-18T13:57:47Z,7.0.10,0.0,True,4.7807,1824,4.7807,1824
ASRA Coags,858796572,ASRA Coags,apple,"Medical, Reference",Medical,17+,27941888,13.4,2014-04-14T20:02:54Z,2025-09-09T04:56:37Z,5.1,0.0,True,1.23197,319,1.23197,319
IBM Micromedex Drug Info,444811704,Davis Drug Guide For Nurses,apple,"Medical, Health & Fitness",Medical,17+,154179584,14.3,2011-07-08T21:51:54Z,2024-07-18T20:20:12Z,6.7.3.579,0.0,True,4.80868,8133,4.80868,8133
Diabetes & Diet Tracker,410089731,Carb Manager—Keto Diet Tracker,apple,"Health & Fitness, Lifestyle",Health & Fitness,4+,46979072,13.0,2010-12-30T22:55:05Z,2025-09-05T06:19:05Z,12.5.1,0.0,True,4.82146,714303,4.82146,714303
VeinSeek,1174536386,VeinSeek Pro,apple,Medical,Medical,4+,672768,13.0,2016-11-17T23:12:57Z,2023-11-16T18:33:18Z,1.3.2,6.99,False,2.60869,23,2.60869,23
Block Buddy,1471006793,Block Buddy Pro,apple,Medical,Medical,17+,53643264,11.0,2019-07-16T07:00:00Z,2024-07-30T18:09:43Z,1.1,0.0,True,2.83562,73,2.83562,73
Super Hearing Secret Voices Recorder PRO,1400040339,Phone Conversation Recorder,apple,"Utilities, Business",Utilities,17+,165345280,13.0,2018-08-06T22:42:30Z,2025-09-03T17:15:49Z,3.58,0.0,True,4.4781,20523,4.4781,20523
EMT Study - NREMT Test Prep,1503584128,Pocket Prep EMS 2025,apple,"Education, Medical",Education,12+,77489152,15.0,2020-05-01T07:00:00Z,2025-09-24T13:14:53Z,3.23.5,0.0,True,4.83514,15632,4.83514,15632
Calcium Pro,587386613,Calcium Pro,apple,"Medical, Health & Fitness",Medical,17+,17927168,16.6,2013-02-21T19:01:53Z,2024-12-18T09:30:47Z,1.6.1,0.0,True,4.82916,1118,4.82916,1118
Arrhythmias and Dysrhythmias,579769143,Kardia,apple,"Medical, Health & Fitness",Medical,4+,433119232,15.0,2013-01-06T19:52:57Z,2025-08-20T17:41:59Z,5.51.0,0.0,True,4.82824,183605,4.82824,183605
EMT PASS,6451093965,EMT Test Prep 2025,apple,Education,Education,12+,58920960,13.0,2023-08-02T07:00:00Z,2025-09-19T14:14:08Z,1.0.5,0.0,True,4.74286,105,4.74286,105
Pocket Lab Values,560657918,Lab Values Reference,apple,"Medical, Reference",Medical,17+,119222272,13.0,2012-09-25T08:07:14Z,2022-12-13T01:06:19Z,3.0.1,0.0,True,4.71018,1463,4.71018,1463
Medical terms (OFFLINE),1015991271,Medical Dictionary by Farlex,apple,"Medical, Reference",Medical,17+,36889600,15.0,2015-08-18T20:34:30Z,2024-07-01T22:04:53Z,5.0.11,0.0,True,4.76323,6407,4.76323,6407
"Cardiac diagnosis (heart rate, arrhythmia)",579769143,Kardia,apple,"Medical, Health & Fitness",Medical,4+,433119232,15.0,2013-01-06T19:52:57Z,2025-08-20T17:41:59Z,5.51.0,0.0,True,4.82824,183605,4.82824,183605
ERres- Emergency Medicine,1207424206,Full Code Medical Simulation,apple,"Medical, Education",Medical,17+,95417344,14.0,2017-07-26T20:19:14Z,2025-08-13T20:44:10Z,3.5.1,0.0,True,4.77341,5596,4.77341,5596
FHR 5-Tier 2.0,882398397,Nurture Pregnancy Week by Week,apple,"Medical, Health & Fitness",Medical,12+,474940416,16.0,2014-07-17T07:00:00Z,2025-09-22T06:28:16Z,11.10.8,0.0,True,4.80069,29708,4.80069,29708
AnatomyMapp,510119487,AnatomyMapp,apple,Medical,Medical,4+,177241088,14.0,2012-03-20T04:22:21Z,2024-01-17T16:00:17Z,2.3,19.99,False,4.80889,1957,4.80889,1957
OptoDrum,374981098,OptoDrum,apple,"Medical, Utilities",Medical,4+,2561024,10.0,2010-06-06T01:45:12Z,2019-02-02T16:46:38Z,1.4,4.99,False,2.125,16,2.125,16
"Migraine, Headache Diary HeadApp Pro",6446125528,Migraine Tracker & Diary: MiG,apple,"Health & Fitness, Medical",Health & Fitness,12+,36786176,16.0,2023-10-05T07:00:00Z,2025-09-24T11:49:07Z,1.16.0,0.0,True,4.80054,1840,4.80054,1840
Blood Pressure Companion,458537528,Blood Pressure Companion,apple,"Medical, Health & Fitness",Medical,4+,42216448,14.0,2011-08-24T21:37:18Z,2024-12-06T19:12:05Z,9.1.3,0.0,True,4.28772,1352,4.28772,1352
Visual Anatomy 2,1117998129,Human Anatomy Atlas 2026,apple,"Medical, Education",Medical,12+,1292391424,15.0,2016-07-28T05:17:20Z,2025-06-02T12:35:30Z,2026.0.19,24.99,False,4.85025,19726,4.85025,19726
"Muscle Premium - Human Anatomy, Kinesiology, Bones",1302056349,Strength Training by M&M,apple,"Health & Fitness, Education",Health & Fitness,17+,312227840,16.0,2017-11-23T01:04:46Z,2025-07-08T10:22:26Z,3.2.2,0.0,True,4.86989,7340,4.86989,7340
CCHT PREP,6478266765,CCHT Test Prep 2025,apple,Education,Education,4+,60544000,12.0,2024-04-19T07:00:00Z,2024-12-20T12:51:44Z,1.0.2,0.0,True,4.81633,49,4.81633,49
Paramedic Meds,1146393027,EMS Notes: EMT & Paramedic,apple,"Medical, Education",Medical,17+,153263104,13.0,2016-11-02T23:00:35Z,2025-07-17T06:36:25Z,5.7.8,0.0,True,4.78571,42,4.78571,42
Advanced Comprehension Therapy,1141282192,Advanced Comprehension Therapy,apple,"Medical, Education",Medical,4+,156550144,9.0,2016-11-07T22:00:01Z,2024-06-24T16:40:37Z,3.02,24.99,False,4.71713,251,4.71713,251
OmniMedix Medical Calculator,1001640662,MDCalc Medical Calculator,apple,"Medical, Reference",Medical,17+,57078784,12.4,2016-03-07T03:07:02Z,2025-08-27T13:01:08Z,5.4.6,0.0,True,4.91625,50747,4.91625,50747
Breathing Zone,369838631,Breathing Zone,apple,"Health & Fitness, Lifestyle",Health & Fitness,4+,22265856,13.0,2010-05-12T16:14:14Z,2022-04-02T05:04:15Z,5.7,0.0,True,4.78821,3239,4.78821,3239
Lab Values + Medical Reference,560657918,Lab Values Reference,apple,"Medical, Reference",Medical,17+,119222272,13.0,2012-09-25T08:07:14Z,2022-12-13T01:06:19Z,3.0.1,0.0,True,4.71018,1463,4.71018,1463
Recognise Foot,1082939619,Recognise Foot,apple,"Medical, Health & Fitness",Medical,12+,47352832,12.0,2016-02-24T00:59:37Z,2024-09-10T15:06:34Z,1.9,5.99,False,3.27778,18,3.27778,18
Anti Mosquito simulation,6444249896,Mosquito io,apple,"Games, Adventure, Role Playing",Games,9+,248399872,13.0,2022-11-14T08:00:00Z,2024-09-26T14:06:14Z,6.0.0,0.0,True,4.65276,30138,4.65276,30138
Pain Tracker & Diary,1482581097,Bearable - Symptom Tracker,apple,"Health & Fitness, Medical",Health & Fitness,4+,108432384,15.1,2020-03-17T07:00:00Z,2025-09-22T09:50:20Z,1.0.566,0.0,True,4.75995,4270,4.75995,4270
Menstrual Calendar Premium,657189652,Clue Period & Cycle Tracker,apple,"Health & Fitness, Medical",Health & Fitness,12+,452296704,17.0,2013-07-09T22:34:14Z,2025-09-17T10:06:48Z,239.0,0.0,True,4.76363,380946,4.76363,380946
Whist - Tinnitus Relief,928432517,ReSound Tinnitus Relief,apple,Health & Fitness,Health & Fitness,12+,122981376,15.0,2014-11-06T16:35:02Z,2025-05-06T05:53:37Z,5.2.8,0.0,True,4.74587,16677,4.74587,16677
Critical Care Paramedic Review,504065732,Critical- Medical Guide,apple,"Medical, Health & Fitness",Medical,17+,378426368,15.0,2012-02-28T18:33:00Z,2022-08-18T01:17:58Z,33,14.99,False,4.8258,1062,4.8258,1062
With Helper Pro Pill Reminder,816347839,Pill Reminder - All in One,apple,"Medical, Health & Fitness",Medical,12+,16630784,12.0,2014-03-20T20:18:34Z,2025-05-26T11:32:38Z,7.8,0.0,True,4.72222,25700,4.72222,25700
Manage My Pain Pro,1429270372,Hinge Health,apple,"Medical, Health & Fitness",Medical,12+,227299328,15.1,2020-09-28T07:00:00Z,2025-09-22T10:29:43Z,1.185.1,0.0,True,4.92839,103539,4.92839,103539
"End Anxiety Pro - Stress, Panic Attack Help",1289018369,Rootd: Panic Attacks & Anxiety,apple,"Health & Fitness, Education",Health & Fitness,4+,210928640,15.6,2017-10-08T19:25:47Z,2025-09-26T00:58:21Z,3.1.16,0.0,True,4.81834,9568,4.81834,9568
Acupuncture Assistant,878888782,Acupuncture Assistant,apple,"Medical, Education",Medical,17+,97542144,15.6,2014-05-20T13:48:30Z,2025-08-26T12:21:41Z,9.0.11,17.99,False,4.81818,11,4.81818,11
Number Therapy,1002098877,Number Therapy Lite,apple,"Medical, Education",Medical,4+,7802880,9.0,2015-06-30T22:10:56Z,2025-02-07T18:08:04Z,1.15,0.0,True,4.77778,117,4.77778,117
InfantRisk Center HCP,669222544,MommyMeds,apple,"Medical, Health & Fitness",Medical,12+,18082816,13.0,2013-07-31T03:01:01Z,2025-05-04T22:40:28Z,3.2.6,0.0,True,4.74854,1030,4.74854,1030
EMT Tutor NREMT-B Study Guide,1503584128,Pocket Prep EMS 2025,apple,"Education, Medical",Education,12+,77489152,15.0,2020-05-01T07:00:00Z,2025-09-24T13:14:53Z,3.23.5,0.0,True,4.83514,15632,4.83514,15632
Hospitalist Handbook,999527431,Pocket ICU,apple,"Medical, Health & Fitness",Medical,17+,9931776,13.1,2015-07-08T17:38:33Z,2024-09-05T12:15:38Z,1.9,0.0,True,4.5894,302,4.5894,302
PTA Content Master,373239450,PTA Content Master,apple,"Medical, Education",Medical,4+,54721536,10.3,2010-05-28T04:57:52Z,2021-11-21T14:24:39Z,5.0.009,29.99,False,4.85829,868,4.85829,868
Navi Radiography Pro,1533271633,RX - Radiographic Positioning,apple,"Medical, Education",Medical,4+,82189312,13.0,2020-09-29T07:00:00Z,2023-12-20T03:13:13Z,1.2.1,0.0,True,4.66102,59,4.66102,59
Nursing Care Plan NANDA Tables,1550433302,Nursing Exams Mobile Prep 2025,apple,"Education, Medical",Education,12+,37814272,13.0,2021-02-17T08:00:00Z,2024-12-27T20:58:00Z,3.5.4,0.0,True,4.77116,2810,4.77116,2810
A Manual of Acupuncture,6742638783,A Manual of Acupuncture 2025,apple,"Medical, Books",Medical,17+,41854976,14.0,2025-04-06T07:00:00Z,2025-09-11T04:25:53Z,5.8,0.0,True,1.73333,30,1.73333,30
palmPEDi: Pediatric Tape,1038174793,Handtevy Mobile,apple,Medical,Medical,17+,212323328,15.0,2015-11-05T17:24:36Z,2025-08-27T16:27:38Z,5.21.0,0.0,True,4.907,656,4.907,656
GoodRx Drug Prices and Coupons,485357017,GoodRx: Prescription Coupons,apple,"Medical, Health & Fitness",Medical,17+,124593152,16.0,2011-12-07T20:47:44Z,2025-09-23T20:24:11Z,8.54.0,0.0,True,4.84114,681696,4.84114,681696
MyChart,382952264,MyChart,apple,Medical,Medical,17+,132150272,16.2,2010-09-14T08:14:14Z,2025-09-22T14:22:47Z,11.5.2,0.0,True,4.61582,536848,4.61582,536848
FollowMyHealth®,502147249,FollowMyHealth®,apple,"Medical, Health & Fitness",Medical,12+,73806848,17.0,2012-03-07T16:00:01Z,2025-09-11T02:52:09Z,25.6,0.0,True,4.77806,97823,4.77806,97823
CareZone,6499107849,Medisafe Carezone: PillMemo,apple,"Medical, Productivity",Medical,4+,74643456,17.4,2024-04-24T07:00:00Z,2025-09-04T08:12:44Z,v1.4.6,0.0,True,4.88889,9,4.88889,9
Ovia Pregnancy Tracker & Baby Countdown Calendar,570244389,Ovia Cycle & Pregnancy Tracker,apple,"Medical, Health & Fitness",Medical,12+,97699840,17.0,2012-12-08T17:53:18Z,2025-09-16T12:02:50Z,7.6.0,0.0,True,4.82542,84214,4.82542,84214
Teladoc Member,656872607,Teladoc Health,apple,"Medical, Health & Fitness",Medical,12+,252558336,15.0,2013-06-11T17:50:03Z,2025-08-22T05:50:07Z,5.20.2,0.0,True,4.78429,659619,4.78429,659619
myAir™ for Air10™ by ResMed,1109518523,myAir™ by Resmed,apple,"Medical, Health & Fitness",Medical,12+,225742848,16.0,2016-09-02T12:17:51Z,2025-09-25T17:07:50Z,4.1.1,0.0,True,4.65965,91595,4.65965,91595
Blood Pressure,6749375693,VitalPulse: Heart Rate Monitor,apple,"Health & Fitness, Medical",Health & Fitness,4+,40992768,16.6,2025-08-28T07:00:00Z,2025-08-28T20:01:53Z,1.0,0.0,True,4.5625,16,4.5625,16
Pregnancy Week By Week,289560144,Pregnancy & Baby Tracker - WTE,apple,"Medical, Health & Fitness",Medical,12+,121916416,17.0,2019-02-01T08:00:00Z,2025-09-22T03:08:24Z,18.17,0.0,True,4.86693,361670,4.86693,361670
Doctor On Demand,591981144,Doctor On Demand,apple,"Medical, Health & Fitness",Medical,17+,238245888,16.6,2013-10-01T07:00:00Z,2025-09-23T13:58:52Z,2025.39.1,0.0,True,4.90236,132321,4.90236,132321
BioLife Plasma Services,1356589861,BioLife Plasma Services,apple,"Medical, Health & Fitness",Medical,4+,45891584,12.4,2018-03-26T01:42:36Z,2025-07-28T09:45:13Z,3.1.4(481),0.0,True,2.52122,3181,2.52122,3181
OneTouch Reveal,651293599,OneTouch Reveal® app,apple,"Medical, Health & Fitness",Medical,17+,109719552,16.0,2013-11-08T21:20:36Z,2025-07-10T14:05:03Z,5.15.0,0.0,True,4.78301,153190,4.78301,153190
To,835599320,"TikTok - Videos, Shop & LIVE",apple,"Entertainment, Photo & Video",Entertainment,12+,635882496,12.0,2014-04-02T22:44:45Z,2025-09-23T23:03:14Z,41.8.0,0.0,True,4.73825,18161500,4.73825,18161500
Ovia Fertility Tracker & Ovulation Calculator,570244389,Ovia Cycle & Pregnancy Tracker,apple,"Medical, Health & Fitness",Medical,12+,97699840,17.0,2012-12-08T17:53:18Z,2025-09-16T12:02:50Z,7.6.0,0.0,True,4.82542,84214,4.82542,84214
Anthem Anywhere,1463423283,Sydney Health,apple,"Medical, Health & Fitness",Medical,4+,128683008,15.1,2019-08-30T07:00:00Z,2025-09-18T12:42:24Z,9.5.1,0.0,True,4.82412,437788,4.82412,437788
Blood Donor,911428916,Blood Donor American Red Cross,apple,"Medical, Health & Fitness",Medical,4+,48131072,17.0,2014-08-29T20:06:21Z,2025-09-09T11:31:39Z,2.21.0,0.0,True,4.85613,79690,4.85613,79690
My Calendar - Period Tracker,6748550355,Period Tracker free of Ads App,apple,"Health & Fitness, Lifestyle",Health & Fitness,12+,56242176,13.0,2025-09-23T07:00:00Z,2025-09-23T11:41:07Z,1.0,0.0,True,5.0,2,5.0,2
Youper - AI Therapy,1060691513,Youper: AI Mental Health,apple,"Health & Fitness, Lifestyle",Health & Fitness,4+,41283584,13.0,2016-01-11T20:12:48Z,2025-09-05T04:55:33Z,12.07.003,0.0,True,4.80375,15358,4.80375,15358
Zocdoc: Find Doctors & Book Appointments,391062219,Zocdoc - Find and book doctors,apple,"Medical, Health & Fitness",Medical,12+,102668288,16.6,2010-10-05T06:58:14Z,2025-09-22T12:01:32Z,4.188.0,0.0,True,4.87248,122939,4.87248,122939
1800 Contacts - Lens Store,515430900,1-800 Contacts,apple,"Medical, Shopping",Medical,12+,30121984,17.0,2012-05-31T15:19:14Z,2025-09-25T16:19:09Z,10.7.6,0.0,True,4.87974,143274,4.87974,143274
Blood Pressure Log - MyDiary,1230619587,BP diary (self-monitoring),apple,"Medical, Health & Fitness",Medical,17+,25652224,10.0,2019-02-08T19:10:58Z,2020-11-25T22:45:36Z,1.9.2,0.0,True,4.86754,6727,4.86754,6727
PulsePoint Respond,500772134,PulsePoint Respond,apple,"Medical, News",Medical,12+,36186112,15.0,2012-02-13T23:56:06Z,2025-08-10T17:57:11Z,4.25,0.0,True,4.79886,242912,4.79886,242912
Ovia Parenting & Baby Development Tracker,1106614359,Ovia Parenting & Baby Tracker,apple,"Medical, Health & Fitness",Medical,12+,84524032,17.0,2016-09-29T03:17:52Z,2025-09-16T12:10:01Z,7.6.0,0.0,True,4.77445,9971,4.77445,9971
MyQuest for Patients,748920931,MyQuest for Patients,apple,"Medical, Health & Fitness",Medical,12+,81825792,15.6,2014-03-28T06:25:32Z,2025-06-11T12:48:17Z,3.27,0.0,True,4.68295,338421,4.68295,338421
OptumRx,941641944,OptumRx,apple,"Medical, Health & Fitness",Medical,12+,78531584,15.1,2015-01-28T08:00:00Z,2025-08-11T17:20:14Z,4.47.0,0.0,True,4.73271,145788,4.73271,145788
CVS Caremark,382300394,CVS Caremark,apple,"Medical, Health & Fitness",Medical,4+,145032192,16.0,2010-07-21T23:55:56Z,2025-09-23T22:44:18Z,5.60,0.0,True,4.41708,46981,4.41708,46981
fred's Pharmacy,584446630,Fred Meyer,apple,"Shopping, Lifestyle",Shopping,12+,245260288,16.0,2012-12-19T08:00:00Z,2025-09-24T19:32:33Z,86.3.0,0.0,True,4.70768,144800,4.70768,144800
Ada - Your Health Guide,1099986434,Ada – check your health,apple,"Medical, Health & Fitness",Medical,17+,35753984,13.0,2017-02-02T15:21:00Z,2024-10-10T12:25:49Z,3.62.0,0.0,True,4.79204,11300,4.79204,11300
mySugr: the blood sugar tracker made just for you,516509211,mySugr - Diabetes Tracker Log,apple,"Medical, Health & Fitness",Medical,4+,266889216,17.2,2013-06-03T13:28:24Z,2025-08-17T10:09:15Z,3.125.0,0.0,True,4.68722,27471,4.68722,27471
ClearCareGo Caregiver,1304726452,WellSky Personal Care,apple,Medical,Medical,17+,46333952,15.1,2018-01-12T00:30:16Z,2025-09-18T15:31:05Z,4.0.0,0.0,True,4.00881,7381,4.00881,7381
Pregnancy Calculator and Tracker app,505864483,Pregnancy + | Tracker App,apple,"Medical, Education",Medical,12+,199087104,16.4,2012-04-05T21:54:25Z,2025-09-08T09:16:37Z,7.2,0.0,True,4.8451,68804,4.8451,68804
All Mental disorders,1537193671,Cerebral - Mental Health,apple,Medical,Medical,17+,63075328,13.4,2020-12-11T08:00:00Z,2025-08-25T14:41:25Z,4.4.38,0.0,True,4.62981,31506,4.62981,31506
DreamMapper,530569351,DreamMapper,apple,"Medical, Health & Fitness",Medical,4+,79038464,13.0,2012-09-30T07:00:00Z,2025-08-26T12:18:35Z,3.1.1,0.0,True,4.55722,119284,4.55722,119284
ScriptSave WellRx Rx Discounts,1016290130,ScriptSave WellRx Rx Discounts,apple,"Medical, Health & Fitness",Medical,12+,268129280,11.0,2015-10-13T04:20:54Z,2025-03-06T16:46:31Z,20.0.1,0.0,True,4.82988,7142,4.82988,7142
Delta Dental,1585628503,Delta Dental Mobile App,apple,"Medical, Health & Fitness",Medical,12+,32971776,15.1,2021-11-18T08:00:00Z,2025-09-17T10:05:03Z,1.43.0,0.0,True,1.43662,1491,1.43662,1491
Drugs.com Medication Guide,599471042,Drugs.com Medication Guide,apple,"Medical, Health & Fitness",Medical,17+,48131072,15.1,2013-03-01T08:00:00Z,2025-08-25T20:22:34Z,3.1.29,0.0,True,4.82475,9164,4.82475,9164
MoodSpace,6523437065,MoodSpace,apple,Lifestyle,Lifestyle,17+,53379072,12.0,2024-07-10T07:00:00Z,2024-10-06T06:15:22Z,1.1.1,0.0,True,0.0,0,0.0,0
Pill Identifier and Drug list,599471042,Drugs.com Medication Guide,apple,"Medical, Health & Fitness",Medical,17+,48131072,15.1,2013-03-01T08:00:00Z,2025-08-25T20:22:34Z,3.1.29,0.0,True,4.82475,9164,4.82475,9164
HealtheLife,912509516,HealtheLife,apple,Medical,Medical,17+,44339200,16.4,2014-12-21T15:15:46Z,2025-07-31T09:16:08Z,102.1.24,0.0,True,2.18143,722,2.18143,722
SonicCloud: Hearing App,1121660424,SonicCloud Personalized Sound,apple,"Entertainment, News",Entertainment,4+,202927104,11.0,2016-11-22T19:10:13Z,2022-11-15T09:20:56Z,1.53.0,0.0,True,4.57913,1169,4.57913,1169
Migraine Buddy - The Migraine and Headache tracker,975074413,Migraine Buddy: Track Headache,apple,"Medical, Health & Fitness",Medical,4+,151404544,15.1,2015-03-27T07:00:00Z,2025-09-10T08:49:27Z,83.0.17371,0.0,True,4.78868,37280,4.78868,37280
LabCorp | Patient,1361264072,Labcorp | Patient,apple,Medical,Medical,17+,37362688,14.0,2018-04-23T06:16:42Z,2025-07-23T16:11:20Z,7.4.0,0.0,True,4.75082,20030,4.75082,20030
Anatomy Learning - 3D Atlas,1593953398,Anatomy Learning - 3D Anatomy,apple,"Medical, Education",Medical,4+,240728064,12.0,2021-11-09T08:00:00Z,2025-07-14T08:07:56Z,3.1.466,0.0,True,4.72566,791,4.72566,791
Super Hearing Super Ear Amplifier,1615079093,Sound Amplifier,apple,"Utilities, Medical",Utilities,4+,21921792,15.0,2022-03-30T07:00:00Z,2024-08-07T21:28:44Z,1.20,0.0,True,4.62291,1074,4.62291,1074
Moodpath - Depression & Anxiety Test,1194023242,Daylio Journal - Daily Diary,apple,"Lifestyle, Health & Fitness",Lifestyle,4+,212030464,14.0,2017-01-25T07:23:26Z,2025-09-22T11:30:46Z,1.68.1,0.0,True,4.77325,55331,4.77325,55331
Teach Me Anatomy,1047116087,TeachMe Anatomy: 3D Human Body,apple,"Medical, Education",Medical,12+,157646848,11.0,2015-11-07T09:05:28Z,2025-03-04T01:15:10Z,2.8.18,0.0,True,4.80212,2456,4.80212,2456
Baritastic - Bariatric Tracker,899131093,Baritastic - Bariatric Tracker,apple,"Medical, Health & Fitness",Medical,4+,52690944,13.0,2014-07-24T06:53:41Z,2025-09-12T02:38:55Z,4.03,0.0,True,4.81515,87335,4.81515,87335
Brilliant Distinctions®,913335252,Brilliant: Learn by doing,apple,"Education, Reference",Education,4+,72271872,17.0,2015-06-19T02:34:39Z,2025-09-25T16:54:00Z,9.8.1,0.0,True,4.7411,24295,4.7411,24295
Mayo Clinic,523220194,Mayo Clinic,apple,"Medical, Health & Fitness",Medical,4+,155393024,16.2,2012-05-14T07:00:00Z,2025-08-21T17:30:24Z,13.9,0.0,True,3.31541,2882,3.31541,2882
98point6,1157653928,98point6 by Transcarent,apple,"Medical, Health & Fitness",Medical,17+,160053248,15.0,2017-07-15T11:08:40Z,2025-09-19T20:03:11Z,5.18.0,0.0,True,4.76234,50813,4.76234,50813
Epocrates Plus,281935788,epocrates: Drug Checker App,apple,"Medical, Health & Fitness",Medical,12+,216760320,17.0,2019-02-12T08:00:00Z,2025-09-19T06:04:31Z,25.9.1,0.0,True,4.49213,6858,4.49213,6858
MDLIVE: Talk to a Doctor 24/7,839671393,MDLIVE,apple,"Medical, Health & Fitness",Medical,17+,107270144,13.0,2014-05-14T01:38:44Z,2025-09-12T23:28:38Z,7.6.0,0.0,True,4.70938,90746,4.70938,90746
Free Blood Pressure,6745536699,HeaBP Blood Pressure & Pulse,apple,Health & Fitness,Health & Fitness,4+,90425344,16.0,2025-06-04T07:00:00Z,2025-06-24T20:43:09Z,1.0.3,0.0,True,4.92195,205,4.92195,205
Super Ear,1359740008,Super Ear - Audio Enhancer,apple,"Utilities, Health & Fitness",Utilities,4+,51392512,11.0,2018-05-12T11:05:40Z,2025-08-09T06:47:59Z,2.6,0.0,True,4.53571,476,4.53571,476
VitusVet: Pet Health Care App,955252538,VitusVet Pet Medical Records,apple,"Lifestyle, Health & Fitness",Lifestyle,4+,59756544,11.0,2015-01-17T03:31:35Z,2023-04-10T12:26:19Z,3.46,0.0,True,4.8621,10769,4.8621,10769
Banfield Pet Health Tracker,799061555,Banfield Pet Hospital,apple,"Medical, Lifestyle",Medical,12+,86221824,12.0,2014-02-04T08:28:16Z,2025-08-21T05:00:16Z,4.16.5,0.0,True,4.83444,99891,4.83444,99891
Dexcom G6,1209262925,Dexcom G6,apple,"Medical, Health & Fitness",Medical,4+,70228992,15.0,2018-04-28T22:38:00Z,2025-07-02T23:40:30Z,1.14.0,0.0,True,3.11689,8812,3.11689,8812
Nurse Grid,949731866,NurseGrid Nurse Shift Calendar,apple,"Medical, Productivity",Medical,4+,128950272,16.6,2014-12-17T09:27:17Z,2025-09-12T13:45:30Z,9.16.0,0.0,True,4.8901,133458,4.8901,133458
Castlight Mobile,503468685,Castlight Mobile,apple,"Health & Fitness, Medical",Health & Fitness,4+,125299712,16.0,2012-03-09T08:00:00Z,2025-09-16T16:23:15Z,12.24.0,0.0,True,4.77843,67323,4.77843,67323
Sanford Guide:Antimicrobial Rx,863196620,Sanford Guide Antimicrobial,apple,"Medical, Reference",Medical,17+,33977344,15.0,2014-08-28T18:53:16Z,2025-09-18T13:57:47Z,7.0.10,0.0,True,4.7807,1824,4.7807,1824
Davis's Drug Guide for Nurses,1076514675,Davis’s Drug Guide for Nurses,apple,"Medical, Education",Medical,17+,150899712,13.0,2016-06-08T16:43:05Z,2025-07-28T03:46:13Z,5.8.0,0.0,True,4.68531,715,4.68531,715
live Point,1077137248,"BIGO LIVE-Live Stream, Go Live",apple,"Social Networking, Entertainment",Social Networking,17+,246636544,13.0,2016-03-12T00:35:29Z,2025-09-24T01:52:17Z,6.37.1,0.0,True,4.46319,202107,4.46319,202107
Tarascon Pharmacopoeia,387365379,Pocket Pharmacist,apple,"Medical, Health & Fitness",Medical,17+,49008640,17.6,2010-08-22T18:15:57Z,2025-09-18T17:06:37Z,3.5.41,0.0,True,4.71326,3749,4.71326,3749
Official NBSTSA CST Exam Prep,1484690932,BoardVitals Medical Exam Prep,apple,"Medical, Education",Medical,17+,47764480,15.5,2020-02-10T08:00:00Z,2025-07-09T13:23:51Z,1.8.3,0.0,True,4.91306,9535,4.91306,9535
EMT-B Pocket Prep,1503584128,Pocket Prep EMS 2025,apple,"Education, Medical",Education,12+,77489152,15.0,2020-05-01T07:00:00Z,2025-09-24T13:14:53Z,3.23.5,0.0,True,4.83514,15632,4.83514,15632
5-Minute Clinical Consult,382952264,MyChart,apple,Medical,Medical,17+,132150272,16.2,2010-09-14T08:14:14Z,2025-09-22T14:22:47Z,11.5.2,0.0,True,4.61582,536848,4.61582,536848
Diabetes:M,1196733537,Diabetes:M,apple,"Medical, Health & Fitness",Medical,17+,79130624,15.0,2017-03-09T16:43:45Z,2025-01-15T08:10:47Z,9.0.902,0.0,True,4.49899,988,4.49899,988
"Pzizz - Sleep, Nap, Focus",915664862,"Pzizz - Sleep, Nap, Focus",apple,"Health & Fitness, Medical",Health & Fitness,4+,28389376,14.0,2014-09-16T02:47:00Z,2025-09-19T12:51:23Z,5.0.40,0.0,True,4.77972,9647,4.77972,9647
HESI A2 Pocket Prep,6451101665,HESI® A2 Exam Prep Practice,apple,Education,Education,12+,69937152,12.0,2023-08-23T07:00:00Z,2024-07-24T06:33:34Z,1.0.3,0.0,True,4.73913,115,4.73913,115
Johns Hopkins Guides ABX...,429504851,Johns Hopkins Antibiotic Guide,apple,"Medical, Health & Fitness",Medical,17+,13246464,13.1,2011-04-12T04:10:00Z,2024-09-11T12:31:12Z,1.36,0.0,True,4.86299,3642,4.86299,3642
FP Notebook,835973313,FP Notebook,apple,"Medical, Reference",Medical,17+,149895168,14.3,2014-06-11T12:57:10Z,2025-09-24T13:35:28Z,4.1.11.1173,0.0,True,4.85006,3028,4.85006,3028
5 Minute Clinical Consult 2019 - #1 for 25 years,301865751,5 Minute Clinical Consult,apple,"Medical, Health & Fitness",Medical,17+,10980352,13.1,2009-03-27T00:48:28Z,2025-07-02T12:10:08Z,1.39,0.0,True,4.81496,2994,4.81496,2994
Open Sesame - Touch Free Control,308368164,Proloquo2Go AAC,apple,"Education, Medical",Education,4+,940569600,17.5,2009-04-21T21:38:18Z,2025-07-08T07:23:33Z,8.7,249.99,False,4.77892,11109,4.77892,11109
Davis's Drug Guide,301427093,Davis's Drug Guide - Nurses,apple,"Medical, Health & Fitness",Medical,17+,12956672,14.0,2009-02-06T06:19:29Z,2025-09-23T17:08:33Z,1.56,0.0,True,4.85706,8479,4.85706,8479
Deep Sleep and Relax Hypnosis,438205784,Hypnosis with Joseph Clough,apple,"Health & Fitness, Lifestyle",Health & Fitness,17+,45234176,13.4,2011-06-01T22:30:23Z,2025-09-26T06:39:38Z,10.0.16,0.0,True,4.70273,2348,4.70273,2348
Christella VoiceUp,1124464717,"Christella VoiceUp, mtf voice",apple,"Medical, Education",Medical,4+,90659840,17.0,2016-09-22T10:20:49Z,2025-09-19T08:26:39Z,5.1.2,0.0,True,4.13462,52,4.13462,52
Language Therapy: Aphasia,525278822,Language Therapy 4-in-1,apple,"Medical, Education",Medical,4+,428619776,9.0,2012-06-01T23:51:36Z,2025-02-12T22:02:26Z,4.11,74.99,False,4.75721,1734,4.75721,1734
Complete Anatomy for Android,1309253074,Complete Anatomy for iPhone,apple,"Medical, Education",Medical,12+,1505071104,15.0,2017-12-16T09:15:41Z,2025-09-11T09:34:03Z,11.5,0.0,True,4.54284,3618,4.54284,3618
GlassesOff,1502833178,Eye Recovery Training,apple,"Health & Fitness, Medical",Health & Fitness,12+,28640256,15,2020-03-17T07:00:00Z,2025-09-09T07:27:20Z,5.0.4,0.0,True,4.71257,334,4.71257,334
Free Hypnosis,438205784,Hypnosis with Joseph Clough,apple,"Health & Fitness, Lifestyle",Health & Fitness,17+,45234176,13.4,2011-06-01T22:30:23Z,2025-09-26T06:39:38Z,10.0.16,0.0,True,4.70273,2348,4.70273,2348
e-Anatomy,334876403,IMAIOS e-Anatomy,apple,"Medical, Health & Fitness",Medical,17+,2139339776,16.7,2009-12-05T05:27:56Z,2025-09-15T13:40:01Z,9.8.4,0.0,True,4.86022,1252,4.86022,1252
Registered Dietitian Pocket Prep,331308914,WeightWatchers Program,apple,"Health & Fitness, Lifestyle",Health & Fitness,17+,490119168,15.1,2009-09-19T00:05:27Z,2025-09-16T14:29:35Z,10.97.1,0.0,True,4.84223,2305581,4.84223,2305581
Paramedic Pocket Prep,1503584128,Pocket Prep EMS 2025,apple,"Education, Medical",Education,12+,77489152,15.0,2020-05-01T07:00:00Z,2025-09-24T13:14:53Z,3.23.5,0.0,True,4.83514,15632,4.83514,15632
5 Minute Veterinary Consult: Canine & Feline,1594794194,Pawp: 24/7 Vet & Pet Care,apple,"Medical, Lifestyle",Medical,12+,183218176,16.1,2021-12-29T08:00:00Z,2025-09-16T12:20:13Z,1.2.132,0.0,True,4.87354,11450,4.87354,11450
Wide address pocket prep,777128952,Pocket Prep MSW 2025,apple,"Education, Reference",Education,12+,75899904,15.0,2014-01-22T18:36:54Z,2025-09-24T13:15:05Z,13.23.5,0.0,True,4.73888,6702,4.73888,6702
Nursing Central,300420397,Nursing Central,apple,"Medical, Health & Fitness",Medical,17+,12037120,14.0,2009-01-06T00:41:33Z,2025-09-23T12:30:09Z,1.64,0.0,True,4.85451,9863,4.85451,9863
Tinnitus Alleviator,928432517,ReSound Tinnitus Relief,apple,Health & Fitness,Health & Fitness,12+,122981376,15.0,2014-11-06T16:35:02Z,2025-05-06T05:53:37Z,5.2.8,0.0,True,4.74587,16677,4.74587,16677
PMHNP-BC Pocket Prep,1501741725,Pocket Prep Nursing 2025,apple,"Education, Medical",Education,12+,78066688,15.0,2020-04-27T07:00:00Z,2025-09-24T13:14:34Z,3.23.5,0.0,True,4.82824,8926,4.82824,8926
Dialysis of Drugs,607143924,Dialysis of Drugs Guide,apple,Medical,Medical,4+,7930880,12.0,2013-03-01T02:22:58Z,2024-02-10T00:00:15Z,1.8.9,0.0,True,2.5,12,2.5,12
abeoCoder,344248070,AbeoCoder,apple,"Medical, Business",Medical,17+,13444096,9.0,2009-12-17T21:05:55Z,2018-08-07T15:12:39Z,6.4,0.0,True,2.2,25,2.2,25
Saunders Comprehensive Review NCLEX-PN Examination,711681319,NCLEX PN Mastery Prep - 2025,apple,"Medical, Education",Medical,17+,163689472,15.0,2013-10-15T09:31:25Z,2025-07-29T17:44:51Z,29.6,0.0,True,4.77581,10286,4.77581,10286
LTC AS Legal,1149462971,Lawline CLE,apple,"Education, Lifestyle",Education,12+,41825280,15.1,2016-10-26T00:26:34Z,2025-09-18T10:44:27Z,1.14.3,0.0,True,4.74196,1275,4.74196,1275
Lippincott Nursing Advisor,684901040,Lippincott Nursing Advisor,apple,"Medical, Reference",Medical,17+,22524928,13.0,2013-09-24T16:23:21Z,2023-09-20T05:43:02Z,4.4.1,0.0,True,2.28125,32,2.28125,32
Official NBSTSA CSFA Exam Prep,6473553659,ASVAB Practice Test 2025: Prep,apple,Education,Education,4+,101617664,13.0,2024-01-02T08:00:00Z,2025-03-11T14:34:00Z,1.1,0.0,True,4.67668,2363,4.67668,2363
Dosecast - Medication Reminder,365191644,Dosecast: My Pill Reminder App,apple,"Medical, Health & Fitness",Medical,12+,93775872,11.2,2010-05-25T16:21:10Z,2023-03-25T13:15:41Z,11.6.6,0.0,True,4.06504,246,4.06504,246
Visualmed,1423485924,Visualmed: Clinical Trials,apple,"Medical, Education",Medical,17+,25313280,15.6,2018-08-13T22:37:12Z,2025-08-15T21:02:42Z,2.9,0.0,True,4.43125,160,4.43125,160
ABG Master,964304010,FNP Mastery | Exam Prep 2025,apple,"Education, Medical",Education,17+,163680256,15.0,2016-01-06T14:46:20Z,2025-09-15T13:27:38Z,30.2,0.0,True,4.86054,10906,4.86054,10906
OrthoFlow,1060082362,OrthoFlow,apple,"Medical, Reference",Medical,12+,56200192,13.0,2015-12-03T18:41:54Z,2021-11-24T15:27:56Z,1.5.3,4.99,False,4.89231,65,4.89231,65
Be the Expert in Phlebotomy - Professional Nursing,1102493706,Picmonic Nursing & NCLEX Study,apple,"Education, Medical",Education,17+,122870784,16.6,2016-06-10T17:50:39Z,2025-06-09T15:50:08Z,5.4.5,0.0,True,4.87784,20752,4.87784,20752
JH Blood Pressure Monitor,6467718294,Blood Pressure-Monitor Tracker,apple,Health & Fitness,Health & Fitness,4+,103403520,13.0,2023-09-28T07:00:00Z,2025-09-23T08:51:05Z,3.1.4,0.0,True,4.35747,13976,4.35747,13976
Sway Medical,657932025,Sway Medical,apple,"Medical, Health & Fitness",Medical,12+,250487808,15.0,2013-06-11T21:08:24Z,2025-09-01T02:10:12Z,6.0.5,0.0,True,2.30172,116,2.30172,116
Exposure Ed,883774075,Exposure Ed,apple,"Health & Fitness, Medical",Health & Fitness,17+,192565248,15.0,2014-06-06T09:22:06Z,2025-09-04T13:39:55Z,2.0.15,0.0,True,3.28571,21,3.28571,21
Nucleus Smart,1210236531,Nucleus Smart,apple,Medical,Medical,4+,237553664,15.0,2017-07-24T12:28:05Z,2025-08-25T03:10:24Z,7.0.250201,0.0,True,3.00152,658,3.00152,658
Penn State Health OnDemand,1406526412,Penn State Health OnDemand,apple,"Medical, Health & Fitness",Medical,12+,76682240,13.0,2018-08-01T11:11:22Z,2025-01-11T04:34:18Z,12.22.200,0.0,True,4.9005,8765,4.9005,8765
Breastfeeding Tracker Baby Log,1252857347,PiyoLog Baby Feeding Tracker,apple,"Medical, Health & Fitness",Medical,12+,115654656,16.0,2017-11-02T00:38:06Z,2025-08-27T04:28:00Z,8.3.2,0.0,True,4.91164,2501,4.91164,2501
Lego Ninjago Wallpaper,1039141908,LEGO® Ninjago™,apple,"Games, Adventure, Puzzle, Entertainment",Games,9+,1275598848,9.0,2015-11-04T23:41:11Z,2024-07-23T16:26:15Z,2.2.3,4.99,False,3.28062,5185,3.28062,5185
RT 516 VET,1594794194,Pawp: 24/7 Vet & Pet Care,apple,"Medical, Lifestyle",Medical,12+,183218176,16.1,2021-12-29T08:00:00Z,2025-09-16T12:20:13Z,1.2.132,0.0,True,4.87354,11450,4.87354,11450
EXOGEN Connects (US),887605150,EXOGEN Connects- US Version,apple,"Medical, Education",Medical,4+,149409792,9.0,2014-06-22T05:20:22Z,2024-01-02T22:24:37Z,2.0.24,0.0,True,1.53846,13,1.53846,13
Full Code - Emergency Medicine Simulation,1207424206,Full Code Medical Simulation,apple,"Medical, Education",Medical,17+,95417344,14.0,2017-07-26T20:19:14Z,2025-08-13T20:44:10Z,3.5.1,0.0,True,4.77341,5596,4.77341,5596
Maricopa AH,631377773,PetDesk,apple,"Lifestyle, Utilities",Lifestyle,4+,40566784,15.6,2013-04-22T18:24:57Z,2025-09-15T12:39:55Z,9.17.4,0.0,True,4.85641,433480,4.85641,433480
Dare EMS Protocols,500772134,PulsePoint Respond,apple,"Medical, News",Medical,12+,36186112,15.0,2012-02-13T23:56:06Z,2025-08-10T17:57:11Z,4.25,0.0,True,4.79886,242912,4.79886,242912
Pediatric Emergency Guide,580294315,Pediatric Emergency Guide,apple,"Medical, Reference",Medical,12+,12928000,9.0,2012-11-28T23:05:35Z,2018-06-20T13:20:23Z,3.1.3,0.0,True,4.55,20,4.55,20
Weill Cornell Medicine,1381440520,Weill Cornell Medicine,apple,"Medical, Health & Fitness",Medical,12+,172991488,16.2,2018-06-22T12:21:51Z,2025-05-28T02:11:03Z,2.12,0.0,True,3.5098,51,3.5098,51
Doctors Care,1197942584,Novant Health Urgent Care,apple,"Medical, Health & Fitness",Medical,17+,77333504,13.0,2017-02-28T16:21:58Z,2025-08-29T03:11:49Z,3.3.0,0.0,True,4.09211,76,4.09211,76
PCOS Guide - Fight PCOS naturally,636609212,iHerb: Vitamins & Supplements,apple,"Shopping, Health & Fitness",Shopping,4+,109769728,15.0,2013-08-12T21:09:50Z,2025-09-11T11:04:27Z,11.9.0911,0.0,True,4.79906,161564,4.79906,161564
EVA - Menstrual calendar and fertility,896501514,Period Tracker Period Calendar,apple,"Health & Fitness, Lifestyle",Health & Fitness,12+,335911936,12.4,2014-09-30T23:41:17Z,2025-09-22T07:16:06Z,2.97.0,0.0,True,4.92589,158366,4.92589,158366
Hello Face,1616605362,FaceFancy-AI Face Swap Video,apple,"Photo & Video, Entertainment",Photo & Video,17+,211176448,12.4,2022-04-25T07:00:00Z,2025-02-20T15:05:44Z,1.5.4,0.0,True,4.51333,150,4.51333,150
Cochrane Library,554157746,Prime: PubMed Journals & Tools,apple,"Medical, Productivity",Medical,17+,9713664,13.1,2012-09-10T20:17:15Z,2025-08-14T11:50:51Z,2.16,0.0,True,4.80185,646,4.80185,646
Labs on Demand,1470198432,WorkoutLabs Fit Simple Fitness,apple,"Health & Fitness, Lifestyle",Health & Fitness,4+,91418624,15,2019-09-10T07:00:00Z,2024-12-11T15:46:37Z,3.92,0.0,True,4.70177,959,4.70177,959
Diabetes Testing,651293599,OneTouch Reveal® app,apple,"Medical, Health & Fitness",Medical,17+,109719552,16.0,2013-11-08T21:20:36Z,2025-07-10T14:05:03Z,5.15.0,0.0,True,4.78301,153190,4.78301,153190
GGDE: Prevent & Beat Depression Symptoms,1194023242,Daylio Journal - Daily Diary,apple,"Lifestyle, Health & Fitness",Lifestyle,4+,212030464,14.0,2017-01-25T07:23:26Z,2025-09-22T11:30:46Z,1.68.1,0.0,True,4.77325,55331,4.77325,55331
Dermatology Atlas (Colored & Illustrative),1117998129,Human Anatomy Atlas 2026,apple,"Medical, Education",Medical,12+,1292391424,15.0,2016-07-28T05:17:20Z,2025-06-02T12:35:30Z,2026.0.19,24.99,False,4.85025,19726,4.85025,19726
Jaylex,6749065134,Eatat,apple,Food & Drink,Food & Drink,4+,89709568,14.0,2025-09-25T07:00:00Z,2025-09-25T10:35:47Z,1.0,0.0,True,0.0,0,0.0,0
Tablet Reminder,816347839,Pill Reminder - All in One,apple,"Medical, Health & Fitness",Medical,12+,16630784,12.0,2014-03-20T20:18:34Z,2025-05-26T11:32:38Z,7.8,0.0,True,4.72222,25700,4.72222,25700
Clinical Pharmacology,6463193524,Pharmacology Exam for Nursing,apple,Education,Education,12+,69590016,12.0,2023-08-30T07:00:00Z,2025-03-05T00:10:02Z,1.0.2,0.0,True,4.9375,16,4.9375,16
Galaxies of Hope,1026738945,BELONG Beating Cancer Together,apple,"Health & Fitness, Medical",Health & Fitness,17+,100656128,13.0,2016-01-07T00:25:31Z,2025-03-24T07:49:15Z,4.16.87,0.0,True,4.86268,3044,4.86268,3044
Smartshading AI,1561622206,Persona: AI Beauty Camera,apple,"Photo & Video, Entertainment",Photo & Video,4+,236844032,15.0,2021-04-20T07:00:00Z,2025-09-24T08:48:31Z,1.14.20,0.0,True,4.7782,32661,4.7782,32661
KBA-EZ Health Guide,1382924023,KBA-EZ Health Guide,apple,Medical,Medical,4+,62005248,10.3,2018-08-13T13:50:08Z,2025-01-15T13:54:46Z,2.5.11,0.0,True,2.38889,36,2.38889,36
FoothillsVet,1409821512,FoothillsVet,apple,Business,Business,17+,32427008,11.0,2018-07-28T04:28:10Z,2023-10-21T10:25:22Z,300000.3.37,0.0,True,4.2,5,4.2,5
Eversense,6502610344,Eversense 365,apple,"Medical, Health & Fitness",Medical,17+,60848128,16.0,2024-10-24T07:00:00Z,2025-08-21T11:54:16Z,8.1.0,0.0,True,4.27778,18,4.27778,18
PrimeDelivery,648242524,PrimeDELIVERY,apple,"Productivity, Utilities",Productivity,4+,34624512,13.3,2013-06-13T18:26:10Z,2024-09-02T06:36:03Z,96.6.4,0.0,True,3.52632,19,3.52632,19
You're an Anime,1569399922,Anime TV ◆ Manga Reader,apple,"Entertainment, Utilities",Entertainment,12+,13147136,15.0,2021-06-23T07:00:00Z,2025-07-23T22:30:17Z,1.1.9,0.0,True,4.4611,13205,4.4611,13205
Anatomy & Physiology Vocabulary Exam Review App,1309253074,Complete Anatomy for iPhone,apple,"Medical, Education",Medical,12+,1505071104,15.0,2017-12-16T09:15:41Z,2025-09-11T09:34:03Z,11.5,0.0,True,4.54284,3618,4.54284,3618
Drug Calculator,1001640662,MDCalc Medical Calculator,apple,"Medical, Reference",Medical,17+,57078784,12.4,2016-03-07T03:07:02Z,2025-08-27T13:01:08Z,5.4.6,0.0,True,4.91625,50747,4.91625,50747
HACH Cares,1301125652,Hutch App,apple,Utilities,Utilities,4+,45556736,15.1,2017-10-30T06:22:25Z,2025-09-16T01:58:30Z,4.2.1,0.0,True,3.90909,11,3.90909,11
WAH 247,1386412985,WhatsApp Business,apple,"Business, Productivity",Business,12+,256041984,15.1,2019-04-05T05:53:41Z,2025-09-22T15:47:10Z,25.26.72,0.0,True,4.71711,1227724,4.71711,1227724
CT Scan Cross Sectional Anatomy,1117998129,Human Anatomy Atlas 2026,apple,"Medical, Education",Medical,12+,1292391424,15.0,2016-07-28T05:17:20Z,2025-06-02T12:35:30Z,2026.0.19,24.99,False,4.85025,19726,4.85025,19726
VetCode,631377773,PetDesk,apple,"Lifestyle, Utilities",Lifestyle,4+,40566784,15.6,2013-04-22T18:24:57Z,2025-09-15T12:39:55Z,9.17.4,0.0,True,4.85641,433480,4.85641,433480
ear super hearing,6468564704,Ear Spy Apps - Super Hearing,apple,"Utilities, Entertainment",Utilities,4+,47171584,14.0,2023-10-04T07:00:00Z,2025-09-16T02:17:42Z,2.1.1,0.0,True,4.31841,804,4.31841,804
Traditional Chinese Medicine Fangfang Liangfang Daquan - Practical and ancient Chinese medicine and old prescriptions for the treatment of various incurable diseases,1064328077,Big Chinese Medicine,apple,"Medical, Reference",Medical,12+,91109376,12.0,2015-12-21T21:35:47Z,2024-01-04T07:11:49Z,3.0.5,0.0,True,4.84,75,4.84,75
COPD GOLD 2017,688671199,COPD Pocket Consultant Guide,apple,"Medical, Education",Medical,17+,28814336,17.6,2013-08-27T19:05:06Z,2025-09-24T21:05:58Z,2025.09.23,0.0,True,5.0,11,5.0,11
Summit Medical Video Visits,1080857171,Spruce: Medical Communication,apple,"Medical, Health & Fitness",Medical,12+,115838976,15.0,2016-02-26T03:25:28Z,2025-09-22T17:49:11Z,4.4.29,0.0,True,4.86183,77673,4.86183,77673
ExtendedCare Virtual Care Room,1080857171,Spruce: Medical Communication,apple,"Medical, Health & Fitness",Medical,12+,115838976,15.0,2016-02-26T03:25:28Z,2025-09-22T17:49:11Z,4.4.29,0.0,True,4.86183,77673,4.86183,77673
Lord Fairfax EMS Council,1423120281,Lord Fairfax EMS Council,apple,"Medical, Education",Medical,4+,24503296,11.0,2018-08-09T11:26:49Z,2023-09-28T17:30:51Z,1.3.0,0.0,True,1.0,8,1.0,8
MyWoundDoctor - Provider,1080857171,Spruce: Medical Communication,apple,"Medical, Health & Fitness",Medical,12+,115838976,15.0,2016-02-26T03:25:28Z,2025-09-22T17:49:11Z,4.4.29,0.0,True,4.86183,77673,4.86183,77673
NCLEX Multi-topic Nursing Exam Review-Quiz & notes,1380857826,NURSING.com | NCLEX & Nursing,apple,"Medical, Education",Medical,17+,41059328,12.4,2018-07-02T11:26:43Z,2024-04-26T04:32:12Z,6.6,0.0,True,4.49166,899,4.49166,899
Warfarin Dose Calculator,1001640662,MDCalc Medical Calculator,apple,"Medical, Reference",Medical,17+,57078784,12.4,2016-03-07T03:07:02Z,2025-08-27T13:01:08Z,5.4.6,0.0,True,4.91625,50747,4.91625,50747
Renesas PMA,1080857171,Spruce: Medical Communication,apple,"Medical, Health & Fitness",Medical,12+,115838976,15.0,2016-02-26T03:25:28Z,2025-09-22T17:49:11Z,4.4.29,0.0,True,4.86183,77673,4.86183,77673
Pediatric Nursing,1204468063,Pediatric Facts Made Quick,apple,"Medical, Education",Medical,17+,151086080,13.0,2017-02-20T20:57:21Z,2025-08-25T03:11:50Z,5.8.0,0.0,True,3.66667,3,3.66667,3
Interpret Chest X-Ray With 100 Cases,308609213,Amazing X-Ray FX ² LITE,apple,"Sports, Puzzle, Games, Simulation",Sports,4+,13957378,3.0,2009-03-31T12:36:01Z,2011-12-20T16:33:15Z,2.9.1,0.0,True,2.44414,725,2.44414,725
Basics of Orthopaedics,991621303,UWorld Medical Prep App,apple,"Education, Medical",Education,17+,136974336,15.0,2015-05-20T15:34:25Z,2025-09-09T05:50:04Z,10.8.2,0.0,True,4.74219,4096,4.74219,4096
4 Paws PH,557228073,Petfinder - Adopt a Pet,apple,"Lifestyle, Entertainment",Lifestyle,4+,47180800,13.4,2012-11-07T14:31:00Z,2024-12-09T15:32:11Z,2.118.0,0.0,True,4.83221,52231,4.83221,52231
high cholesterol levels,1049249827,Hello Heart • For heart health,apple,"Health & Fitness, Medical",Health & Fitness,17+,214749184,15.1,2015-10-31T19:17:31Z,2025-09-23T05:39:23Z,5.2.4,0.0,True,4.83126,23646,4.83126,23646
Thyroid Nodules,1413445331,Thyroid Nodule & Cancer Guide,apple,"Health & Fitness, Medical",Health & Fitness,17+,60208128,10.0,2018-09-08T04:16:39Z,2019-02-19T22:13:17Z,1.2,0.0,True,4.4074,27,4.4074,27
Training course: Learn Nursing,1102493706,Picmonic Nursing & NCLEX Study,apple,"Education, Medical",Education,17+,122870784,16.6,2016-06-10T17:50:39Z,2025-06-09T15:50:08Z,5.4.5,0.0,True,4.87784,20752,4.87784,20752
Familyfirst Messenger,1598027560,Familyfirst Messenger - Family,apple,Medical,Medical,4+,32367616,14.0,2022-02-26T08:00:00Z,2025-08-28T04:35:19Z,1.2.15,0.0,True,4.85051,495,4.85051,495
14thStreetVet,631377773,PetDesk,apple,"Lifestyle, Utilities",Lifestyle,4+,40566784,15.6,2013-04-22T18:24:57Z,2025-09-15T12:39:55Z,9.17.4,0.0,True,4.85641,433480,4.85641,433480
Clinic Doctor EHr,391062219,Zocdoc - Find and book doctors,apple,"Medical, Health & Fitness",Medical,12+,102668288,16.6,2010-10-05T06:58:14Z,2025-09-22T12:01:32Z,4.188.0,0.0,True,4.87248,122939,4.87248,122939
OMD Protocols,1585012983,Texas by Texas (TxT),apple,"Utilities, Productivity",Utilities,4+,22251520,16.6,2022-01-14T08:00:00Z,2025-09-21T05:42:52Z,6.0.0,0.0,True,4.88239,24079,4.88239,24079
Anthem BC Anywhere,1463423283,Sydney Health,apple,"Medical, Health & Fitness",Medical,4+,128683008,15.1,2019-08-30T07:00:00Z,2025-09-18T12:42:24Z,9.5.1,0.0,True,4.82412,437788,4.82412,437788
My Cancer Coach,1547538285,Cancer Distress Coach,apple,"Health & Fitness, Medical",Health & Fitness,12+,184945664,11.0,2021-01-21T08:00:00Z,2022-07-15T21:21:42Z,1.1,0.0,True,4.48837,43,4.48837,43
IHSS Help,1342835769,IHSS Help,apple,"Medical, Reference",Medical,4+,35515392,9.0,2018-05-29T18:21:56Z,2020-10-08T15:57:25Z,1.3.5,0.0,True,2.44828,58,2.44828,58
mobileRx Pharmacy,1426403466,mobileRx,apple,Medical,Medical,12+,125937664,8.0,2019-12-11T08:00:00Z,2021-09-15T11:35:35Z,1.4.9,0.0,True,1.55294,170,1.55294,170
BURST Professionals,1234187223,BURST Professionals,apple,Business,Business,4+,67156992,16.0,2017-08-08T08:08:03Z,2025-09-20T04:26:21Z,4.4.7,0.0,True,3.87234,47,3.87234,47
LactMed,6746222312,Drugs and Lactation (LactMed®),apple,"Medical, Education",Medical,17+,11462656,13.1,2025-06-25T07:00:00Z,2025-06-25T13:17:42Z,1.1,0.0,True,5.0,1,5.0,1
Blue CareOnDemand,1318516799,My Health Toolkit® for BCBS,apple,"Health & Fitness, Medical",Health & Fitness,4+,80477184,14.0,2018-01-18T15:07:45Z,2025-09-20T21:17:53Z,4.32.0,0.0,True,4.31114,1247,4.31114,1247
HHS,1555932065,MyHSS,apple,Medical,Medical,12+,146369536,16.2,2021-03-19T07:00:00Z,2025-01-28T14:55:16Z,11.1.5,0.0,True,4.54181,1124,4.54181,1124
Every disease has a drug without internet,672904239,I Am Sober,apple,"Lifestyle, Health & Fitness",Lifestyle,17+,90526720,15.1,2013-07-19T18:24:50Z,2025-09-03T19:28:51Z,8.4.1,0.0,True,4.88079,164639,4.88079,164639
PulsePoint AED,867150971,PulsePoint AED,apple,"Medical, Utilities",Medical,12+,28858368,15.0,2014-06-01T07:00:00Z,2025-06-26T13:40:00Z,2.10,0.0,True,4.72586,5822,4.72586,5822
Deaf Interpreter,1471473738,Live Transcribe,apple,"Utilities, Medical",Utilities,4+,112075776,15.0,2020-05-21T07:00:00Z,2025-09-14T08:35:07Z,2.38,0.0,True,4.61745,5960,4.61745,5960
High Blood Pressure Symptoms,1296471956,Blood Pressure Tracker BPMate,apple,"Medical, Health & Fitness",Medical,12+,71962624,16.1,2017-10-15T22:30:16Z,2025-03-21T02:55:14Z,3.2.3,0.0,True,4.67347,14443,4.67347,14443
MedStar eVisit,1008874432,MedStar eVisit - Telehealth,apple,"Medical, Health & Fitness",Medical,12+,31675392,14.0,2015-07-31T15:58:57Z,2025-09-05T00:53:58Z,16.1.1,0.0,True,4.94238,12982,4.94238,12982
Blood Pressure(BP) Diary,1230619587,BP diary (self-monitoring),apple,"Medical, Health & Fitness",Medical,17+,25652224,10.0,2019-02-08T19:10:58Z,2020-11-25T22:45:36Z,1.9.2,0.0,True,4.86754,6727,4.86754,6727
REDCap Mobile App,972760478,REDCap Mobile App,apple,"Medical, Productivity",Medical,12+,26303488,11.0,2015-04-15T23:36:01Z,2025-09-24T11:09:17Z,5.30.5,0.0,True,4.5,4,4.5,4
VITAS Hospice Referral App for Healthcare Pros,738207604,SimplePractice for Clinicians,apple,"Medical, Health & Fitness",Medical,12+,120152064,17.3,2013-11-24T19:27:03Z,2025-09-22T21:25:41Z,10.1.6,0.0,True,4.72457,33965,4.72457,33965
AAFP,646918504,AAFP,apple,"Medical, Education",Medical,17+,18242560,15.0,2013-05-28T16:52:45Z,2025-09-11T15:14:47Z,4.1.0,0.0,True,4.75061,2458,4.75061,2458
Airway Ex - Intubate. Anesthetize. Train.,1207424206,Full Code Medical Simulation,apple,"Medical, Education",Medical,17+,95417344,14.0,2017-07-26T20:19:14Z,2025-08-13T20:44:10Z,3.5.1,0.0,True,4.77341,5596,4.77341,5596
myvi by,345832106,My Virgin Islands,apple,"Travel, Lifestyle",Travel,4+,28874752,15.1,2009-12-17T22:36:48Z,2025-07-15T21:49:51Z,5.5,0.0,True,5.0,10,5.0,10
420 BZ Budeze Delivery,1397873833,Mercedes-Benz (USA/CA),apple,"Lifestyle, Utilities",Lifestyle,17+,880818176,16.0,2018-08-14T16:16:20Z,2025-08-26T14:48:04Z,3.59.1,0.0,True,4.87829,275160,4.87829,275160
Fever Meter,6751890107,Body Temperature & Thermometer,apple,Utilities,Utilities,4+,6090752,16.6,2025-09-03T07:00:00Z,2025-09-11T05:47:14Z,1.2,0.0,True,4.83333,12,4.83333,12
Super Ear Super Hearing,6468564704,Ear Spy Apps - Super Hearing,apple,"Utilities, Entertainment",Utilities,4+,47171584,14.0,2023-10-04T07:00:00Z,2025-09-16T02:17:42Z,2.1.1,0.0,True,4.31841,804,4.31841,804
Blood Pressure Monitor,6751349816,"Blood Pressure Monitor, Cardio",apple,Health & Fitness,Health & Fitness,12+,451747840,16.0,2025-08-29T07:00:00Z,2025-08-29T16:52:43Z,1.0,0.0,True,4.7561,82,4.7561,82
BELONG Beating Cancer Together,1026738945,BELONG Beating Cancer Together,apple,"Health & Fitness, Medical",Health & Fitness,17+,100656128,13.0,2016-01-07T00:25:31Z,2025-03-24T07:49:15Z,4.16.87,0.0,True,4.86268,3044,4.86268,3044
BP Journal - Blood Pressure Diary,1296471956,Blood Pressure Tracker BPMate,apple,"Medical, Health & Fitness",Medical,12+,71962624,16.1,2017-10-15T22:30:16Z,2025-03-21T02:55:14Z,3.2.3,0.0,True,4.67347,14443,4.67347,14443
TelaDoc,656872607,Teladoc Health,apple,"Medical, Health & Fitness",Medical,12+,252558336,15.0,2013-06-11T17:50:03Z,2025-08-22T05:50:07Z,5.20.2,0.0,True,4.78429,659619,4.78429,659619
Blood Pressure - Stay Healthy,519076558,Blood Pressure Tracker SmartBP,apple,"Medical, Health & Fitness",Medical,12+,250222592,16.0,2012-06-28T17:07:02Z,2025-09-09T07:41:48Z,9.6,0.0,True,4.50847,50252,4.50847,50252
ConnectLine,1597064213,Oticon Companion,apple,"Medical, Health & Fitness",Medical,4+,441344000,15.0,2023-02-09T08:00:00Z,2025-04-22T10:10:52Z,1.5.2,0.0,True,4.66211,32872,4.66211,32872
Club,1603617539,Luvi (formerly Club),apple,"Productivity, Social Networking",Productivity,17+,192139264,15,2022-01-25T08:00:00Z,2025-09-25T17:21:45Z,1.0.5,0.0,True,4.58448,13862,4.58448,13862
Zen Leaf,6448922214,Zen Leaf+,apple,Medical,Medical,17+,27329536,15.0,2023-07-31T07:00:00Z,2025-07-03T09:39:09Z,1.42.0,0.0,True,4.90677,6232,4.90677,6232
Homeopathic Medicine Finder,711449645,Boiron Medicine Finder,apple,"Medical, Health & Fitness",Medical,12+,225385472,9.0,2013-09-27T18:11:27Z,2025-03-14T21:57:12Z,4.5.5,0.0,True,4.58495,359,4.58495,359
Patient Portal,6451454989,Patient Portal,apple,Health & Fitness,Health & Fitness,12+,62689280,12.2,2023-11-13T08:00:00Z,2025-02-06T23:33:27Z,2.0.8,0.0,True,2.56637,113,2.56637,113
Nemours CareConnect,1333256093,Nemours Children’s MyChart,apple,"Medical, Health & Fitness",Medical,12+,165107712,16.2,2018-02-02T00:05:44Z,2025-05-31T21:26:54Z,11.3.3.1,0.0,True,4.86468,7072,4.86468,7072
tökr,835599320,"TikTok - Videos, Shop & LIVE",apple,"Entertainment, Photo & Video",Entertainment,12+,635882496,12.0,2014-04-02T22:44:45Z,2025-09-23T23:03:14Z,41.8.0,0.0,True,4.73825,18161500,4.73825,18161500
Low Blood Pressure Symptoms,6467718294,Blood Pressure-Monitor Tracker,apple,Health & Fitness,Health & Fitness,4+,103403520,13.0,2023-09-28T07:00:00Z,2025-09-23T08:51:05Z,3.1.4,0.0,True,4.35747,13976,4.35747,13976
PatientPORTAL by InteliChart,6451454989,Patient Portal,apple,Health & Fitness,Health & Fitness,12+,62689280,12.2,2023-11-13T08:00:00Z,2025-02-06T23:33:27Z,2.0.8,0.0,True,2.56637,113,2.56637,113
Hypertension High blood pressure,519076558,Blood Pressure Tracker SmartBP,apple,"Medical, Health & Fitness",Medical,12+,250222592,16.0,2012-06-28T17:07:02Z,2025-09-09T07:41:48Z,9.6,0.0,True,4.50847,50252,4.50847,50252
Fever Care,1469151284,Kinsa,apple,"Medical, Health & Fitness",Medical,12+,29001728,15.0,2019-08-29T07:00:00Z,2025-09-23T17:49:50Z,3.15.0,0.0,True,4.84869,44519,4.84869,44519
Facebook,284882215,Facebook,apple,Social Networking,Social Networking,12+,387756032,15.1,2019-02-05T08:00:00Z,2025-09-24T11:52:33Z,532.0.0,0.0,True,4.50556,22551812,4.50556,22551812
Instagram,389801252,Instagram,apple,"Photo & Video, Social Networking",Photo & Video,12+,486228992,15.1,2010-10-06T08:12:41Z,2025-09-23T12:53:05Z,399.0.0,0.0,True,4.69099,28175055,4.69099,28175055
Facebook Lite,284882215,Facebook,apple,Social Networking,Social Networking,12+,387756032,15.1,2019-02-05T08:00:00Z,2025-09-24T11:52:33Z,532.0.0,0.0,True,4.50556,22551812,4.50556,22551812
"Messages, Text and Video Chat for Messenger",454638411,Messenger,apple,"Social Networking, Productivity",Social Networking,12+,184194048,15.1,2011-08-09T19:49:28Z,2025-09-23T23:35:16Z,526.0.0,0.0,True,4.64637,9916482,4.64637,9916482
Tumblr,305343404,Tumblr: Art & Blog for Fandoms,apple,"Social Networking, Lifestyle",Social Networking,17+,153698304,17.0,2009-02-25T04:36:53Z,2025-09-22T10:39:52Z,41.4,0.0,True,4.17802,356580,4.17802,356580
All Social Networks,6446901002,Threads,apple,"Social Networking, Entertainment",Social Networking,12+,137978880,15.1,2023-07-05T07:00:00Z,2025-09-22T12:47:46Z,399.0,0.0,True,4.62633,1400726,4.62633,1400726
Snapchat,447188370,Snapchat,apple,"Photo & Video, Social Networking",Photo & Video,12+,315768832,14.0,2011-07-13T23:51:40Z,2025-09-25T11:01:36Z,13.60.0.59,0.0,True,4.69664,4830250,4.69664,4830250
Social network all in one 2018,6446901002,Threads,apple,"Social Networking, Entertainment",Social Networking,12+,137978880,15.1,2023-07-05T07:00:00Z,2025-09-22T12:47:46Z,399.0,0.0,True,4.62633,1400726,4.62633,1400726
Pinterest,429047995,Pinterest,apple,"Lifestyle, Photo & Video",Lifestyle,12+,244586496,16.0,2011-04-28T15:51:13Z,2025-09-24T17:20:30Z,13.36,0.0,True,4.78475,5409656,4.78475,5409656
TextNow - free text + calls,314716233,TextNow: Call + Text Unlimited,apple,"Social Networking, Utilities",Social Networking,4+,279130112,15.0,2009-05-07T01:45:28Z,2025-09-23T15:29:10Z,25.37.1,0.0,True,4.81121,854039,4.81121,854039
Google+,962194608,Google Photos: Backup & Edit,apple,Photo & Video,Photo & Video,4+,366808064,18.0,2015-05-28T20:53:27Z,2025-09-25T18:16:53Z,7.47.1,0.0,True,4.74003,662214,4.74003,662214
The Messenger App,454638411,Messenger,apple,"Social Networking, Productivity",Social Networking,12+,184194048,15.1,2011-08-09T19:49:28Z,2025-09-23T23:35:16Z,526.0.0,0.0,True,4.64637,9916482,4.64637,9916482
Messenger Pro,454638411,Messenger,apple,"Social Networking, Productivity",Social Networking,12+,184194048,15.1,2011-08-09T19:49:28Z,2025-09-23T23:35:16Z,526.0.0,0.0,True,4.64637,9916482,4.64637,9916482
"Free Messages, Video, Chat,Text for Messenger Plus",454638411,Messenger,apple,"Social Networking, Productivity",Social Networking,12+,184194048,15.1,2011-08-09T19:49:28Z,2025-09-23T23:35:16Z,526.0.0,0.0,True,4.64637,9916482,4.64637,9916482
Telegram X,686449807,Telegram Messenger,apple,"Social Networking, Productivity",Social Networking,17+,153098240,13.0,2013-08-14T07:00:00Z,2025-09-05T22:07:56Z,12.0,0.0,True,4.01689,235998,4.01689,235998
The Video Messenger App,454638411,Messenger,apple,"Social Networking, Productivity",Social Networking,12+,184194048,15.1,2011-08-09T19:49:28Z,2025-09-23T23:35:16Z,526.0.0,0.0,True,4.64637,9916482,4.64637,9916482
Jodel - The Hyperlocal App,789870026,Jodel: Hyperlocal Community,apple,"Social Networking, Lifestyle",Social Networking,17+,150021120,16.0,2014-04-10T23:04:45Z,2025-09-23T14:18:34Z,7.164,0.0,True,4.37958,120021,4.37958,120021
Who Viewed My Facebook Profile - Stalkers Visitors,284882215,Facebook,apple,Social Networking,Social Networking,12+,387756032,15.1,2019-02-05T08:00:00Z,2025-09-24T11:52:33Z,532.0.0,0.0,True,4.50556,22551812,4.50556,22551812
"Hide Something - Photo, Video",510873505,Secret Photo Vault: Keepsafe,apple,"Photo & Video, Utilities",Photo & Video,4+,172657664,15.0,2012-04-06T23:03:27Z,2025-09-23T16:49:05Z,13.13.1,0.0,True,4.75032,358801,4.75032,358801
Love Sticker,1456027636,Stickmoji Cute Love Stickers,apple,"Social Networking, Utilities",Social Networking,4+,37998592,12.1,2019-03-29T06:04:24Z,2019-05-17T16:39:41Z,1.15,0.0,True,4.5625,2672,4.5625,2672
Web Browser & Fast Explorer,1411869974,Opera: AI browser with VPN,apple,Utilities,Utilities,17+,97125376,15.0,2018-10-02T04:10:26Z,2025-09-18T17:13:24Z,6.1.2,0.0,True,4.70113,208986,4.70113,208986
"LiveMe - Video chat, new friends, and make money",1089836344,LiveMe – Live Stream & Go Live,apple,"Social Networking, Entertainment",Social Networking,17+,580472832,10.0,2016-03-29T08:42:32Z,2025-09-18T07:47:00Z,4.8.90,0.0,True,3.98561,24806,3.98561,24806
VidStatus app - Status Videos & Status Downloader,1518427877,Rumble: Videos & Livestreams,apple,"Photo & Video, Social Networking",Photo & Video,17+,162329600,16.0,2020-07-21T07:00:00Z,2025-09-25T20:15:55Z,2.13.4,0.0,True,4.74843,491389,4.74843,491389
Love Images,682538338,Love Collage Maker & Editor,apple,"Photo & Video, Social Networking",Photo & Video,4+,204915712,9.0,2013-08-16T18:20:31Z,2023-12-28T14:42:29Z,2.8.0,0.0,True,4.66824,20570,4.66824,20570
Web Browser ( Fast & Secure Web Explorer),1411869974,Opera: AI browser with VPN,apple,Utilities,Utilities,17+,97125376,15.0,2018-10-02T04:10:26Z,2025-09-18T17:13:24Z,6.1.2,0.0,True,4.70113,208986,4.70113,208986
SPARK - Live random video chat & meet new people,912561374,Marco Polo - Video Messenger,apple,"Social Networking, Photo & Video",Social Networking,4+,221199360,16.0,2014-10-07T17:26:47Z,2025-09-22T18:31:27Z,0.1543.0,0.0,True,4.76344,2128693,4.76344,2128693
Golden telegram,686449807,Telegram Messenger,apple,"Social Networking, Productivity",Social Networking,17+,153098240,13.0,2013-08-14T07:00:00Z,2025-09-05T22:07:56Z,12.0,0.0,True,4.01689,235998,4.01689,235998
Amino: Communities and Chats,985746746,"Discord - Talk, Play, Hang Out",apple,"Social Networking, Games",Social Networking,17+,220697600,15.1,2015-05-21T07:08:40Z,2025-09-22T18:25:48Z,298.0,0.0,True,4.7078,3220665,4.7078,3220665
Facebook Local,487922291,Eventbrite,apple,"Entertainment, Lifestyle",Entertainment,12+,169712640,15.0,2011-12-18T19:03:15Z,2025-09-10T15:54:29Z,10.27.0,0.0,True,4.8952,1536219,4.8952,1536219
Meet – Talk to Strangers Using Random Video Chat,627958823,JusTalk - Video Chat & Calls,apple,"Social Networking, Utilities",Social Networking,12+,270980096,12.0,2013-04-05T21:29:48Z,2025-09-23T13:29:02Z,8.9.18,0.0,True,4.41916,64916,4.41916,64916
MobilePatrol Public Safety App,620067490,MobilePatrol: Public Safety,apple,"Social Networking, Reference",Social Networking,12+,57126912,12.0,2013-04-05T17:51:12Z,2023-08-02T11:43:44Z,6.8,0.0,True,2.03336,3507,2.03336,3507
"💘 WhatsLov: Smileys of love, stickers and GIF",974748812,GIPHY: The GIF Search Engine,apple,"Photo & Video, Social Networking",Photo & Video,17+,95083520,15.6,2015-03-25T18:30:22Z,2025-09-09T18:06:50Z,4.16.0,0.0,True,4.77134,629921,4.77134,629921
Phone Tracker : Family Locator,1669041518,Phone Tracker - Family Locator,apple,"Lifestyle, Social Networking",Lifestyle,4+,54680576,16.4,2023-05-31T07:00:00Z,2025-09-17T14:54:08Z,2.0.6,0.0,True,4.3671,37407,4.3671,37407
HTC Social Plugin - Facebook,284882215,Facebook,apple,Social Networking,Social Networking,12+,387756032,15.1,2019-02-05T08:00:00Z,2025-09-24T11:52:33Z,532.0.0,0.0,True,4.50556,22551812,4.50556,22551812
Periscope - Live Video,1361432382,VideoToLive - Live Wallpapers,apple,Photo & Video,Photo & Video,4+,56868864,15.0,2018-03-24T19:49:25Z,2025-03-16T08:20:42Z,1.32.0,0.0,True,4.07853,5412,4.07853,5412
Quora,456034437,Quora,apple,"News, Social Networking",News,12+,26400768,15.0,2011-09-29T07:00:00Z,2024-07-04T18:20:19Z,8.4.30,0.0,True,4.73316,424610,4.73316,424610
Kate Mobile for VK,564177498,"VK: social network, messenger",apple,"Social Networking, Photo & Video",Social Networking,12+,457069568,16.6,2012-10-04T00:12:14Z,2025-09-25T08:56:48Z,8.148,0.0,True,3.63219,17520,3.63219,17520
Family GPS tracker KidControl + GPS by SMS Locator,416436167,iSharing: GPS Location Tracker,apple,"Social Networking, Lifestyle",Social Networking,4+,323115008,15.1,2011-01-29T01:58:13Z,2025-09-24T16:31:16Z,12.9.6,0.0,True,4.82062,30293,4.82062,30293
LinkedIn,288429040,LinkedIn: Network & Job Finder,apple,Business,Business,12+,418860032,16.6,2019-02-03T08:00:00Z,2025-09-24T16:57:38Z,9.1.482,0.0,True,4.75911,528340,4.75911,528340
Moment,927098908,Pro Camera by Moment,apple,"Photo & Video, Travel",Photo & Video,4+,124258304,15.0,2014-11-18T21:38:36Z,2025-09-23T14:44:02Z,5.8.5,8.99,False,4.57432,9103,4.57432,9103
"Text Me: Text Free, Call Free, Second Phone Number",514485964,Text Me - Phone Call + Texting,apple,"Social Networking, Lifestyle",Social Networking,4+,206934016,16.0,2012-05-23T03:07:28Z,2025-08-06T23:19:30Z,3.44.7,0.0,True,4.70271,616101,4.70271,616101
Meetup,375990038,Meetup: Social Events & Groups,apple,"Social Networking, Lifestyle",Social Networking,12+,209107968,15.0,2010-06-13T00:27:57Z,2025-09-24T15:26:22Z,2025.9.20,0.0,True,4.72624,268367,4.72624,268367
Text Free: WiFi Calling App,399355755,Text Free: Second Call Number,apple,"Social Networking, Lifestyle",Social Networking,12+,173544448,16.0,2010-12-15T00:57:09Z,2025-09-17T16:33:13Z,v13.1.1,0.0,True,4.6834,526518,4.6834,526518
Badoo - Free Chat & Dating App,351331194,Badoo Dating: Meet New People,apple,"Lifestyle, Social Networking",Lifestyle,17+,163871744,16.0,2022-01-19T08:00:00Z,2025-09-15T10:25:32Z,5.430.0,0.0,True,4.56444,135149,4.56444,135149
Text free - Free Text + Call,314716233,TextNow: Call + Text Unlimited,apple,"Social Networking, Utilities",Social Networking,4+,279130112,15.0,2009-05-07T01:45:28Z,2025-09-23T15:29:10Z,25.37.1,0.0,True,4.81121,854039,4.81121,854039
textPlus: Free Text & Calls,314487667,textPlus: Text Message + Call,apple,"Utilities, Lifestyle",Utilities,12+,177384448,15.6,2009-06-01T07:00:00Z,2025-09-23T05:13:51Z,8.4.7,0.0,True,4.61777,259361,4.61777,259361
"Free phone calls, free texting SMS on free number",399355755,Text Free: Second Call Number,apple,"Social Networking, Lifestyle",Social Networking,12+,173544448,16.0,2010-12-15T00:57:09Z,2025-09-17T16:33:13Z,v13.1.1,0.0,True,4.6834,526518,4.6834,526518
Tango - Live Video Broadcast,988259048,17LIVE - Live Streaming & Chat,apple,"Social Networking, Entertainment",Social Networking,17+,763154432,15.0,2015-06-05T22:27:09Z,2025-09-20T07:16:10Z,3.313.1,0.0,True,4.68492,3177,4.68492,3177
MeetMe: Chat & Meet New People,372648912,"MeetMe - Meet, Chat & Go Live",apple,"Social Networking, Entertainment",Social Networking,17+,319122432,15.0,2010-05-28T04:56:10Z,2025-09-24T08:23:06Z,210.0,0.0,True,4.29413,369811,4.29413,369811
"Tagged - Meet, Chat & Dating",358899126,Tagged Dating: Chat & Go Live!,apple,"Social Networking, Lifestyle",Social Networking,17+,315591680,15.0,2010-03-17T23:54:55Z,2025-09-24T08:17:58Z,210.0,0.0,True,4.48784,460181,4.48784,460181
"ooVoo Video Calls, Messaging & Stories",627958823,JusTalk - Video Chat & Calls,apple,"Social Networking, Utilities",Social Networking,12+,270980096,12.0,2013-04-05T21:29:48Z,2025-09-23T13:29:02Z,8.9.18,0.0,True,4.41916,64916,4.41916,64916
"SayHi Chat, Meet New People",469609836,SayHi Chat - Meet New People,apple,"Social Networking, Photo & Video",Social Networking,17+,165417984,15.0,2011-10-15T00:50:54Z,2025-09-25T02:11:54Z,11.01,0.0,True,4.34839,5600,4.34839,5600
Whisper,6749479325,Whisper!,apple,"Social Networking, Entertainment",Social Networking,17+,69917696,15.6,2025-08-08T07:00:00Z,2025-09-01T18:35:03Z,1.2.9,0.0,True,3.93919,296,3.93919,296
"Tapatalk - 100,000+ Forums",307880732,"Tapatalk - 200,000+ Forums",apple,"Social Networking, News",Social Networking,17+,126123008,15.0,2009-06-10T07:00:00Z,2025-09-16T08:49:16Z,8.10.54,0.0,True,4.39443,15559,4.39443,15559
Blogger,6504722976,Blogging for Blogspot Blog,apple,"Productivity, Social Networking",Productivity,4+,110823424,12.0,2024-07-09T07:00:00Z,2025-08-21T14:49:59Z,0.1.17,0.0,True,4.61496,722,4.61496,722
Bloglovin',6478927764,Bloglovin,apple,Social Networking,Social Networking,17+,73757696,12.0,2024-05-16T07:00:00Z,2024-05-16T15:40:42Z,0.6.4,0.0,True,5.0,1,5.0,1
Blogaway for Android (Blogger),335703880,WordPress – Website Builder,apple,"Productivity, Social Networking",Productivity,17+,218583040,16.0,2009-10-29T01:14:16Z,2025-09-22T22:32:45Z,26.3.2,0.0,True,4.62094,22163,4.62094,22163
TwitCasting Live,365235835,Twitcast Viewer (TwitCasting),apple,"Entertainment, Social Networking",Entertainment,12+,86159360,16.0,2010-05-11T03:18:17Z,2025-09-24T01:15:23Z,6.304,0.0,True,4.64463,484,4.64463,484
Stream - Live Video Community,1601377257,Plamfy: Watch Streams&Go Live,apple,Social Networking,Social Networking,17+,192658432,15.0,2022-02-01T08:00:00Z,2025-09-24T10:35:05Z,1.2.40,0.0,True,4.79567,4385,4.79567,4385
YouNow: Live Stream Video Chat,471347413,"YouNow: Go Live, Make Friends",apple,"Social Networking, Photo & Video",Social Networking,12+,174899200,15.0,2012-03-21T00:23:45Z,2025-09-17T06:26:29Z,18.27.7,0.0,True,4.50286,27994,4.50286,27994
Mirrativ: Live Stream Any App,1077137248,"BIGO LIVE-Live Stream, Go Live",apple,"Social Networking, Entertainment",Social Networking,17+,246636544,13.0,2016-03-12T00:35:29Z,2025-09-24T01:52:17Z,6.37.1,0.0,True,4.46319,202107,4.46319,202107
Nextdoor - Local neighborhood news & classifieds,640360962,Nextdoor: Neighborhood Network,apple,"News, Social Networking",News,12+,307228672,17.0,2013-05-23T07:19:35Z,2025-09-25T12:09:41Z,6.165.2,0.0,True,4.708,1954855,4.708,1954855
"SKOUT - Meet, Chat, Go Live",302324249,Skout Dating App & Live Chat,apple,"Social Networking, Lifestyle",Social Networking,17+,318319616,15.0,2009-02-10T04:11:54Z,2025-09-23T12:03:00Z,210.0,0.0,True,4.37208,187642,4.37208,187642
Banjo,633298943,Banjo Legend,apple,"Music, Entertainment",Music,4+,50711552,8.1,2013-08-05T08:49:58Z,2016-04-08T22:48:57Z,1.1.0,0.0,True,4.41216,148,4.41216,148
We Heart It,429047995,Pinterest,apple,"Lifestyle, Photo & Video",Lifestyle,12+,244586496,16.0,2011-04-28T15:51:13Z,2025-09-24T17:20:30Z,13.36,0.0,True,4.78475,5409656,4.78475,5409656
Timehop,569077959,Timehop - Memories Then & Now,apple,"Social Networking, Photo & Video",Social Networking,4+,139456512,16.6,2012-10-22T07:00:00Z,2025-09-09T21:20:45Z,4.19.6,0.0,True,4.84696,169025,4.84696,169025
Frontback - Social Photos,1459645446,BeReal: Photos & Friends Daily,apple,"Social Networking, Photo & Video",Social Networking,12+,263517184,16.0,2020-01-08T08:00:00Z,2025-09-24T09:45:34Z,4.41.1,0.0,True,4.7769,1115502,4.7769,1115502
Path,1338908581,RidePATH,apple,"Travel, Navigation",Travel,4+,117240832,11.0,2018-01-24T23:24:12Z,2025-05-07T05:15:15Z,6.1.2,0.0,True,2.26067,234,2.26067,234
Couple - Relationship App,458035189,"Between, Couples Love Tracker",apple,"Social Networking, Lifestyle",Social Networking,4+,312840192,14.1,2011-11-21T16:52:22Z,2025-08-22T17:33:55Z,5.10.34,0.0,True,4.80206,20780,4.80206,20780
POF Free Dating App,389638243,Plenty of Fish : Dating App,apple,"Social Networking, Lifestyle",Social Networking,17+,91314176,17.0,2010-09-17T02:54:10Z,2025-09-19T16:38:53Z,27.00,0.0,True,4.28081,1788466,4.28081,1788466
LOVOO,445338486,LOVOO - Dating App & Chat App,apple,"Lifestyle, Entertainment",Lifestyle,17+,316988416,15.0,2012-08-07T06:53:27Z,2025-09-24T08:21:00Z,210.0,0.0,True,4.55295,9346,4.55295,9346
"Jaumo Dating, Flirt & Live Video",522681493,Jaumo Dating App: Flirt & Chat,apple,"Lifestyle, Social Networking",Lifestyle,17+,135847936,15.0,2012-05-21T20:52:01Z,2025-09-25T05:59:55Z,202509.1.1,0.0,True,4.72729,11437,4.72729,11437
Patook - make platonic friends,1510917465,Meete-Meet New Friends Nearby,apple,Lifestyle,Lifestyle,17+,256646144,13.0,2020-05-19T07:00:00Z,2025-09-05T05:56:58Z,1.90,0.0,True,4.3575,25354,4.3575,25354
Zello PTT Walkie Talkie,508231856,Zello Walkie Talkie,apple,"Business, Utilities",Business,12+,288282624,15.0,2012-03-29T20:21:28Z,2025-09-09T19:25:19Z,6.10.4,0.0,True,4.62335,33381,4.62335,33381
magicApp Calling & Messaging,463926997,magicApp Calling & Messaging,apple,"Utilities, Productivity",Utilities,4+,69654528,15.0,2011-09-30T20:50:50Z,2025-08-27T10:27:54Z,5.7.3,0.0,True,4.64557,24188,4.64557,24188
"Dating App, Flirt & Chat : W-Match",305939712,Match Dating App : Chat & Meet,apple,"Social Networking, Lifestyle",Social Networking,17+,161206272,16.0,2009-03-27T01:30:46Z,2025-08-14T13:29:36Z,25.08.01,0.0,True,3.88563,196828,3.88563,196828
uCiC- Videos and Photos on demand,6449206831,Scoopz: Your People Your Video,apple,"Entertainment, Social Networking",Entertainment,17+,131887104,15.0,2023-05-18T07:00:00Z,2025-09-22T22:15:33Z,3.9.8,0.0,True,4.84999,33964,4.84999,33964
"Mico- Stranger Chat Random video Chat, Live, Meet",908023218,"MICO: Make Friends, Go Live",apple,"Social Networking, Entertainment",Social Networking,17+,277883904,13.0,2014-08-18T19:36:01Z,2025-08-23T01:14:17Z,9.0.2,0.0,True,3.81662,1625,3.81662,1625
"Waplog - Free Chat, Dating App, Meet Singles",557997762,Waplog - Dating & Video Chat,apple,"Social Networking, Entertainment",Social Networking,17+,97865728,14.0,2013-02-04T21:29:41Z,2025-09-22T22:35:14Z,6.9.1,0.0,True,4.56669,48393,4.56669,48393
Amazon for Tablets,297606951,Amazon Shopping,apple,"Shopping, Lifestyle",Shopping,4+,237306880,15.0,2008-12-03T08:00:00Z,2025-09-22T17:25:11Z,25.18.2,0.0,True,4.83308,8216316,4.83308,8216316
Wish - Shopping Made Fun,530621395,Wish: Shop and Save,apple,"Shopping, Lifestyle",Shopping,12+,108638208,14.0,2012-06-14T23:29:05Z,2025-09-04T16:04:57Z,24.25.3,0.0,True,4.65947,2337819,4.65947,2337819
OfferUp - Buy. Sell. Offer Up,468996152,OfferUp - Buy. Sell. Simple.,apple,"Shopping, Lifestyle",Shopping,4+,136882176,15.1,2011-10-19T02:28:25Z,2025-09-20T04:17:43Z,2025.38.0,0.0,True,4.75678,4407854,4.75678,4407854
Shopee - No. 1 Online Shopping,785385147,The Grand Lazada 10.10,apple,"Shopping, Lifestyle",Shopping,17+,108295168,13.0,2014-01-02T22:38:49Z,2025-09-23T01:57:36Z,7.84.0,0.0,True,4.74001,119520,4.74001,119520
Shopee: No.1 Online Shopping,785385147,The Grand Lazada 10.10,apple,"Shopping, Lifestyle",Shopping,17+,108295168,13.0,2014-01-02T22:38:49Z,2025-09-23T01:57:36Z,7.84.0,0.0,True,4.74001,119520,4.74001,119520
Kroger,403901186,Kroger,apple,"Shopping, Lifestyle",Shopping,12+,245305344,16.0,2010-11-30T08:00:00Z,2025-09-24T13:26:56Z,86.3.0,0.0,True,4.77555,1266600,4.77555,1266600
"AliExpress - Smarter Shopping, Better Living",436672029,AliExpress - Shopping App,apple,"Shopping, Lifestyle",Shopping,17+,91462656,12.2,2011-05-27T02:51:53Z,2025-09-25T18:02:50Z,8.143.2,0.0,True,4.67824,524320,4.67824,524320
Walmart,338137227,Walmart: Shopping & Savings,apple,"Shopping, Lifestyle",Shopping,4+,453516288,16.0,2009-11-02T08:00:00Z,2025-09-24T13:11:58Z,25.37,0.0,True,4.82088,15094159,4.82088,15094159
eBay: Buy & Sell this Summer - Discover Deals Now!,282614216,eBay online shopping & selling,apple,"Shopping, Lifestyle",Shopping,12+,291660800,17.0,2019-01-31T08:00:00Z,2025-09-23T22:51:50Z,6.227.1,0.0,True,4.81963,4954850,4.81963,4954850
"letgo: Buy & Sell Used Stuff, Cars & Real Estate",468996152,OfferUp - Buy. Sell. Simple.,apple,"Shopping, Lifestyle",Shopping,4+,136882176,15.1,2011-10-19T02:28:25Z,2025-09-20T04:17:43Z,2025.38.0,0.0,True,4.75678,4407854,4.75678,4407854
Amazon Shopping,297606951,Amazon Shopping,apple,"Shopping, Lifestyle",Shopping,4+,237306880,15.0,2008-12-03T08:00:00Z,2025-09-22T17:25:11Z,25.18.2,0.0,True,4.83308,8216316,4.83308,8216316
Lazada - Online Shopping & Deals,785385147,The Grand Lazada 10.10,apple,"Shopping, Lifestyle",Shopping,17+,108295168,13.0,2014-01-02T22:38:49Z,2025-09-23T01:57:36Z,7.84.0,0.0,True,4.74001,119520,4.74001,119520
OLX - Buy and Sell,1582817937,dubizzle EG OLX,apple,"Shopping, Lifestyle",Shopping,12+,71325696,12.4,2022-04-13T07:00:00Z,2025-09-08T11:04:32Z,6.57542,0.0,True,4.67861,11111,4.67861,11111
The wall,1604353794,The Wall: See & Buy,apple,"Lifestyle, Shopping",Lifestyle,4+,174149632,15.0,2022-02-27T08:00:00Z,2025-09-17T11:30:51Z,12.21.2,0.0,True,4.4287,3058,4.4287,3058
Flipp - Weekly Shopping,725097967,Flipp: Shop Grocery Deals,apple,"Shopping, Lifestyle",Shopping,4+,106960896,16.0,2013-11-05T08:00:00Z,2025-09-17T11:45:09Z,87.1.0,0.0,True,4.78383,484136,4.78383,484136
"Shrimp skin shopping: spend less, buy better",1154027990,LTK: Shop People You Trust,apple,"Shopping, Social Networking",Shopping,12+,113006592,17.5,2017-03-05T21:12:06Z,2025-09-19T22:41:54Z,5.28.0,0.0,True,4.91378,459043,4.91378,459043
Lotte Home Shopping LOTTE Homeshopping,1154027990,LTK: Shop People You Trust,apple,"Shopping, Social Networking",Shopping,12+,113006592,17.5,2017-03-05T21:12:06Z,2025-09-19T22:41:54Z,5.28.0,0.0,True,4.91378,459043,4.91378,459043
"Horn, free country requirements",1054809074,Tomplay Sheet Music,apple,"Music, Education",Music,4+,422117376,13.0,2016-02-10T19:54:58Z,2025-09-02T18:31:44Z,5.3.0,0.0,True,4.71434,5517,4.71434,5517
Jiji.ng,966165025,Jiji Nigeria,apple,"Shopping, Lifestyle",Shopping,4+,149621760,15.0,2015-02-24T19:24:01Z,2025-09-20T09:52:11Z,21.1.1,0.0,True,4.22684,1058,4.22684,1058
GS SHOP,365438600,GS SHOP,apple,"Shopping, Lifestyle",Shopping,4+,124662784,13.0,2010-04-16T07:00:00Z,2025-09-26T00:16:12Z,6.0.74,0.0,True,4.7645,845,4.7645,845
The birth,1497946531,The Birthing Center,apple,Lifestyle,Lifestyle,4+,52669440,13.4,2020-02-09T08:00:00Z,2025-04-10T13:30:47Z,6.14.0,0.0,True,5.0,3,5.0,3
CJmall,366509410,CJ온스타일,apple,"Shopping, Lifestyle",Shopping,4+,235479040,14.0,2010-04-13T05:09:10Z,2025-09-19T12:47:36Z,8.5.2,0.0,True,4.82474,388,4.82474,388
Home & Shopping - Only in apps. 10% off + 10% off,723134859,Rakuten: Cash Back & Deals,apple,"Shopping, Lifestyle",Shopping,4+,142730240,17.0,2013-10-23T23:41:45Z,2025-09-25T11:24:18Z,12.18.0,0.0,True,4.82198,360721,4.82198,360721
EHS Dongsen Shopping,387682726,Taobao - Online Shopping App,apple,"Shopping, Lifestyle",Shopping,17+,247787520,12.2,2010-09-04T03:48:51Z,2025-09-23T15:41:17Z,10.53.30,0.0,True,3.62389,8439,3.62389,8439
bigbasket - online grocery,660683603,bigbasket: 10 min Grocery App,apple,"Shopping, Food & Drink",Shopping,12+,198528000,12.0,2013-06-26T19:47:25Z,2025-09-14T10:56:06Z,8.9.1,0.0,True,4.80299,10289,4.80299,10289
Bukalapak - Buy and Sell Online,328412701,Yahoo Finance: Stocks & News,apple,"Finance, News",Finance,4+,174663680,18.0,2009-09-08T03:58:36Z,2025-09-22T14:29:13Z,25.18.3,0.0,True,4.75086,600310,4.75086,600310
Life market,6742573012,LIFE market,apple,"Health & Fitness, Shopping",Health & Fitness,17+,10963968,13.0,2025-05-15T07:00:00Z,2025-09-04T08:16:45Z,1.2,0.0,True,5.0,1,5.0,1
Jabong Online Shopping App,1117424833,Joom. Shopping for every day.,apple,"Shopping, Lifestyle",Shopping,12+,138640384,14.0,2016-06-12T20:36:13Z,2025-09-19T13:45:56Z,4.98.0,0.0,True,4.67494,67082,4.67494,67082
Family Dollar,1196434600,Family Dollar,apple,"Shopping, Food & Drink",Shopping,4+,80465920,15.6,2017-06-05T22:59:30Z,2025-09-25T11:38:49Z,8.1.10,0.0,True,4.80314,655761,4.80314,655761
Jumia online shopping,925015459,Jumia Online Shopping,apple,"Shopping, Lifestyle",Shopping,4+,58499072,14.0,2014-10-16T23:58:46Z,2025-09-12T23:23:35Z,17.13.0,0.0,True,4.62944,53670,4.62944,53670
Mercado Libre: Find your favorite brands,1318994366,Econo To Go,apple,Shopping,Shopping,17+,98315264,14.1,2017-12-06T01:01:14Z,2025-08-28T06:17:53Z,3.8.0,0.0,True,4.71481,8135,4.71481,8135
"Carousell: Snap-Sell, Chat-Buy",548607187,"Carousell: Snap-Sell, Chat-Buy",apple,"Shopping, Lifestyle",Shopping,4+,237990912,13.0,2012-12-10T12:20:50Z,2025-09-22T03:36:11Z,2.426.0,0.0,True,4.69859,10023,4.69859,10023
Blibli.com Online Shopping,1034231507,Blibli,apple,"Shopping, Lifestyle",Shopping,4+,214402048,14.0,2015-12-16T00:11:19Z,2025-09-23T00:38:15Z,12.8.0,0.0,True,4.69503,705,4.69503,705
"Club Factory Everything, Unbeaten Price",892700751,18Birdies: Golf GPS Tracker,apple,"Sports, Health & Fitness",Sports,4+,319401984,16.0,2014-07-06T06:23:26Z,2025-09-22T09:47:49Z,16.5.1,0.0,True,4.91784,230261,4.91784,230261
"Real Estate, Car, Shopping and Others",906758940,Dearborn Real Estate Exam Prep,apple,"Education, Reference",Education,4+,143982592,15.0,2014-08-22T03:27:32Z,2025-09-15T13:27:58Z,30.2,0.0,True,4.7735,12481,4.7735,12481
ZALORA Fashion Shopping,585629514,Zalando – Online fashion,apple,"Shopping, Lifestyle",Shopping,4+,492778496,15.1,2022-05-24T07:00:00Z,2025-09-18T07:57:00Z,25.18.1,0.0,True,4.83112,8592,4.83112,8592
Magazine Luiza Online Shopping,436672029,AliExpress - Shopping App,apple,"Shopping, Lifestyle",Shopping,17+,91462656,12.2,2011-05-27T02:51:53Z,2025-09-25T18:02:50Z,8.143.2,0.0,True,4.67824,524320,4.67824,524320
ROMWE - Women's Fashion,1080248000,ROMWE - Ultimate Cyber Mall,apple,"Shopping, Lifestyle",Shopping,4+,207034368,12.2,2016-02-14T02:21:55Z,2025-08-01T14:55:50Z,13.2.2,0.0,True,4.6951,582592,4.6951,582592
Buscapé - Offers and discounts,1581302645,Seis: banca móvil en español,apple,"Finance, Utilities",Finance,4+,130037760,16.4,2021-09-17T07:00:00Z,2025-09-05T10:47:25Z,3.8.7,0.0,True,4.85608,67592,4.85608,67592
Myntra Online Shopping App,907394059,Myntra - Fashion Shopping App,apple,"Shopping, Lifestyle",Shopping,4+,104375296,12.4,2014-08-15T18:23:08Z,2025-08-30T07:59:32Z,4.2508.20,0.0,True,4.64674,17497,4.64674,17497
11st,397938216,11번가,apple,"Shopping, Lifestyle",Shopping,4+,140060672,15.0,2010-10-29T20:23:47Z,2025-09-25T05:39:23Z,10.2.2,0.0,True,4.7064,906,4.7064,906
Coupang,454434967,Coupang - Mobile Shopping,apple,"Shopping, Lifestyle",Shopping,4+,284869632,14.0,2011-08-12T07:59:11Z,2025-09-26T07:39:19Z,8.8.2,0.0,True,3.52745,419,3.52745,419
Wemep - Special price representative (special / shopping / shopping app / coupon / shipping),436672029,AliExpress - Shopping App,apple,"Shopping, Lifestyle",Shopping,17+,91462656,12.2,2011-05-27T02:51:53Z,2025-09-25T18:02:50Z,8.143.2,0.0,True,4.67824,524320,4.67824,524320
Target - now with Cartwheel,297430070,Target,apple,"Shopping, Lifestyle",Shopping,4+,256772096,16.0,2008-11-25T01:35:22Z,2025-09-24T19:53:32Z,2025.37.1,0.0,True,4.90521,6334008,4.90521,6334008
Flipkart Online Shopping App,742044692,Flipkart - Online Shopping App,apple,"Shopping, Lifestyle",Shopping,17+,77745152,14.0,2013-11-24T01:05:31Z,2025-09-09T12:48:52Z,10.44.2,0.0,True,4.61198,88744,4.61198,88744
Sam's Club: Wholesale Shopping & Instant Savings,382497397,Sam's Club: Pickup & Delivery,apple,"Shopping, Lifestyle",Shopping,4+,549072896,16.0,2010-08-25T20:59:24Z,2025-09-24T17:35:12Z,25.09.40,0.0,True,4.9027,4420422,4.9027,4420422
Chilindo,6752376844,Bright Auctions,apple,Shopping,Shopping,4+,8471552,15.0,2025-09-23T07:00:00Z,2025-09-24T05:55:40Z,1.0,0.0,True,0.0,0,0.0,0
Rossmann PL,791525539,Rossmann PL,apple,Lifestyle,Lifestyle,12+,523855872,15.0,2014-01-15T01:41:38Z,2025-09-14T05:56:26Z,5.89.0,0.0,True,2.97674,43,2.97674,43
"Jingdong - pick good things, go to Jingdong",407690035,HotelTonight: Booking Deals,apple,Travel,Travel,4+,43290624,17.0,2010-12-15T08:00:00Z,2025-09-17T13:30:27Z,25.9.1,0.0,True,4.88163,577442,4.88163,577442
CheckPoints 🏆 Rewards App,373392705,CheckPoints #1 Rewards App,apple,"Shopping, Lifestyle",Shopping,17+,39269376,16.0,2010-10-13T06:41:20Z,2024-12-30T18:10:19Z,5.94,0.0,True,4.00528,4167,4.00528,4167
Extreme Coupon Finder,962133447,"KCL: Coupons, Deals & Savings",apple,"Shopping, Lifestyle",Shopping,4+,87503872,13.4,2015-08-20T04:00:00Z,2025-06-09T21:56:47Z,2025.6.2,0.0,True,4.8901,160497,4.8901,160497
SnipSnap Coupon App,461062822,The Coupons App,apple,"Shopping, Lifestyle",Shopping,4+,168111104,13.0,2011-09-07T02:46:16Z,2023-06-09T17:05:46Z,7.0.2,0.0,True,4.3765,1984,4.3765,1984
Checkout 51: Grocery coupons,461062822,The Coupons App,apple,"Shopping, Lifestyle",Shopping,4+,168111104,13.0,2011-09-07T02:46:16Z,2023-06-09T17:05:46Z,7.0.2,0.0,True,4.3765,1984,4.3765,1984
Coupon Sherpa,521207075,RetailMeNot: Cash Back & Codes,apple,"Shopping, Food & Drink",Shopping,4+,75414528,15.0,2012-06-12T06:00:58Z,2025-09-09T13:36:13Z,9.19.3,0.0,True,4.8328,540580,4.8328,540580
Gyft - Mobile Gift Card Wallet,558314921,Gyft - Mobile Gift Card Wallet,apple,"Shopping, Lifestyle",Shopping,4+,70220800,12.0,2012-09-10T07:00:00Z,2025-08-19T05:54:12Z,2.7.3,0.0,True,2.7881,2520,2.7881,2520
SavingStar - Grocery Coupons,461062822,The Coupons App,apple,"Shopping, Lifestyle",Shopping,4+,168111104,13.0,2011-09-07T02:46:16Z,2023-06-09T17:05:46Z,7.0.2,0.0,True,4.3765,1984,4.3765,1984
